batch,image_id,label,area,centroid-0,centroid-1,axis_major_length,axis_minor_length,orientation,touches_border,ecd,aspect_ratio
Batch_1,img_4ih2ggld,1,7045.0,44.64627395315827,196.03122782114974,123.87895007387061,75.93245725938642,-0.7668754312068243,True,94.70993924958046,1.6314360754940176
Batch_1,img_4ih2ggld,2,8479.0,27.553249203915556,359.0305460549593,172.09121766230126,68.76511956171596,-1.468888425823423,True,103.90283008565957,2.502594611325459
Batch_1,img_4ih2ggld,3,15817.0,39.480242776759184,683.9721186065625,247.43965964495516,94.49724961220679,1.443918180459951,True,141.91134513870296,2.6184853068251828
Batch_1,img_4ih2ggld,4,56.0,2.4285714285714284,1932.4642857142858,10.336430987342991,7.477519407177216,1.4642001235217932,True,8.444016491289505,1.382334224023769
Batch_1,img_4ih2ggld,5,13929.0,91.95053485533778,2678.8037188599324,238.67341330794036,85.84483309938516,-0.13677306941095416,True,133.17264590979667,2.780288628805661
Batch_1,img_4ih2ggld,6,3848.0,18.31808731808732,4122.798336798337,118.81318942322231,44.5216725503775,-1.440380975313732,True,69.99589822368813,2.668659612659024
Batch_1,img_4ih2ggld,7,4488.0,18.87633689839572,4290.82486631016,131.56696777011513,48.76181756638922,-1.4422229506425635,True,75.59298298632889,2.6981555310358702
Batch_1,img_4ih2ggld,8,18527.0,44.51881038484374,6365.749284827549,258.4106155110531,104.4916720059842,1.316092779172927,True,153.58811492204845,2.47302594120854
Batch_1,img_4ih2ggld,9,4990.0,19.45170340681363,6538.602004008016,149.6845798566023,51.74230611471977,1.5691121809319226,True,79.70862769003404,2.892885746621558
Batch_1,img_4ih2ggld,10,11591.0,36.39435769131222,6730.226813907342,172.28205143817746,94.22229914151663,-1.459099116018915,True,121.48300112783382,1.8284636758801591
Batch_1,img_4ih2ggld,11,60.0,1.6833333333333333,6850.65,17.128217643042078,5.328512856461069,1.4338881904862264,True,8.740387444736633,3.2144461511945717
Batch_1,img_4ih2ggld,12,476.0,37.331932773109244,4057.2457983193276,35.35034554627947,19.462353268549307,-0.6108613756849435,False,24.61832697999475,1.8163448714809207
Batch_1,img_4ih2ggld,13,205.0,33.4,2362.8048780487807,29.850936211652964,12.004724973276913,1.025960395040262,False,16.15593100600236,2.4865989248485545
Batch_1,img_4ih2ggld,14,202.0,40.28217821782178,2610.8762376237623,26.900223108955938,11.069873452170242,0.9452496064411529,False,16.03728119216293,2.4300389001901523
Batch_1,img_4ih2ggld,15,179.0,44.245810055865924,547.6927374301677,20.710093582795967,12.220970830227609,0.09343385033085688,False,15.09668435477122,1.6946357102474365
Batch_1,img_4ih2ggld,16,183.0,47.14754098360656,4010.6721311475408,21.112544475603414,14.054377890141524,1.1396530507558582,False,15.26443044094783,1.5022041274706908
Batch_1,img_4ih2ggld,17,493.0,57.39756592292089,6577.31845841785,36.10634776126885,18.58944551206217,-1.3421784255939395,False,25.05408341078227,1.9423036441748869
Batch_1,img_4ih2ggld,18,5321.0,87.72185679383574,5159.082127419658,121.8554787924478,57.92610686367628,1.130056229753116,False,82.30982698035395,2.1036366051532407
Batch_1,img_4ih2ggld,19,18978.0,168.84086837390663,866.4933080408895,245.93935761252988,123.43744754906164,-0.08591353422862964,False,155.44626106788132,1.9924209589215496
Batch_1,img_4ih2ggld,20,127.0,65.02362204724409,3813.3622047244094,23.977696142134675,8.450031265110292,0.8340657001556132,False,12.716187407449045,2.8375866774762417
Batch_1,img_4ih2ggld,21,9298.0,121.50688320068832,6314.210260271026,134.27298644719477,90.34646036471867,1.1338164038135872,False,108.80524475845613,1.486200852862963
Batch_1,img_4ih2ggld,22,118.0,82.26271186440678,5904.703389830508,15.753274876525543,10.869037129623257,1.3882480414822083,False,12.257335203001883,1.4493717050234776
Batch_1,img_4ih2ggld,23,31.0,96.0,4506.709677419355,8.884762527464137,4.511935383798423,-0.4879285269022299,False,6.282549314314218,1.9691688314880966
Batch_1,img_4ih2ggld,24,38.0,99.1842105263158,937.5263157894736,14.306355000950724,4.056895425394815,-0.7425759672550417,False,6.955796338302048,3.5264293260796675
Batch_1,img_4ih2ggld,25,88.0,100.76136363636364,6862.340909090909,11.753302459048053,9.723361846792272,1.076343429197725,False,10.585134856802455,1.2087694199023824
Batch_1,img_4ih2ggld,26,2033.0,144.59272011805214,5382.191834727005,75.70038152520713,47.82935987519704,-0.5102144623295901,False,50.87726402280872,1.5827178478393815
Batch_1,img_4ih2ggld,27,79.0,107.9620253164557,4506.683544303797,12.488052937208014,8.490820888786349,-0.16465539350914724,False,10.02925341359355,1.470770977362239
Batch_1,img_4ih2ggld,28,80.0,111.7625,924.3375,16.70247406087894,6.978707634345065,-0.6916551014285159,False,10.092530088080641,2.3933477279774924
Batch_1,img_4ih2ggld,29,185.0,122.37297297297297,419.23243243243246,36.56105779617015,8.795821826596862,-0.7177433639982189,False,15.347615963921077,4.156639199490898
Batch_1,img_4ih2ggld,30,362.0,129.03591160220995,6851.4309392265195,28.822031464165693,18.67962431021472,-0.43841350186766787,False,21.468877828012552,1.5429663351636427
Batch_1,img_4ih2ggld,31,59.0,128.88135593220338,2146.35593220339,17.178323717998975,5.349679388787407,-0.06378636448284648,False,8.667244841319219,3.211094061824278
Batch_1,img_4ih2ggld,32,217.0,143.74193548387098,4577.437788018433,31.788941021708876,11.253439215705844,0.7795530191667627,False,16.622063085174787,2.8248200761010636
Batch_1,img_4ih2ggld,33,102.0,137.12745098039215,2613.2156862745096,18.327123078215628,8.938492281072287,-1.471610186960734,False,11.396070970426017,2.050359557508848
Batch_1,img_4ih2ggld,34,186.0,145.29032258064515,5495.586021505376,27.149961152991327,11.254329425403544,-0.702500623400397,False,15.389040103942165,2.4124014969481684
Batch_1,img_4ih2ggld,35,72338.0,327.7369847106638,4068.2022588404434,320.10127871758533,297.97792634885025,0.17747708542101107,False,303.4857528567893,1.0742449369985705
Batch_1,img_4ih2ggld,36,96.0,171.64583333333334,114.40625,14.563499807576337,9.224436960791316,1.4719792499999427,False,11.055812783082736,1.5787955264347115
Batch_1,img_4ih2ggld,37,95.0,178.93684210526317,6.526315789473684,15.068955914405207,8.441070110040606,-1.546097232991984,True,10.998079684646791,1.785194971485993
Batch_1,img_4ih2ggld,38,161.0,225.9937888198758,1427.6397515527951,25.981356372798352,9.580524547642703,-1.384476437654713,False,14.317526556719258,2.7118928868243533
Batch_1,img_4ih2ggld,39,474.0,242.53164556962025,982.4535864978903,31.979219085964562,23.580648605525173,0.1158135068212057,False,24.566553364370574,1.356163675602694
Batch_1,img_4ih2ggld,40,137.0,238.4087591240876,2881.2554744525546,18.17018566668932,11.158893042907595,-0.6588045634621609,False,13.207339536360731,1.6283143495346957
Batch_1,img_4ih2ggld,41,361.0,247.29916897506925,386.85595567867034,39.77905634861472,14.244250546085114,-1.0375789233933164,False,21.43920417481474,2.7926394737241957
Batch_1,img_4ih2ggld,42,1491.0,278.2984574111335,4816.1985244802145,79.15253967852598,30.51907393369448,0.7010968634426525,False,43.57063416109671,2.5935432985447795
Batch_1,img_4ih2ggld,43,9663.0,314.0378764358895,6942.05422746559,160.06794279962685,82.79421488164155,0.6747884902893457,True,110.9203034650369,1.9333227934880708
Batch_1,img_4ih2ggld,44,228.0,259.89473684210526,6700.881578947368,23.906067966034726,13.401754522572459,-1.4152235237891713,False,17.03815178355966,1.7838013616627542
Batch_1,img_4ih2ggld,45,45.0,262.7111111111111,6683.4,11.494961025990287,5.478595332147966,0.8229592524987475,False,7.569397566060481,2.0981584382658744
Batch_1,img_4ih2ggld,46,31.0,264.06451612903226,606.4516129032259,9.823483933104233,4.224537613353222,-1.3833339897581243,False,6.282549314314218,2.3253394411860504
Batch_1,img_4ih2ggld,47,20938.0,385.9164199063903,2218.9950807144905,238.95932127906136,115.36405897101297,-0.6250339527276854,False,163.2761145656793,2.0713498069542062
Batch_1,img_4ih2ggld,48,334.0,297.88922155688624,4888.422155688623,34.84081305247552,14.709295101866024,1.0997652487223386,False,20.62188177498708,2.3686256079025574
Batch_1,img_4ih2ggld,49,5852.0,356.97966507177034,2672.0150375939847,149.05498584424228,52.60636269007089,0.011306529286392128,False,86.31916250630663,2.833402239238552
Batch_1,img_4ih2ggld,50,30.0,303.76666666666665,3286.5333333333333,9.76162378835543,4.268701456617046,-1.4214111826984024,False,6.180387232371033,2.2867899963403713
Batch_1,img_4ih2ggld,51,41003.0,469.2512255200839,6818.6968026729755,363.5255848546216,171.3309076409551,-0.577353870932807,False,228.48772626286927,2.1217746982140198
Batch_1,img_4ih2ggld,52,289.0,325.24221453287197,4590.560553633218,27.7832958965139,15.320489964283915,0.8461544410422327,False,19.182445840623714,1.8134730652403452
Batch_1,img_4ih2ggld,53,213.0,322.6807511737089,4806.31455399061,21.15150375723735,13.110976964825312,-1.5008713954773165,False,16.46815177937675,1.613266792702291
Batch_1,img_4ih2ggld,54,412.0,337.15291262135923,121.4635922330097,46.94964782749662,15.69599854623284,-1.5305831197733666,False,22.903595622322865,2.991185791028561
Batch_1,img_4ih2ggld,55,44.0,333.52272727272725,3194.318181818182,10.975826488944435,5.160465719128915,1.2762820668972585,False,7.48482063701911,2.126906191481716
Batch_1,img_4ih2ggld,56,141.0,338.36170212765956,6122.886524822695,17.00710134686492,10.976684009823087,1.4312881720886748,False,13.398760233979036,1.549384252260991
Batch_1,img_4ih2ggld,57,986.0,361.40872210953347,4267.015212981744,42.51378886191655,32.197327959353046,0.14981486954727133,False,35.43182455235505,1.3204135733122744
Batch_1,img_4ih2ggld,58,547.0,360.5758683729433,2503.254113345521,44.08923016621113,18.370597723486917,-0.8860998364541672,False,26.390567083147985,2.3999888751492713
Batch_1,img_4ih2ggld,59,41.0,375.1707317073171,2703.8536585365855,11.65168366744807,4.634436963080298,-0.016993453873127444,False,7.225151993843567,2.5141530158398635
Batch_1,img_4ih2ggld,60,15421.0,473.2370793074379,5628.17327021594,180.89108298844585,116.06977042546126,0.005172384234012682,False,140.12361335392742,1.5584685170426191
Batch_1,img_4ih2ggld,61,10649.0,438.12761761667764,994.955394872758,155.6779871419138,103.62109518070629,-0.1445239246760675,False,116.44195082479831,1.5023773573366
Batch_1,img_4ih2ggld,62,43.0,378.69767441860466,939.7674418604652,11.23942696463489,5.148818066064598,0.3881626686578184,False,7.399277020331919,2.1829139853887933
Batch_1,img_4ih2ggld,63,9639.0,439.94439257184354,4263.16806722689,160.29032351464633,81.38339706341164,-1.0822581849638135,False,110.78247140997638,1.96957032144717
Batch_1,img_4ih2ggld,64,70818.0,547.978324719704,3102.5488576350645,359.3982416820247,269.0969770451555,-0.7554689412875878,False,300.2803324879183,1.3355714569090693
Batch_1,img_4ih2ggld,65,72.0,388.55555555555554,3101.847222222222,16.654957653601222,6.3395225412153255,1.2456483147196673,False,9.574614729634384,2.6271627784776936
Batch_1,img_4ih2ggld,66,190.0,397.13157894736844,2748.442105263158,22.049090667342586,13.472452027162406,0.5328133743921241,False,15.553633450087505,1.636605617365602
Batch_1,img_4ih2ggld,67,113.0,410.2300884955752,2111.141592920354,25.462413063536523,6.373506605700449,-0.2873943614907757,False,11.994835078277376,3.995039879736377
Batch_1,img_4ih2ggld,68,110250.0,564.5594829931973,1530.882358276644,468.0544843706373,312.7206497663933,-1.3516612050393628,False,374.6660643920819,1.4967175487780564
Batch_1,img_4ih2ggld,69,218.0,417.5275229357798,179.32110091743118,20.782541556503293,16.959810218508338,1.0126980544681174,False,16.66031874701878,1.2253994171363538
Batch_1,img_4ih2ggld,70,374.0,434.69251336898395,200.63636363636363,42.054953620601594,13.75214125126962,-0.894478349095512,False,21.821814538001895,3.0580658569602033
Batch_1,img_4ih2ggld,71,310.0,447.0741935483871,2095.516129032258,30.769254111276073,16.261555384946952,-0.0506831555162407,False,19.867165345562018,1.892147053765758
Batch_1,img_4ih2ggld,72,9547.0,523.4577354142663,2614.9101288362835,209.58670840188702,63.532259656244705,-0.9305118133597738,False,110.25251894440598,3.2989021567295436
Batch_1,img_4ih2ggld,73,508.0,459.4409448818898,4887.753937007874,44.38647687083985,18.54631298249081,-1.4924448068149456,False,25.43237481489809,2.393277678034669
Batch_1,img_4ih2ggld,74,97.0,454.7113402061856,2668.4742268041236,16.019830448719514,8.732011038182431,1.360480050820943,False,11.11324596323283,1.8346095050349411
Batch_1,img_4ih2ggld,75,2654.0,496.1804822908817,4136.49434815373,82.00196748300058,47.89066555298816,-0.8359993923299064,False,58.130695434745334,1.712274543194024
Batch_1,img_4ih2ggld,76,98.0,465.98979591836735,6956.591836734694,17.68729585301298,8.633258929493731,-0.3162227697314687,False,11.170383851240114,2.0487391838310347
Batch_1,img_4ih2ggld,77,1165.0,484.4068669527897,4911.6206008583695,59.3870395628871,27.041810974815515,-0.6571673589395044,False,38.51394643004615,2.1961191733125873
Batch_1,img_4ih2ggld,78,480.0,480.19375,5114.060416666666,34.555620453096154,21.858257036120666,1.3534251291959882,False,24.721548929484133,1.5808955122081854
Batch_1,img_4ih2ggld,79,140.0,483.65,6954.228571428572,18.020272898200442,12.90468865041612,0.46065265951092266,False,13.351162356249091,1.3964128377184342
Batch_1,img_4ih2ggld,80,111.0,488.3693693693694,4967.018018018018,14.821344154247313,11.08098696100585,1.0610904272106845,False,11.888212206450685,1.3375472966806867
Batch_1,img_4ih2ggld,81,37.0,487.7567567567568,6944.081081081081,11.371994345885078,4.185423970826069,-0.7891614207899149,False,6.863662517577698,2.717047167778467
Batch_1,img_4ih2ggld,82,185.0,499.12432432432433,2849.745945945946,27.255808156123873,10.875852380379884,0.8431931380394583,False,15.347615963921077,2.5060847833217696
Batch_1,img_4ih2ggld,83,21701.0,603.7316713515506,3550.693147781208,237.17396425753276,144.1906128329039,0.2742304689405218,False,166.22446077607762,1.6448641114549054
Batch_1,img_4ih2ggld,84,1682.0,528.038644470868,3780.4292508917956,87.46394825797994,27.608678859671343,-0.7248873147835195,False,46.27730452656619,3.1679874543269295
Batch_1,img_4ih2ggld,85,74015.0,621.9138012565021,4400.268337499156,338.00758251825556,284.0993256595858,-1.4702070947963353,False,306.9834277344187,1.189751442505231
Batch_1,img_4ih2ggld,86,957.0,514.3657262277952,4194.327063740857,58.465131788976564,25.76227108404208,1.3794193934476624,False,34.906879612929465,2.2694090749317364
Batch_1,img_4ih2ggld,87,118.0,499.97457627118644,4952.161016949152,16.692019089610824,9.359241493105046,1.4826918768501043,False,12.257335203001883,1.783479900791943
Batch_1,img_4ih2ggld,88,70.0,504.12857142857143,2009.442857142857,15.730450833140846,6.5296387260139355,-0.07278159012620045,False,9.440697438826296,2.4090844062277257
Batch_1,img_4ih2ggld,89,834.0,521.7350119904077,2178.505995203837,41.97849665028268,25.76355725185683,1.2486292167358195,False,32.586527589007176,1.62937502146592
Batch_1,img_4ih2ggld,90,368.0,525.8070652173913,5258.380434782609,36.315032917130225,14.679271984832404,0.49981504260253545,False,21.646065519224038,2.4738987706374895
Batch_1,img_4ih2ggld,91,7311.0,558.963342907947,2362.0309123238953,109.60770645852024,88.83986282798169,0.4209240436105342,False,96.48136769117018,1.2337671735350468
Batch_1,img_4ih2ggld,92,113.0,523.6194690265487,5556.433628318584,15.259917170268363,13.098833612731774,-1.3605216244492633,False,11.994835078277376,1.1649829001137981
Batch_1,img_4ih2ggld,93,6396.0,556.3860225140713,2240.501876172608,127.45995925863066,71.93607600285124,-1.158382430090026,False,90.24211947935454,1.7718503196307052
Batch_1,img_4ih2ggld,94,441.0,537.6009070294784,764.8299319727892,49.00950145327092,12.690310813044483,-0.9471171794440661,False,23.695962509005764,3.861962262019116
Batch_1,img_4ih2ggld,95,458.0,539.8711790393013,3370.495633187773,31.12771898453601,22.36663893356854,-1.5309679726282386,False,24.148368712786887,1.3917030214950432
Batch_1,img_4ih2ggld,96,246.0,531.1016260162602,3410.8333333333335,28.973586271830246,13.977437641464029,1.275512527580979,False,17.697935698969246,2.0728825279019802
Batch_1,img_4ih2ggld,97,32.0,532.375,6915.8125,11.940792208262486,3.5503494812620744,-0.8149878494143952,False,6.383076486422923,3.363272340169111
Batch_1,img_4ih2ggld,98,55411.0,662.6098067170778,3309.003122123766,425.98440142769704,171.95846868610374,-1.13033447082462,False,265.61527895307546,2.4772516566502873
Batch_1,img_4ih2ggld,99,33.0,537.7272727272727,5349.909090909091,7.382813740795138,6.024363812084382,1.2519499023731242,False,6.4820448144285745,1.2254926779132786
Batch_1,img_4ih2ggld,100,30.0,546.0,4243.5,11.21614834198928,3.3957841073637853,-0.1664101064633746,False,6.180387232371033,3.3029627288928562
Batch_1,img_4ih2ggld,101,326.0,564.5705521472393,2108.628834355828,30.246711756617493,16.121655559579697,-0.40589821903379825,False,20.37341629633241,1.8761541979877188
Batch_1,img_4ih2ggld,102,119.0,566.2857142857143,5523.546218487395,15.006132545773827,12.450779239864852,-0.3983585297939515,False,12.309163489997376,1.2052364158644189
Batch_1,img_4ih2ggld,103,479.0,584.9749478079332,694.1377870563674,56.080057316536326,12.15073233664528,-0.852628607028983,False,24.695783889727878,4.615364388153379
Batch_1,img_4ih2ggld,104,192.0,572.6041666666666,1066.453125,28.270377363587897,9.920198067204065,-1.4428151611329971,False,15.635280380893438,2.849779527794821
Batch_1,img_4ih2ggld,105,81.0,572.0617283950618,5039.604938271605,13.316435906273774,8.102175777384938,-1.0955660581968127,False,10.155412503859614,1.643562948046999
Batch_1,img_4ih2ggld,106,5695.0,622.7585601404741,1078.4395083406496,126.35947270374406,77.46412500609303,-1.2299838689318838,False,85.15338635231574,1.6311998966464167
Batch_1,img_4ih2ggld,107,42.0,577.0714285714286,1043.952380952381,14.995599260512064,4.4683856076117054,-0.861095156535166,False,7.312732791431452,3.3559322263879143
Batch_1,img_4ih2ggld,108,99.0,586.2323232323232,1127.6464646464647,14.37630062185211,9.056166666866643,0.740592244113435,False,11.227230955528665,1.5874598106116997
Batch_1,img_4ih2ggld,109,168.0,612.6785714285714,220.0297619047619,27.081664455040602,8.443765106008804,-0.9616463569490469,False,14.625465582862905,3.2072972323411246
Batch_1,img_4ih2ggld,110,3291.0,644.2175630507445,2152.259799453054,83.79228659478792,51.59743492049674,-0.5095026679307384,False,64.73199627482086,1.6239622516874768
Batch_1,img_4ih2ggld,111,119.0,610.655462184874,4969.991596638655,14.772041326817083,11.005910310249684,1.518550963120269,False,12.309163489997376,1.342191687048371
Batch_1,img_4ih2ggld,112,313.0,620.0958466453674,4167.987220447284,30.656451817369152,17.568317567636985,0.6965239559698341,False,19.963065333312567,1.7449850675423884
Batch_1,img_4ih2ggld,113,205.0,623.4243902439024,5792.019512195122,21.426237119672262,12.741301077028233,0.631182656002111,False,16.15593100600236,1.6816365134250242
Batch_1,img_4ih2ggld,114,302.0,662.774834437086,3952.526490066225,41.12626912508944,10.591431853558392,-0.5607282524154222,False,19.60913925979463,3.8829753798842876
Batch_1,img_4ih2ggld,115,192.0,663.3854166666666,6652.671875,30.527917762537633,9.038630688474239,0.4039067522871902,False,15.635280380893438,3.377493650832069
Batch_1,img_4ih2ggld,116,247.0,671.6315789473684,2441.2024291497974,28.09984781596782,11.99157567811098,-0.8244768879795612,False,17.733870630789692,2.3432990434493393
Batch_1,img_4ih2ggld,117,295.0,693.8237288135593,658.8644067796611,38.5373840907934,12.35261871725172,0.03788712828297302,False,19.38054864282415,3.1197744359236093
Batch_1,img_4ih2ggld,118,300.0,692.7633333333333,5619.846666666666,36.40910431797978,11.914617095829978,-0.3278485731857106,False,19.544100476116796,3.055835032308565
Batch_1,img_4ih2ggld,119,3878.0,706.3321299638989,5165.167354306343,117.54971530997327,50.3068037384807,1.5160883931368119,False,70.26822151216695,2.3366564077704877
Batch_1,img_4ih2ggld,120,205.0,697.6390243902439,3943.8243902439026,36.356459847712465,7.493756185889516,-0.14361696564727008,False,16.15593100600236,4.851566950652922
Batch_1,img_4ih2ggld,121,156.0,701.1282051282051,4252.608974358975,24.369345140039123,9.862645161537731,1.030052109473747,False,14.093451279891855,2.4708731522730343
Batch_1,img_4ih2ggld,122,96.0,706.9166666666666,679.8854166666666,16.02048228597841,11.114088661203688,-0.0274508693532775,False,11.055812783082736,1.4414571247664805
Batch_1,img_4ih2ggld,123,147.0,708.1428571428571,2125.122448979592,20.18744980283787,9.81785290796182,-0.5071011984122862,False,13.680870333281758,2.056198029455788
Batch_1,img_4ih2ggld,124,68.0,707.1764705882352,3610.0588235294117,19.928594110431987,5.0820188240863775,-0.30243757462221865,False,9.304852983362556,3.9213932101116646
Batch_1,img_4ih2ggld,125,125.0,709.024,1307.368,16.688245926173593,10.782135591224518,-0.5801361876923579,False,12.6156626101008,1.5477681378590715
Batch_1,img_4ih2ggld,126,683.0,717.882869692533,1910.7715959004393,52.03005514651112,19.135353681977705,-1.3208899389255846,False,29.489364337912,2.7190537479071897
Batch_1,img_4ih2ggld,127,1853.0,747.7765785213168,1929.964921748516,81.12110221889958,33.161676986004,-0.9944537647821616,False,48.572758583327925,2.446230395801064
Batch_1,img_4ih2ggld,128,164.0,729.2317073170732,4237.475609756098,17.82137280607461,14.370307944733687,1.3810442875327567,False,14.450303987687134,1.240152463998215
Batch_1,img_4ih2ggld,129,5151.0,770.6627839254513,4001.198213939041,96.53396176817013,73.8604905756816,0.9215693835165596,False,80.9843002990754,1.3069769915656873
Batch_1,img_4ih2ggld,130,187.0,746.8235294117648,1420.5294117647059,22.17421221932863,12.37237342571854,0.37074719797566447,False,15.430353037616328,1.792235932132063
Batch_1,img_4ih2ggld,131,36.0,746.25,4501.638888888889,8.360276995305831,5.803965495705531,-0.46698907589421584,False,6.770275002573076,1.44044222893671
Batch_1,img_4ih2ggld,132,278.0,750.5503597122303,780.0503597122303,36.01942108001242,10.93022369985252,-1.4279119596004202,False,18.81384047546846,3.295396514208435
Batch_1,img_4ih2ggld,133,128.0,753.484375,6755.984375,20.785487360818717,8.672122155115517,-0.9973157843372397,False,12.766152972845846,2.3968167178731172
Batch_1,img_4ih2ggld,134,2234.0,826.5004476275739,16.504923903312445,107.41151527401398,29.04221014919503,-0.3023857016180113,True,53.333077381099564,3.6984621598088374
Batch_1,img_4ih2ggld,135,17696.0,847.562047920434,6488.61556283906,182.17845485512572,127.14955118768431,-0.9592809718437744,False,150.10412047520026,1.4327888156381594
Batch_1,img_4ih2ggld,136,119.0,779.2100840336135,4315.882352941177,20.616232852216303,9.283198729890673,-1.4432128468303096,False,12.309163489997376,2.2208113229155333
Batch_1,img_4ih2ggld,137,141.0,790.0921985815603,6.574468085106383,23.465840636113487,11.038061691819925,-0.710849436709432,True,13.398760233979036,2.125902290753052
Batch_1,img_4ih2ggld,138,189.0,802.7619047619048,6772.05291005291,22.734431889421902,12.743838739533535,-1.0812237501407223,False,15.512648837479231,1.783954768581296
Batch_1,img_4ih2ggld,139,124.0,804.7741935483871,1229.766129032258,25.043698997047354,8.263382112524457,-0.6506242621172075,False,12.565098628628435,3.0306838841555788
Batch_1,img_4ih2ggld,140,11441.0,933.2630888908312,6955.947294816887,226.285312522524,70.17093768325259,-0.16132737213638432,True,120.69438110912618,3.2247725339507696
Batch_1,img_4ih2ggld,141,33.0,843.1515151515151,4874.424242424242,7.495779829385291,5.6747363617257385,0.4039623407988207,False,6.4820448144285745,1.32090362469381
Batch_1,img_4ih2ggld,142,189.0,857.7883597883598,4856.973544973545,22.009558614856804,12.762985327100592,0.1746560335575029,False,15.512648837479231,1.724483578941541
Batch_1,img_4ih2ggld,143,162.0,854.8641975308642,372.8395061728395,17.577438609742114,12.002284687324973,-1.499567566803523,False,14.361922094451577,1.4645077222926388
Batch_1,img_4ih2ggld,144,251.0,866.8486055776892,1232.2828685258964,24.920322905056917,13.48541600163837,0.11834684351318162,False,17.876888032555495,1.8479461740022924
Batch_1,img_4ih2ggld,145,137.0,863.8832116788321,2844.3138686131388,15.584199031208035,11.689831516169777,-1.4554472255259623,False,13.207339536360731,1.3331414579971863
Batch_1,img_4ih2ggld,146,9327.0,896.4649941031414,376.1057145920446,203.29391841088312,63.03638031643986,1.4405360605717237,False,108.97479173526722,3.2250252535179937
Batch_1,img_4ih2ggld,147,97.0,869.5051546391752,5352.721649484536,16.346301554791186,7.66109370926652,-0.4934982028040733,False,11.11324596323283,2.1336772757418987
Batch_1,img_4ih2ggld,148,275.0,873.1854545454545,2596.7272727272725,29.13718167575983,12.837044896693161,-1.1240189546253982,False,18.712051592547777,2.2697732936390684
Batch_1,img_4ih2ggld,149,189.0,883.8465608465608,2499.074074074074,33.19283454175541,8.28550259705632,-0.0640783337440355,False,15.512648837479231,4.0061341062819995
Batch_1,img_4ih2ggld,150,311.0,890.0225080385852,5755.961414790997,32.16787757363482,16.107343958073496,-0.4870075672816106,False,19.899183360445615,1.9970938509394212
Batch_1,img_4ih2ggld,151,8779.0,949.4026654516459,2746.310285909557,139.0850446250231,86.72624434795966,0.3021511627013375,False,105.72497322406846,1.6037249816444432
Batch_1,img_4ih2ggld,152,50.0,894.34,6404.46,10.986712356036797,6.207813754109283,0.8541547368171979,False,7.978845608028654,1.7698199062051605
Batch_1,img_4ih2ggld,153,40.0,899.85,2964.9,9.18845515602011,5.643783469075287,-0.550512131107712,False,7.136496464611085,1.6280665632137734
Batch_1,img_4ih2ggld,154,239.0,906.0502092050209,5772.0,32.67900884226998,11.592460562488403,0.9031079825151637,False,17.44431859350499,2.818988140275821
Batch_1,img_4ih2ggld,155,133.0,928.1503759398496,2307.7593984962405,18.423504129407586,10.67816958043904,-0.437609764898892,False,13.013103375051497,1.7253429055066658
Batch_1,img_4ih2ggld,156,183.0,940.75956284153,5798.448087431694,28.889071418004146,9.577690852147311,-0.37848248096879494,False,15.26443044094783,3.016287731977404
Batch_1,img_4ih2ggld,157,512.0,967.001953125,2641.146484375,48.79197518349183,18.1624550626961,-0.35245054240900453,False,25.532305945691693,2.686419595537266
Batch_1,img_4ih2ggld,158,224.0,951.2410714285714,379.9955357142857,39.37002963940024,8.42610062870083,1.5130401814764936,False,16.88803298257901,4.672390156996079
Batch_1,img_4ih2ggld,159,263.0,957.703422053232,3181.28897338403,20.808419201906478,17.547981765270873,-0.7720604452294823,False,18.29923496393627,1.1858012779046945
Batch_1,img_4ih2ggld,160,12524.0,1015.2959916959438,359.8006228042159,144.08285519907548,115.47761387579223,-1.2040090965729413,False,126.27767838483244,1.2477124384822418
Batch_1,img_4ih2ggld,161,60.0,968.0,1285.8333333333333,14.939261807427064,5.642754546440353,0.16315232918067657,False,8.740387444736633,2.647512253895799
Batch_1,img_4ih2ggld,162,187.0,969.2780748663101,1834.5775401069518,29.996046297801406,9.162528321977966,-1.2039917004619793,False,15.430353037616328,3.2737739239343484
Batch_1,img_4ih2ggld,163,21375.0,1045.2396257309942,1111.0568888888888,289.0684624891618,109.54257923772145,1.4743833182674306,False,164.97119526970187,2.638868506663935
Batch_1,img_4ih2ggld,164,461.0,988.644251626898,2842.396963123644,32.16074534976178,19.20669993557837,-0.8019536708548047,False,24.22732816723524,1.6744545110629556
Batch_1,img_4ih2ggld,165,1605.0,1002.5383177570094,711.4323987538941,54.25259679602707,39.677276025803685,0.9152143823810768,False,45.20563537104568,1.3673468098148795
Batch_1,img_4ih2ggld,166,2474.0,1019.300323362975,2857.0776071139853,80.37013639847723,42.54602156346712,-0.6232830689074149,False,56.12481299456411,1.8890164919083394
Batch_1,img_4ih2ggld,167,803.0,1009.9128268991283,757.544209215442,60.74324239558465,19.345287313572342,0.3792125866146114,False,31.975167777860612,3.139950387450083
Batch_1,img_4ih2ggld,168,170.0,1015.9470588235295,5283.9,29.236285277709598,9.162555643953665,-1.379347690030631,False,14.712264360219255,3.1908439537829723
Batch_1,img_4ih2ggld,169,163.0,1022.0184049079754,2108.865030674847,30.842463174433036,7.367908032906567,0.6751876532918322,False,14.406180819073164,4.1860543096743825
Batch_1,img_4ih2ggld,170,330.0,1021.9848484848485,4742.566666666667,31.88137216875102,15.02524109245639,1.3687556898466715,False,20.49802550887777,2.121854283240584
Batch_1,img_4ih2ggld,171,40.0,1043.125,2118.7,12.029765357618748,5.019436765279136,-0.06882460648094742,False,7.136496464611085,2.3966364993044715
Batch_1,img_4ih2ggld,172,376.0,1058.5,2870.19414893617,30.281284450241664,16.62394672482794,-0.67444776013375,False,21.880083839428522,1.821546047486812
Batch_1,img_4ih2ggld,173,357.0,1062.6218487394958,6252.100840336135,38.62392953619449,12.971599793357894,1.336806732448848,False,21.320096563347295,2.9775764093471233
Batch_1,img_4ih2ggld,174,1238.0,1090.9159935379644,4771.887722132472,62.71537723434776,36.505492900153726,0.8418750353408729,False,39.702273944726784,1.7179709751045071
Batch_1,img_4ih2ggld,175,31310.0,1152.0857872884062,2835.4304056212072,252.09851643812928,164.16338718621063,1.569446799086526,False,199.66254066714154,1.5356561579237749
Batch_1,img_4ih2ggld,176,92.0,1071.1630434782608,2922.9021739130435,16.098563177419564,8.303822366299865,0.3221560354588421,False,10.823032759612019,1.9386931062920834
Batch_1,img_4ih2ggld,177,189.0,1072.9259259259259,1564.3544973544974,29.86842500697977,10.514835752438811,-1.117449501511268,False,15.512648837479231,2.8405983422092054
Batch_1,img_4ih2ggld,178,122.0,1082.704918032787,6414.172131147541,19.265863302546773,9.694104634310188,-0.08932772077004843,False,12.463355264843006,1.9873793433546627
Batch_1,img_4ih2ggld,179,188.0,1090.090425531915,6158.712765957447,20.936355300026282,14.182888077237676,0.7037654925053166,False,15.471555655790098,1.476170099207604
Batch_1,img_4ih2ggld,180,96.0,1094.1354166666667,4743.125,12.934065274314188,11.25462361440853,-0.6381674763031555,False,11.055812783082736,1.1492223745053174
Batch_1,img_4ih2ggld,181,103.0,1096.378640776699,6396.9126213592235,16.786534072470243,8.364865168133758,-0.6518006617706057,False,11.451797811161432,2.006790753354773
Batch_1,img_4ih2ggld,182,30.0,1105.8,4748.266666666666,7.773043268862758,4.919554915092379,-1.148230176874965,False,6.180387232371033,1.5800297797299405
Batch_1,img_4ih2ggld,183,350.0,1127.0142857142857,2371.7628571428572,40.492627465564674,11.555261480112547,-0.6463983771582645,False,21.11004122822376,3.5042588638305987
Batch_1,img_4ih2ggld,184,2501.0,1150.8892443022792,4453.8004798080765,63.2183054161246,55.71816846911652,1.3636885738633517,False,56.43024101829304,1.134608461711466
Batch_1,img_4ih2ggld,185,315.0,1151.8031746031745,6667.279365079365,38.08926723766736,11.422594621345976,0.7117999851989159,False,20.026743534373637,3.3345547575056225
Batch_1,img_4ih2ggld,186,58.0,1163.4310344827586,2970.793103448276,12.797887265398261,7.278071455442578,-0.3353193380656778,False,8.593479713983122,1.7584173697316392
Batch_1,img_4ih2ggld,187,159.0,1187.125786163522,1945.440251572327,20.963706759561887,10.187494952461899,0.23695018686516434,False,14.228319915326999,2.0577881861424454
Batch_1,img_4ih2ggld,188,142.0,1190.4225352112676,1972.4859154929577,21.04800458134482,10.940713773919258,-0.1907449270515354,False,13.446189622059965,1.9238237117142731
Batch_1,img_4ih2ggld,189,1990.0,1205.2346733668342,4385.982412060302,87.6090038903499,30.119585121174925,-1.1387298026409154,False,50.33633572304378,2.9087055328912306
Batch_1,img_4ih2ggld,190,97.0,1192.278350515464,1270.4742268041236,19.22991162675479,8.671044382169718,-1.525491990050868,False,11.11324596323283,2.2177157420964524
Batch_1,img_4ih2ggld,191,563.0,1208.8952042628775,6169.849023090586,42.29045282419785,18.215024783381587,-0.5423467829283337,False,26.77375326109316,2.3217345750076275
Batch_1,img_4ih2ggld,192,168.0,1211.6666666666667,1707.0238095238096,20.3207590357675,11.878107086031635,0.3200121911313743,False,14.625465582862905,1.7107741905832976
Batch_1,img_4ih2ggld,193,166.0,1211.5843373493976,4933.295180722892,20.300729145620103,13.314054651326456,-1.27341657759595,False,14.538148590038452,1.524759337201427
Batch_1,img_4ih2ggld,194,17455.0,1258.7979948438842,3580.3484388427387,278.4948892380922,89.9641684428182,1.3936784107990385,False,149.07849024373792,3.09562011252408
Batch_1,img_4ih2ggld,195,87.0,1227.8735632183907,4263.597701149425,18.746638238649506,6.526241488706662,1.0879575163133093,False,10.524820207108489,2.872501465213881
Batch_1,img_4ih2ggld,196,139.0,1240.3381294964029,1994.7122302158273,17.783378702047322,11.119690354118358,0.2523406656339254,False,13.303394180365686,1.5992692364370522
Batch_1,img_4ih2ggld,197,118.0,1243.2372881355932,4273.771186440678,18.840922136499533,9.991168353108213,0.9815576887741493,False,12.257335203001883,1.8857576482172074
Batch_1,img_4ih2ggld,198,138.0,1248.9347826086957,2057.855072463768,21.521157706576975,11.068993211136819,-0.4405822332982858,False,13.255453865237978,1.9442741806837451
Batch_1,img_4ih2ggld,199,14330.0,1304.6794138171667,3366.474598743894,150.02279774733483,132.4504654627651,-0.33250329049147226,False,135.0759885251812,1.1326709741877783
Batch_1,img_4ih2ggld,200,268.0,1255.2164179104477,5293.865671641791,40.25903919388858,10.216683673889294,0.6283745207731853,False,18.47236308621676,3.940519299504038
Batch_1,img_4ih2ggld,201,108.0,1255.7777777777778,2000.3425925925926,19.889258944299872,9.574720161118773,-0.9235600185345922,False,11.726460285670077,2.07726791066611
Batch_1,img_4ih2ggld,202,150.0,1255.3266666666666,2937.846666666667,19.192639399915393,10.302703721641537,1.0124857909055387,False,13.81976597885342,1.862874049226509
Batch_1,img_4ih2ggld,203,224.0,1270.049107142857,2429.9553571428573,22.102536342149005,15.781326701138413,-0.34094489957817137,False,16.88803298257901,1.400549951263261
Batch_1,img_4ih2ggld,204,684.0,1285.657894736842,4994.505847953216,47.40275354080984,20.4789290527955,-0.5853899638307207,False,29.51094455619561,2.3147086167740336
Batch_1,img_4ih2ggld,205,39516.0,1418.5457789249924,5588.620128555522,250.93118603991934,207.42737528646055,0.5759428989818467,False,224.30633929908154,1.209730324617854
Batch_1,img_4ih2ggld,206,57.0,1310.561403508772,1965.298245614035,11.856194742845567,6.205523050767144,-1.5224695819227223,False,8.51907589177983,1.910587495340924
Batch_1,img_4ih2ggld,207,120.0,1315.35,1950.6083333333333,17.885572015902945,9.35727181854688,1.1737128906242063,False,12.360774464742066,1.9114088339778987
Batch_1,img_4ih2ggld,208,62.0,1319.0,6257.806451612903,21.98053639878721,4.4719771304309415,0.7131786678109417,False,8.884866446580956,4.915171915619581
Batch_1,img_4ih2ggld,209,211.0,1326.914691943128,337.9620853080569,23.968556808701003,12.468125470576007,0.613487088724466,False,16.39065416446578,1.9223865580487853
Batch_1,img_4ih2ggld,210,65.0,1330.753846153846,6375.0,19.703171274591785,4.626033900988523,-0.6661439305678905,False,9.09728368293446,4.259193014210612
Batch_1,img_4ih2ggld,211,38.0,1327.1842105263158,1952.5,9.143093713249836,5.531522680772975,1.2994750689889432,False,6.955796338302048,1.6529072085395808
Batch_1,img_4ih2ggld,212,2617.0,1362.1998471532288,6610.242262132212,79.85012799782521,46.32667061901293,-0.8312003675271237,False,57.72406680555278,1.7236319150691117
Batch_1,img_4ih2ggld,213,24467.0,1438.8890750807209,1536.603874606613,235.61700284053543,141.99322552857822,0.16275305128163417,False,176.5002887845661,1.6593538315890575
Batch_1,img_4ih2ggld,214,211.0,1344.0,5488.753554502369,23.690856619410358,12.623944057516871,-0.2240260852036899,False,16.39065416446578,1.8766604566267657
Batch_1,img_4ih2ggld,215,36.0,1346.3333333333333,6277.666666666667,11.067746427314038,4.236677172634445,1.1148011814561865,False,6.770275002573076,2.6123648265680597
Batch_1,img_4ih2ggld,216,164.0,1353.3353658536585,2732.506097560976,15.508782318200447,14.066722218807522,-0.6705173226283825,False,14.450303987687134,1.1025157159544148
Batch_1,img_4ih2ggld,217,36.0,1358.9166666666667,6299.055555555556,10.015792651448214,4.757574471003746,-0.6908302025936804,False,6.770275002573076,2.1052308718427892
Batch_1,img_4ih2ggld,218,82.0,1369.3658536585365,5473.024390243902,18.26632070626172,6.7423082103628005,0.6216664905743201,False,10.217907939900583,2.7092087956149395
Batch_1,img_4ih2ggld,219,316.0,1397.7721518987341,1696.379746835443,29.272539492895273,14.200399960999867,0.07245456476064491,False,20.0585068271871,2.0613883815448646
Batch_1,img_4ih2ggld,220,227.0,1398.092511013216,5341.898678414097,24.539000612175418,13.029402681018968,-0.2749281910976885,False,17.000746355818674,1.8833557618050636
Batch_1,img_4ih2ggld,221,128.0,1397.734375,1663.1796875,18.125268880065367,10.438109034343046,0.20563132598017614,False,12.766152972845846,1.7364513840993934
Batch_1,img_4ih2ggld,222,120.0,1398.75,6271.033333333334,32.436721106302244,5.206535581445249,1.2089925243432564,False,12.360774464742066,6.230000851602428
Batch_1,img_4ih2ggld,223,669.0,1418.6890881913303,279.4170403587444,31.55736046718664,30.854027182482962,1.5469536029171795,False,29.185565874723483,1.0227955099846087
Batch_1,img_4ih2ggld,224,117.0,1415.2564102564102,3754.2820512820513,14.866970411053533,11.889758331859449,0.38448166697909,False,12.205286835384658,1.2504013955621314
Batch_1,img_4ih2ggld,225,49542.0,1540.6686044164546,6099.342315610997,289.36655342995874,239.8258407521433,-1.465350484347713,False,251.15499900513512,1.206569536136913
Batch_1,img_4ih2ggld,226,31.0,1421.4516129032259,1696.9032258064517,11.872495324932467,3.7526465754625495,0.7058010073163589,False,6.282549314314218,3.1637659145849804
Batch_1,img_4ih2ggld,227,49.0,1424.2244897959183,5402.061224489796,14.476048469006237,5.644770084134577,0.11555821787140148,False,7.898654169668588,2.5645063046399734
Batch_1,img_4ih2ggld,228,118.0,1436.415254237288,305.95762711864404,15.225381090427156,10.296127206878623,-0.6668810111051513,False,12.257335203001883,1.4787483472674467
Batch_1,img_4ih2ggld,229,43.0,1438.0,268.3720930232558,12.890200444949315,4.544308177895897,-1.4414988071704347,False,7.399277020331919,2.8365594806375407
Batch_1,img_4ih2ggld,230,135.0,1443.0296296296297,3126.0666666666666,18.809435625992016,9.49783462533479,-0.44798295840039315,False,13.110581167104948,1.9803919912249475
Batch_1,img_4ih2ggld,231,84.0,1447.2380952380952,6547.8452380952385,14.027258044122858,9.887128306035468,-1.0974464909444412,False,10.341765891652821,1.4187393558511932
Batch_1,img_4ih2ggld,232,392.0,1463.4132653061224,1705.125,33.67639064558576,16.85047506265795,-0.2978971431731967,False,22.34076770248023,1.9985425052030394
Batch_1,img_4ih2ggld,233,17868.0,1534.498768748601,6398.75604432505,217.2847778411151,110.79297028758644,0.9824797698811916,False,150.83184075429128,1.9611783787103712
Batch_1,img_4ih2ggld,234,450.0,1479.3422222222223,4553.32,40.218429278593945,15.922490055660699,-0.6366185548643932,False,23.936536824085962,2.5258881706316814
Batch_1,img_4ih2ggld,235,165.0,1484.387878787879,519.569696969697,26.969012290865496,9.522200512132382,-0.19374836805757084,False,14.494292838262302,2.832224784229639
Batch_1,img_4ih2ggld,236,203.0,1484.2413793103449,2244.7980295566504,19.938942037311058,13.764611558921036,0.10837380703120382,False,16.07692842495848,1.4485655444732368
Batch_1,img_4ih2ggld,237,69743.0,1752.8426221986435,1283.679451701246,421.4336120147825,235.4249186737128,-0.22104389420050138,False,297.9925260278594,1.7900977279251755
Batch_1,img_4ih2ggld,238,65.0,1490.8153846153846,3358.7846153846153,13.961525470193864,6.094430140257341,-0.0571998712388935,False,9.09728368293446,2.290866438515666
Batch_1,img_4ih2ggld,239,369.0,1493.0325203252032,4606.658536585366,41.969056381636285,12.188686047152938,1.434835995152299,False,21.675455981530703,3.4432797940053197
Batch_1,img_4ih2ggld,240,31.0,1491.0967741935483,423.7096774193548,8.83523975690109,4.535320448460988,1.196940777791186,False,6.282549314314218,1.9480960292230804
Batch_1,img_4ih2ggld,241,176.0,1499.971590909091,685.5113636363636,26.888434123717758,9.657632127409626,0.3431203370040547,False,14.96964127403822,2.7841642515461795
Batch_1,img_4ih2ggld,242,4108.0,1557.1942551119766,5746.2429406037,149.65672675297756,41.94575701707083,0.7230299666752886,False,72.32197487466757,3.567863292873011
Batch_1,img_4ih2ggld,243,44.0,1504.0,5366.840909090909,11.580522095362461,5.562472002237974,0.4550276353080111,False,7.48482063701911,2.081902091498747
Batch_1,img_4ih2ggld,244,172.0,1520.3662790697674,3356.7383720930234,34.07803652697222,9.226055103480467,-0.11720041833899777,False,14.798554040663838,3.693673638922502
Batch_1,img_4ih2ggld,245,506.0,1520.7490118577075,6774.883399209486,49.85530422997217,14.22316020722648,0.6904693540902586,False,25.38226171238474,3.505219902159421
Batch_1,img_4ih2ggld,246,42.0,1512.2380952380952,1597.357142857143,10.352405594034265,6.41232780273394,-0.378763885670025,False,7.312732791431452,1.6144535826163542
Batch_1,img_4ih2ggld,247,45.0,1523.3555555555556,252.9777777777778,14.52257771647076,4.386558669719817,-1.2607051295934388,False,7.569397566060481,3.3106995277914204
Batch_1,img_4ih2ggld,248,174.0,1538.7241379310344,278.5977011494253,31.69964192880766,9.515460285750459,-0.46922118395163165,False,14.884343478431232,3.3313829259818717
Batch_1,img_4ih2ggld,249,683.0,1544.4436310395315,5944.484626647145,37.45198861159772,25.652017321518922,-0.2042011531580836,False,29.489364337912,1.4600016888410587
Batch_1,img_4ih2ggld,250,180.0,1544.4277777777777,228.48888888888888,29.372190963957497,9.93031661631543,-0.7298482018280822,False,15.138795132120961,2.9578302584732517
Batch_1,img_4ih2ggld,251,200.0,1547.24,3290.985,28.353430770492693,10.882911537951516,0.5417878704653384,False,15.957691216057308,2.6053166628817093
Batch_1,img_4ih2ggld,252,37.0,1544.7297297297298,1166.918918918919,7.745466155731219,6.42030512870602,-1.1278248604380543,False,6.863662517577698,1.2064015651063424
Batch_1,img_4ih2ggld,253,42.0,1548.8095238095239,5240.785714285715,10.340684210412944,6.380238104423159,0.9819719187551912,False,7.312732791431452,1.6207364115837883
Batch_1,img_4ih2ggld,254,47.0,1554.723404255319,807.0851063829788,11.95692607011641,6.259497409338054,0.23525695903537686,False,7.735777827895049,1.9102054507249748
Batch_1,img_4ih2ggld,255,252.0,1560.638888888889,4155.3650793650795,42.874009028883776,8.083714164864425,0.9579190795751975,False,17.91246396432554,5.303751240393201
Batch_1,img_4ih2ggld,256,57.0,1552.9649122807018,1246.4912280701753,14.934435768907559,5.3927775426762246,1.549106171452102,False,8.51907589177983,2.7693402241651124
Batch_1,img_4ih2ggld,257,230.0,1559.5347826086957,5231.095652173913,28.60387553168363,13.35991543703682,-1.5069221809842401,False,17.112717355495807,2.1410221993162453
Batch_1,img_4ih2ggld,258,248.0,1575.6532258064517,1695.733870967742,33.37728884645996,12.554243690059007,-0.010043830938778663,False,17.769732893161912,2.65864592646784
Batch_1,img_4ih2ggld,259,55.0,1571.9454545454546,3156.7272727272725,16.2308698805592,4.889068945286127,1.3252149804596736,False,8.368283871884005,3.3198283890450044
Batch_1,img_4ih2ggld,260,186.0,1582.989247311828,833.3817204301075,28.73308957813207,10.69775382871831,1.1779429644924628,False,15.389040103942165,2.685899305422189
Batch_1,img_4ih2ggld,261,73.0,1589.123287671233,1824.945205479452,19.56302729417756,5.328600823056161,1.1283481780675981,False,9.640875829802336,3.6713253523384397
Batch_1,img_4ih2ggld,262,45.0,1589.2,3896.3333333333335,9.32123831303553,6.389841302188506,1.3472590563508022,False,7.569397566060481,1.4587589694665855
Batch_1,img_4ih2ggld,263,105.0,1590.9142857142858,4580.714285714285,14.063173110524081,9.67095125196349,-1.0084804242169372,False,11.562445770562215,1.4541664769190972
Batch_1,img_4ih2ggld,264,6252.0,1635.0081573896352,45.022072936660265,109.37646407904258,76.79829387546535,-1.0411186465049247,True,89.22047765891101,1.4242043482945776
Batch_1,img_4ih2ggld,265,911.0,1620.649835345774,2065.7848518111964,45.35919591690786,28.82573864505808,0.19078066603713006,False,34.05761625912379,1.573565780063169
Batch_1,img_4ih2ggld,266,108.0,1603.851851851852,6203.972222222223,15.368568677420486,9.159040866381504,1.44038489991944,False,11.726460285670077,1.6779670384298877
Batch_1,img_4ih2ggld,267,142.0,1615.1760563380283,6350.1760563380285,23.039850224456448,10.103906566236857,-0.8222239930103331,False,13.446189622059965,2.2802912985603263
Batch_1,img_4ih2ggld,268,183.0,1622.0,5633.688524590164,26.552245695836003,10.552226062817136,-0.21592346865969775,False,15.26443044094783,2.5162696039462342
Batch_1,img_4ih2ggld,269,77.0,1617.1818181818182,5648.38961038961,19.953005958085964,5.4663448927699845,-1.0173235652693418,False,9.901487006738307,3.650154966342618
Batch_1,img_4ih2ggld,270,115.0,1620.304347826087,5766.095652173913,12.345338070114758,12.068601967685568,-1.3953093030104347,False,12.100518486599809,1.0229302534933349
Batch_1,img_4ih2ggld,271,211.0,1634.2274881516587,6313.0663507109,26.34099605910316,13.462336975897841,-0.17156733541960872,False,16.39065416446578,1.9566436426500462
Batch_1,img_4ih2ggld,272,44.0,1627.7045454545455,3917.318181818182,8.651701161453422,7.002901469846379,-1.1414998588951564,False,7.48482063701911,1.235445222056396
Batch_1,img_4ih2ggld,273,41.0,1627.8048780487804,5227.09756097561,10.640668169103092,4.994152447250157,-1.078562195455648,False,7.225151993843567,2.1306254227305335
Batch_1,img_4ih2ggld,274,313.0,1644.4025559105432,6735.23642172524,31.397213596565624,13.507755693384087,0.48171175080051937,False,19.963065333312567,2.3243841767099434
Batch_1,img_4ih2ggld,275,102.0,1652.362745098039,1639.2843137254902,14.12206811410322,10.982690005746703,1.3475422637811882,False,11.396070970426017,1.285847830241392
Batch_1,img_4ih2ggld,276,94.0,1662.5531914893618,2640.8297872340427,31.00496560195115,4.183590495522907,-1.3646093424318022,False,10.940041919714261,7.41108998003779
Batch_1,img_4ih2ggld,277,133.0,1668.1654135338347,6062.8421052631575,25.006404935491616,8.843298948711972,1.0768404123598838,False,13.013103375051497,2.8277235769727995
Batch_1,img_4ih2ggld,278,5347.0,1746.9601645782682,5352.417991397045,122.19500005180407,59.526545480342705,0.2298685987725267,False,82.51067716180079,2.052781646671504
Batch_1,img_4ih2ggld,279,46.0,1684.7608695652175,4876.934782608696,8.347581086194163,7.243296074615227,0.6881646342392569,False,7.653039857325812,1.1524561470639039
Batch_1,img_4ih2ggld,280,379.0,1690.324538258575,5059.377308707124,29.443427994952327,18.602427710718484,-1.2092128799052062,False,21.967197988242077,1.582773412848012
Batch_1,img_4ih2ggld,281,19378.0,1785.9108783156157,69.26592011559501,204.42816448787352,129.82560290818174,0.43663673364750405,True,157.0758921600574,1.574636742742138
Batch_1,img_4ih2ggld,282,53.0,1691.5094339622642,4820.1509433962265,13.44770889318788,5.6835370105424605,-0.5932650702894803,False,8.214724333230155,2.3660809929175377
Batch_1,img_4ih2ggld,283,299.0,1706.7224080267558,5037.645484949833,29.929330548177486,15.546716420125183,-1.5035532974272074,False,19.511499785403828,1.925122304889671
Batch_1,img_4ih2ggld,284,74.0,1705.554054054054,1632.972972972973,12.687334496684144,8.183709828314713,-1.125853786438128,False,9.706684619910241,1.5503157813327395
Batch_1,img_4ih2ggld,285,286.0,1713.8846153846155,5304.517482517483,26.34762051948087,16.10773450456013,-1.3203373714509206,False,19.08262324195121,1.6357123661320472
Batch_1,img_4ih2ggld,286,106.0,1718.2830188679245,6553.990566037736,16.673412034952822,8.745735941041564,-1.5109419624359695,False,11.617374563210365,1.9064618629415329
Batch_1,img_4ih2ggld,287,186.0,1722.0483870967741,5039.833333333333,28.972975421295803,11.359182469418164,1.1091354848962012,False,15.389040103942165,2.550621534542516
Batch_1,img_4ih2ggld,288,2859.0,1790.8167191325638,492.568030779993,96.95186061548375,44.46824819182446,0.0922737754641752,False,60.334002506031624,2.18024915659503
Batch_1,img_4ih2ggld,289,216.0,1753.875,4687.587962962963,24.24946947586705,11.691900680575928,-1.4875097277145126,False,16.583719174624104,2.074039981895617
Batch_1,img_4ih2ggld,290,33.0,1763.060606060606,5243.454545454545,10.786990182469614,3.818287373817292,0.14041886231060147,False,6.4820448144285745,2.8250859944272437
Batch_1,img_4ih2ggld,291,89.0,1780.0112359550562,4950.404494382023,25.386993933612956,5.741999253462847,0.2642428892390951,False,10.645107772184812,4.4212813016829875
Batch_1,img_4ih2ggld,292,424.0,1805.367924528302,611.0070754716982,53.880548521739996,11.995399367422594,-0.7117755481184648,False,23.23474912642073,4.491767791247546
Batch_1,img_4ih2ggld,293,104.0,1796.0673076923076,4956.3557692307695,16.67864442961071,9.349732324875866,-0.6037192580407388,False,11.507254783503184,1.7838633075340098
Batch_1,img_4ih2ggld,294,344.0,1803.5843023255813,4924.90988372093,36.47060348207985,13.957586723246623,-0.8995148309628722,False,20.928315827817965,2.6129591171615205
Batch_1,img_4ih2ggld,295,106.0,1807.188679245283,3111.0849056603774,15.262817337054539,9.698431774416914,1.1139113942604995,False,11.617374563210365,1.5737407543883213
Batch_1,img_4ih2ggld,296,119.0,1809.7394957983192,5395.302521008403,16.281458101080915,9.690729497630345,1.5516432722602735,False,12.309163489997376,1.6801065497764835
Batch_1,img_4ih2ggld,297,294.0,1816.1598639455783,4437.459183673469,26.60096127884556,14.65084220564343,-1.3974921850133537,False,19.347672370394786,1.8156608954943905
Batch_1,img_4ih2ggld,298,255.0,1838.2235294117647,5452.345098039215,36.18933349192394,11.109603546849655,0.5880835000963541,False,18.01877032173579,3.2574819919821647
Batch_1,img_4ih2ggld,299,79.0,1833.5569620253164,3401.7088607594937,13.593397877283683,7.60338256796325,-0.5164454141668345,False,10.02925341359355,1.787809275119114
Batch_1,img_4ih2ggld,300,305.0,1846.072131147541,1722.5934426229508,36.55242550952425,11.171341812659335,-0.6820033048237373,False,19.706294962377495,3.2719816582913195
Batch_1,img_4ih2ggld,301,25377.0,1963.2859676084643,6067.259053473618,289.79529643692405,137.39599135001012,1.2402569163485377,False,179.7526075659105,2.109197608965778
Batch_1,img_4ih2ggld,302,2508.0,1876.7787081339713,4908.238835725678,87.96832545088586,39.60779010998765,-0.8222365206564849,False,56.509156587192024,2.220985447726442
Batch_1,img_4ih2ggld,303,42.0,1846.0238095238096,5390.0952380952385,12.836485100287272,4.62127358468196,-0.8048503687862398,False,7.312732791431452,2.777694257885121
Batch_1,img_4ih2ggld,304,30.0,1858.8333333333333,606.3333333333334,11.597215206502662,3.626161041446992,0.21134346273324522,False,6.180387232371033,3.1982074358933827
Batch_1,img_4ih2ggld,305,178.0,1871.4550561797753,5567.6741573033705,29.1997832272368,8.87244141197934,0.6879713080381591,False,15.054455784347004,3.291065206450618
Batch_1,img_4ih2ggld,306,1080.0,1883.361111111111,45.08611111111111,54.58355397164106,26.205191386021845,1.026300618104156,False,37.0823233942262,2.0829290337011837
Batch_1,img_4ih2ggld,307,378.0,1890.1507936507937,4954.0,30.05600135788534,19.442438440389353,-0.6668012901448237,False,21.938198374294355,1.5458966965505505
Batch_1,img_4ih2ggld,308,144.0,1893.7777777777778,86.27777777777777,20.65490526813309,9.428984704727162,0.754781637187955,False,13.540550005146152,2.1905757528462084
Batch_1,img_4ih2ggld,309,90.0,1891.6333333333334,640.7777777777778,18.54434315270773,8.517269529872738,0.2786727038324505,False,10.704744696916627,2.1772638622820253
Batch_1,img_4ih2ggld,310,1054.0,1918.2912713472485,5398.370967741936,74.38290778474,19.106895295791197,0.6477604529206371,False,36.63324282875953,3.8929876692800436
Batch_1,img_4ih2ggld,311,4980.0,1939.4736947791164,4914.387148594377,90.55438059382257,75.80383264523246,-0.9520724578174725,False,79.62871927125985,1.1945884190001812
Batch_1,img_4ih2ggld,312,159.0,1908.0125786163521,4573.905660377359,24.115584944007615,9.140650604182479,0.31985802870373964,False,14.228319915326999,2.6382788259046976
Batch_1,img_4ih2ggld,313,647.0,1927.7928902627511,5455.922720247295,68.43554769865182,14.789124766964344,0.14223073490194263,False,28.701672171559103,4.627423784504259
Batch_1,img_4ih2ggld,314,901.0,1921.976692563818,6973.321864594895,50.34285422666708,27.626364691574118,-1.3953166636093193,True,33.87017611123954,1.8222757423462725
Batch_1,img_4ih2ggld,315,185.0,1919.0972972972972,4590.913513513514,25.116000871154696,12.376381251283346,0.0802978121566957,False,15.347615963921077,2.0293493195800134
Batch_1,img_4ih2ggld,316,1531.0,1970.860875244938,5434.3278902677985,102.8683660228991,20.724219988208738,-0.046690674093341863,False,44.1512145131879,4.963678540443362
Batch_1,img_4ih2ggld,317,96.0,1922.09375,3918.0,13.14685946183263,10.73248004691779,0.5831242688721331,False,11.055812783082736,1.2249600655542998
Batch_1,img_4ih2ggld,318,214.0,1928.9953271028037,535.303738317757,29.587509555498098,12.481014168459916,-0.8643871947272377,False,16.50676414605009,2.370601391533315
Batch_1,img_4ih2ggld,319,38.0,1926.3157894736842,4608.763157894737,11.777398763085687,4.479169730849768,0.7723686023501211,False,6.955796338302048,2.6293709483635332
Batch_1,img_4ih2ggld,320,279.0,1947.7347670250897,2231.4551971326164,27.226730646898428,17.868068590149274,1.4959585118555607,False,18.847647942942654,1.5237646144871313
Batch_1,img_4ih2ggld,321,258.0,1964.2054263565892,6443.736434108527,52.96655994258299,6.902215391084635,-0.5448045387396718,False,18.12445316531431,7.6738491834082945
Batch_1,img_4ih2ggld,322,155.0,1954.1741935483872,5646.793548387097,20.13102058484634,10.741555346088184,0.695731973130166,False,14.048207338801282,1.8741252952885983
Batch_1,img_4ih2ggld,323,376.0,1963.970744680851,2063.7952127659573,35.490647602436695,15.64994323192745,-0.18369431134135603,False,21.880083839428522,2.2677812357831577
Batch_1,img_4ih2ggld,324,118.0,1955.0084745762713,3918.2033898305085,20.19205558623489,8.67634025877253,-0.41354758969100497,False,12.257335203001883,2.327254923620472
Batch_1,img_4ih2ggld,325,89.0,1952.0112359550562,6424.056179775281,12.280941066709687,9.657163111146643,0.5013445384277784,False,10.645107772184812,1.2716924137415249
Batch_1,img_4ih2ggld,326,271.0,1973.8265682656827,5595.586715867159,27.223149062096706,13.856794756915027,0.6046559432590999,False,18.575465448360347,1.9646065009739282
Batch_1,img_4ih2ggld,327,61.0,1979.7377049180327,5656.639344262295,17.710788981727507,6.188178592260202,0.40641394092754557,False,8.812923024107548,2.862035850723359
Batch_1,img_4ih2ggld,328,175.0,1992.8628571428571,2053.6285714285714,22.689489531809738,12.433316478858226,-0.7574835049579204,False,14.927053303604616,1.824894393253099
Batch_1,img_4ih2ggld,329,374.0,1995.874331550802,2573.104278074866,38.17667432306644,14.107206305151234,-1.2206676470267284,False,21.821814538001895,2.7061824642860905
Batch_1,img_4ih2ggld,330,2881.0,2015.723012842763,6715.566817077403,89.61977439280882,46.89883843911159,-1.2591277504343634,False,60.56569266822599,1.9109167172479442
Batch_1,img_4ih2ggld,331,909.0,2007.8349834983499,1169.2299229922992,39.78658396201843,31.560675676944594,-0.7520786720833085,False,34.02021084832166,1.2606379017126985
Batch_1,img_4ih2ggld,332,78.0,1997.7051282051282,6423.538461538462,14.109382108345919,8.725013609756996,-0.7963827030933156,False,9.965574970333758,1.6171186360749856
Batch_1,img_4ih2ggld,333,21609.0,2102.9517793511964,6357.763015410245,222.6498685430827,131.56924068679575,0.7412796303894188,False,165.87173756304034,1.692263840551508
Batch_1,img_4ih2ggld,334,34925.0,2109.138095919828,1973.3497208303509,284.3205978373046,164.64121016351447,-1.427876445809132,False,210.87411197175334,1.7269102769284177
Batch_1,img_4ih2ggld,335,135.0,2012.3851851851853,1289.5037037037036,18.96865973568237,10.129947992116554,0.5093296082864767,False,13.110581167104948,1.8725327859969647
Batch_1,img_4ih2ggld,336,195.0,2019.8974358974358,5584.748717948718,18.257427500980334,16.425450992993724,-0.8493260851724269,False,15.756957549709801,1.111532798019856
Batch_1,img_4ih2ggld,337,586.0,2027.6058020477815,5803.5494880546075,37.605979260625766,21.6011475680734,1.0122762148283344,False,27.315167457198672,1.7409250662315545
Batch_1,img_4ih2ggld,338,636.0,2032.7232704402516,6407.61320754717,36.43352537761621,25.105525333008764,-0.7959284839126753,False,28.456639830653998,1.4512154155051034
Batch_1,img_4ih2ggld,339,41.0,2022.8292682926829,515.439024390244,11.356151327052217,5.497205349663079,0.6251630126554665,False,7.225151993843567,2.0658044596693537
Batch_1,img_4ih2ggld,340,179.0,2037.3128491620112,1085.0111731843576,25.23717852199675,10.915498804614963,-0.5261622102245983,False,15.09668435477122,2.3120499551817755
Batch_1,img_4ih2ggld,341,54.0,2037.2592592592594,5359.648148148148,14.53286292646376,5.494005658756446,0.19285928116752246,False,8.291859587312052,2.6452216887146847
Batch_1,img_4ih2ggld,342,137.0,2040.4160583941605,2485.4963503649633,18.647942688477283,10.102885161086807,-1.1626962026908925,False,13.207339536360731,1.845803687871599
Batch_1,img_4ih2ggld,343,60795.0,2194.8119582202485,502.15879595361463,302.1769502504629,269.9905165980435,-0.9049142200192338,True,278.2204128423617,1.1192132007374833
Batch_1,img_4ih2ggld,344,131.0,2052.4045801526718,1067.4885496183206,16.700672203628713,12.477494244195052,-1.141405173345925,False,12.914889870235298,1.3384636271339836
Batch_1,img_4ih2ggld,345,969.0,2067.482972136223,5761.311661506708,72.34286515357961,20.35580341385157,1.4414820694950918,False,35.1250497344612,3.5539184419688516
Batch_1,img_4ih2ggld,346,1169.0,2090.3875106929,353.18562874251495,50.705189270192655,32.17133424786216,-0.19834435703034486,False,38.580008136279666,1.576098425994318
Batch_1,img_4ih2ggld,347,1874.0,2087.5154749199573,4441.688367129135,73.4389425788226,37.59133602746922,-1.0915559971417497,False,48.84722005225778,1.9536135274670303
Batch_1,img_4ih2ggld,348,49.0,2069.3673469387754,4258.775510204082,10.083607064217794,6.478246861769691,0.10489192085563649,False,7.898654169668588,1.5565333151665683
Batch_1,img_4ih2ggld,349,299.0,2086.321070234114,4927.749163879599,42.28174986743964,9.646193834434417,0.5039712558337581,False,19.511499785403828,4.383257333737658
Batch_1,img_4ih2ggld,350,168.0,2077.8809523809523,1696.8154761904761,20.792945265333096,12.54804023798845,0.9471698002613832,False,14.625465582862905,1.657067149209777
Batch_1,img_4ih2ggld,351,113.0,2078.3451327433627,2158.221238938053,16.763444903985196,10.578682430626554,-0.4865549354112188,False,11.994835078277376,1.5846439302736808
Batch_1,img_4ih2ggld,352,870.0,2097.095402298851,6582.2206896551725,44.57960073597061,29.193308349513373,-0.9273861639927015,False,33.282403818227905,1.5270486031335229
Batch_1,img_4ih2ggld,353,322.0,2091.922360248447,896.6739130434783,40.60064916217369,11.14893870431236,1.334032038473271,False,20.248040236149336,3.641660452081375
Batch_1,img_4ih2ggld,354,320.0,2095.775,5700.728125,25.279744609165917,16.634057119216195,-1.0760383271345406,False,20.185060176161283,1.5197581941667104
Batch_1,img_4ih2ggld,355,448.0,2105.698660714286,6661.404017857143,42.76236928639868,16.180704567774082,-0.8342964586200118,False,23.883285285767386,2.6428002011460823
Batch_1,img_4ih2ggld,356,1014.0,2121.213017751479,2153.370808678501,50.979203977574414,31.5867278902998,-0.41567073762829865,False,35.93139154501889,1.6139438106607424
Batch_1,img_4ih2ggld,357,206.0,2096.4466019417478,6266.0679611650485,23.44308085156988,14.90981016061168,1.3645165640995913,False,16.195287778099022,1.5723259115331432
Batch_1,img_4ih2ggld,358,115.0,2101.3826086956524,3242.9304347826087,20.06394850899027,9.44508416273056,0.983284357671632,False,12.100518486599809,2.1242741899707767
Batch_1,img_4ih2ggld,359,249.0,2108.626506024096,4581.863453815261,27.62504098700103,15.612190215192035,-0.6734378361560643,False,17.805522925178455,1.7694532673653587
Batch_1,img_4ih2ggld,360,227.0,2109.6740088105726,5444.092511013216,37.315271507978146,9.652428655187492,0.9413656645777443,False,17.000746355818674,3.8658945681949017
Batch_1,img_4ih2ggld,361,133.0,2112.097744360902,2195.6015037593984,18.38190082110764,12.148766271066144,1.0104282261013366,False,13.013103375051497,1.5130672869134465
Batch_1,img_4ih2ggld,362,112.0,2112.598214285714,4381.919642857143,13.912839830789974,10.611494061164572,-0.8219172963779287,False,11.941642642883693,1.3111103630267773
Batch_1,img_4ih2ggld,363,46.0,2118.1521739130435,6554.891304347826,14.951940578806001,3.984962561186101,-1.4049125815396226,False,7.653039857325812,3.752090602917896
Batch_1,img_4ih2ggld,364,2041.0,2150.8941695247427,1799.7863792258697,69.43380671025031,41.178747846888804,-0.8453766186546452,False,50.97726856947582,1.686156338906169
Batch_1,img_4ih2ggld,365,88.0,2129.5795454545455,5729.840909090909,12.332407419827446,9.87863082952773,0.9245141454323671,False,10.585134856802455,1.248392376701157
Batch_1,img_4ih2ggld,366,105.0,2132.3333333333335,5334.133333333333,17.051013891813103,8.689388064975363,1.0113537918488258,False,11.562445770562215,1.962280170285092
Batch_1,img_4ih2ggld,367,156.0,2138.474358974359,4401.096153846154,19.589003548894137,11.080575717843448,-0.5319080098909226,False,14.093451279891855,1.7678687504792068
Batch_1,img_4ih2ggld,368,160.0,2144.99375,2087.65,27.322232361997486,7.825279148823839,-1.133187111432817,False,14.27299292922217,3.4915345308932646
Batch_1,img_4ih2ggld,369,73.0,2143.876712328767,2118.3698630136987,13.717631600525584,7.227995736044054,-0.9437309238833974,False,9.640875829802336,1.8978472181602815
Batch_1,img_4ih2ggld,370,581.0,2162.7607573149744,1059.275387263339,46.53428479662791,17.586691569192197,1.147778790602464,False,27.19838553096727,2.6459942515933568
Batch_1,img_4ih2ggld,371,69.0,2156.2608695652175,1396.7536231884058,13.168096404917513,6.678258505907258,-0.13778073581152647,False,9.373021315815206,1.9717859668459472
Batch_1,img_4ih2ggld,372,16626.0,2220.3051846505473,1666.8925778900518,164.9892875984189,144.52623414132742,1.2039338089004397,False,145.49529432516647,1.1415871213878122
Batch_1,img_4ih2ggld,373,281.0,2173.5480427046264,2099.2953736654804,40.94941490896975,9.769811367558823,0.19569873814433095,False,18.91508160359296,4.1914232904173
Batch_1,img_4ih2ggld,374,39821.0,2254.5166369503527,3180.0261168730067,382.46644674831106,149.37858388557135,1.5569284088272042,True,225.17031756183786,2.5603834016882385
Batch_1,img_4ih2ggld,375,74.0,2159.3783783783783,1428.1351351351352,15.699833422019264,6.642402613398272,-1.1204280092156118,False,9.706684619910241,2.363577508889842
Batch_1,img_4ih2ggld,376,10493.0,2253.9819879919946,2188.8650528924045,215.028897582614,75.96430918701779,0.7903574863549648,True,115.58590979399722,2.830656921439657
Batch_1,img_4ih2ggld,377,13500.0,2239.135777777778,54.76133333333333,151.785876528573,122.66124200941515,-0.8089835424405193,True,131.10581167104948,1.237439585985297
Batch_1,img_4ih2ggld,378,133.0,2165.2631578947367,359.85714285714283,20.918682733204662,9.935718884737971,1.1316531786999169,False,13.013103375051497,2.105402032392177
Batch_1,img_4ih2ggld,379,203.0,2171.522167487685,5167.374384236453,27.9428116039205,11.883798318405308,0.9881384316216587,False,16.07692842495848,2.3513367405977785
Batch_1,img_4ih2ggld,380,43.0,2168.139534883721,1397.0697674418604,10.95111305137338,5.1633775231514765,-0.9639690608897287,False,7.399277020331919,2.120920463838048
Batch_1,img_4ih2ggld,381,198.0,2171.121212121212,1500.3838383838383,22.547713647600357,12.934885041509425,1.3846256977346096,False,15.877702285203682,1.7431707800449978
Batch_1,img_4ih2ggld,382,93.0,2169.2688172043013,72.11827956989248,19.24242158910553,6.987294593115439,-1.4825877814247967,False,10.881694613449236,2.753915887282759
Batch_1,img_4ih2ggld,383,14818.0,2247.2717640707247,1817.1438115805101,161.1718867475508,126.11300111850014,0.7556508610361399,True,137.35670196202892,1.2779958078716096
Batch_1,img_4ih2ggld,384,37.0,2173.6216216216217,5717.486486486487,10.907621282583419,4.77893932452523,0.6824326887252201,False,6.863662517577698,2.282435607961407
Batch_1,img_4ih2ggld,385,322.0,2182.832298136646,1376.6055900621118,35.27649530491797,12.057167610669135,-1.2666885709674554,False,20.248040236149336,2.9257696702915985
Batch_1,img_4ih2ggld,386,387.0,2182.090439276486,5355.2583979328165,29.252998473431724,18.095164914032008,-1.455196792638838,False,22.197831060995757,1.616619611504469
Batch_1,img_4ih2ggld,387,151.0,2189.662251655629,2399.4900662251657,23.457360367589413,11.538805208828142,-0.23148222413467776,False,13.86575534383214,2.0329106820906024
Batch_1,img_4ih2ggld,388,157.0,2193.7388535031846,4415.203821656051,27.300451506752996,9.695336974922913,0.04863796980668827,False,14.138550439257221,2.8158331760273922
Batch_1,img_4ih2ggld,389,135.0,2193.0074074074073,3983.703703703704,19.89322832977216,9.030516102511095,0.46358725397944955,False,13.110581167104948,2.2028894145087117
Batch_1,img_4ih2ggld,390,291.0,2197.364261168385,4434.862542955327,29.44855610844389,14.369445509874847,-0.7819494550963149,False,19.248706645328987,2.049387089307413
Batch_1,img_4ih2ggld,391,117.0,2202.6581196581196,4271.495726495727,19.756393289321647,9.553402993414972,0.1822764547086306,False,12.205286835384658,2.067995383732839
Batch_1,img_4ih2ggld,392,47.0,2197.425531914894,4328.489361702128,12.099273980105384,5.059855416118827,-1.0165515472752213,False,7.735777827895049,2.3912291923523297
Batch_1,img_4ih2ggld,393,49.0,2202.3673469387754,5768.6122448979595,12.764282325634467,5.482641009429312,0.7512666812399436,False,7.898654169668588,2.3281265914879046
Batch_1,img_4ih2ggld,394,45.0,2204.4,5783.0,12.307221812068,5.490907852653825,-0.5433502990607316,False,7.569397566060481,2.2413819612943904
Batch_1,img_4ih2ggld,395,215.0,2210.827906976744,2257.344186046512,27.316998009428413,12.56604004117574,-1.4634308815085122,False,16.545286401814263,2.173874818154129
Batch_1,img_4ih2ggld,396,132.0,2218.6666666666665,1878.7878787878788,22.56461786491249,8.702543058699877,0.450975140805971,False,12.964089628857149,2.5928763250823312
Batch_1,img_4ih2ggld,397,256.0,2248.76953125,5281.9453125,34.235148193815434,9.968421292730895,-0.2940095711191116,False,18.0540666735282,3.43436008455824
Batch_1,img_4ih2ggld,398,279.0,2283.2043010752686,934.9784946236559,35.98247551998041,11.619344729933237,0.7142610460719697,False,18.847647942942654,3.0967732136635866
Batch_1,img_4ih2ggld,399,181.0,2277.508287292818,3805.6685082872928,22.78480562723916,12.734408850680827,-1.3304927540165863,False,15.180789096653193,1.7892315139560642
Batch_1,img_4ih2ggld,400,265.0,2283.6792452830186,2856.1735849056604,25.05877264625467,17.35308815560788,-0.21419131843334252,False,18.36868202552426,1.4440526332574755
Batch_1,img_4ih2ggld,401,45.0,2282.2444444444445,6732.555555555556,9.73697441817725,6.161466940491863,-1.0359367863915458,False,7.569397566060481,1.5803013328186353
Batch_1,img_4ih2ggld,402,195.0,2290.4205128205126,266.8205128205128,18.467718879161858,13.736294697274579,-0.18241417308139316,False,15.756957549709801,1.3444469040713025
Batch_1,img_4ih2ggld,403,952.0,2299.345588235294,3446.0220588235293,45.816840950257024,29.151143314118325,-1.2268504413640926,True,34.815571898044055,1.571699622774907
Batch_1,img_4ih2ggld,404,89.0,2290.483146067416,1315.7865168539327,12.929099680852524,9.79182907337956,0.7989168095852722,False,10.645107772184812,1.3203967904221354
Batch_1,img_4ih2ggld,405,462.0,2305.6688311688313,2861.6190476190477,45.748387437815644,17.713803923195556,1.54221074956968,True,24.253590861306396,2.58264050094344
Batch_1,img_4ih2ggld,406,95.0,2297.9473684210525,6023.652631578947,12.612074201193206,11.237746290262875,1.5024332184228577,False,10.998079684646791,1.122295687714639
Batch_1,img_4ih2ggld,407,77.0,2305.7012987012986,975.6363636363636,20.70648071773961,5.811739535709388,-0.791103182417892,True,9.901487006738307,3.562871424383638
Batch_1,img_4ih2ggld,408,157.0,2306.9681528662422,1756.2356687898089,19.35959621271985,11.38310394998061,1.3928572195849085,True,14.138550439257221,1.7007308637248129
Batch_1,img_4ih2ggld,409,97.0,2307.5257731958764,6446.618556701031,18.661229832133465,7.331424560905144,-1.2684154918330193,True,11.11324596323283,2.545375687508886
Batch_1,img_4ih2ggld,410,77.0,2308.6103896103896,4270.831168831169,20.073906467629183,5.390970833698319,1.3024989563971534,True,9.901487006738307,3.7236162255135152
Batch_1,img_4ih2ggld,411,51.0,2308.0588235294117,2163.823529411765,11.062821595478725,6.290480828218547,1.469607526486889,True,8.058239062071396,1.758660728421884
Batch_1,img_5n1q8atc,1,576.0,14.381944444444445,537.9756944444445,40.541078815670275,21.68639189872459,0.10487597117682969,True,27.081100010292303,1.8694247989705728
Batch_1,img_5n1q8atc,2,252.0,2.5793650793650795,582.8333333333334,46.76738971714504,7.968947784065648,1.5541904042981376,True,17.91246396432554,5.86870324469424
Batch_1,img_5n1q8atc,3,12338.0,28.58737234559896,2445.35200194521,246.4235476279153,78.06218881663898,-1.5651779183077261,True,125.33646517650973,3.1567593909868696
Batch_1,img_5n1q8atc,4,8748.0,41.72153635116598,2808.7892089620486,140.5349020352605,86.3364223468963,1.0041516171853904,True,105.5381425710307,1.6277591567391672
Batch_1,img_5n1q8atc,5,53.0,2.358490566037736,3674.0188679245284,10.149054661964927,7.163246764337313,-1.4567526796614954,True,8.214724333230155,1.4168232640668825
Batch_1,img_5n1q8atc,6,3392.0,26.073408018867923,4538.536261792453,101.99644433152126,49.51195939351944,1.289934533216061,True,65.71779466584124,2.060036516043666
Batch_1,img_5n1q8atc,7,189.0,4.26984126984127,4831.619047619048,35.592619975645846,7.425543501331634,-1.348144167122594,True,15.512648837479231,4.793267990317876
Batch_1,img_5n1q8atc,8,36934.0,118.31645638165377,5125.58366274977,243.63826936146907,210.893348808418,-0.1540128537288277,True,216.85439664726306,1.1552676778953213
Batch_1,img_5n1q8atc,9,65.0,1.8461538461538463,5274.738461538462,15.714293092669596,5.5652917163089946,-1.4714210824473593,True,9.09728368293446,2.823624329811701
Batch_1,img_5n1q8atc,10,1632.0,8.677083333333334,5384.873161764706,107.15063293716446,23.319023043302774,-1.5224314737163775,True,45.58428388170407,4.594988080683686
Batch_1,img_5n1q8atc,11,9533.0,18.320570649323404,6604.423476345327,290.52558880783107,49.44823072147787,-1.556956558771288,True,110.17165052753047,5.875348512351143
Batch_1,img_5n1q8atc,12,922.0,8.541214750542299,6851.661605206074,69.60718469887658,21.607823900612974,-1.400980521807891,True,34.262616074167774,3.2213880036712976
Batch_1,img_5n1q8atc,13,197.0,6.111675126903553,6986.390862944162,22.09091958090823,13.189256473519295,-1.1354522532267726,True,15.837556323903858,1.6749177351476359
Batch_1,img_5n1q8atc,14,1062.0,18.710922787193972,1416.1064030131827,57.44843002845826,25.696577925835552,1.1748152998662267,False,36.772005609005646,2.2356451584434183
Batch_1,img_5n1q8atc,15,80.0,7.225,2945.125,11.22857643702231,9.298337012495692,-0.7216241275981384,False,10.092530088080641,1.2075897466323968
Batch_1,img_5n1q8atc,16,234.0,27.15811965811966,1176.3974358974358,32.5671351002205,13.11525649836361,0.73842540609064,False,17.26088217525478,2.483148926922161
Batch_1,img_5n1q8atc,17,169.0,25.14792899408284,4968.786982248521,21.11885033248925,12.584188286115111,-0.3759830701886417,False,14.668929172241665,1.6782052089756907
Batch_1,img_5n1q8atc,18,98.0,33.61224489795919,3.0,18.805584288208795,7.127515565025341,-0.2891769463006765,True,11.170383851240114,2.6384487156348895
Batch_1,img_5n1q8atc,19,30.0,46.56666666666667,4911.666666666667,9.705939023678182,4.092170424084524,0.22561390004276274,False,6.180387232371033,2.371831575379595
Batch_1,img_5n1q8atc,20,9624.0,118.32034497090606,1670.7713009143806,197.31203001265965,65.88963594738966,-0.7088489953207283,False,110.69623922487705,2.99458370312147
Batch_1,img_5n1q8atc,21,433.0,70.93764434180139,4526.3394919168595,39.490276797747704,17.633613189363896,0.9316010795642167,False,23.480049464818542,2.239488661437075
Batch_1,img_5n1q8atc,22,90.0,63.48888888888889,2756.3444444444444,11.218669561223365,10.522836844282487,-1.3106078554683416,False,10.704744696916627,1.0661259627263873
Batch_1,img_5n1q8atc,23,1317.0,86.57555049354593,1256.42900531511,66.62072405763287,25.840127079187017,0.8079127128054905,False,40.94943809646488,2.578188716079987
Batch_1,img_5n1q8atc,24,63.0,78.9047619047619,2777.84126984127,14.12531156339354,6.8026855474191805,-0.0181546919697937,False,8.95623198216277,2.0764316481970027
Batch_1,img_5n1q8atc,25,3888.0,109.72788065843622,4992.224537037037,84.70979202902018,63.4129487420239,1.4955505275443033,False,70.35876171402047,1.33584376234633
Batch_1,img_5n1q8atc,26,69.0,84.78260869565217,544.8260869565217,22.92681381282219,4.835494012304868,-1.0088729504545144,False,9.373021315815206,4.741359156785303
Batch_1,img_5n1q8atc,27,39.0,98.61538461538461,2806.769230769231,9.015971290822064,6.898977523835969,0.33561506580212214,False,7.046725639945928,1.3068561623330242
Batch_1,img_5n1q8atc,28,46.0,105.45652173913044,3689.3695652173915,10.765656731100218,5.623545557539264,-0.18037245921771544,False,7.653039857325812,1.914389528980899
Batch_1,img_5n1q8atc,29,360.0,138.02777777777777,2791.0,35.34293341510274,14.351857825651452,-0.7264713285543191,False,21.409489393833255,2.4626033677628403
Batch_1,img_5n1q8atc,30,151.0,130.74172185430464,1729.5099337748345,16.400353641044525,12.16331595120115,0.8648831266450202,False,13.86575534383214,1.3483456079610394
Batch_1,img_5n1q8atc,31,113.0,140.8495575221239,5731.902654867256,14.591619058746858,11.380200442763185,0.04648878464089785,False,11.994835078277376,1.2821935019629513
Batch_1,img_5n1q8atc,32,5549.0,189.84952243647504,1894.7949180032438,124.55924402167103,59.714083039156236,0.609468848478064,False,84.05478114738874,2.085927434236811
Batch_1,img_5n1q8atc,33,220.0,154.9,5022.118181818182,23.67957137129957,12.685850079262062,-0.139397889074659,False,16.73656774376801,1.8666128973106242
Batch_1,img_5n1q8atc,34,35796.0,283.8034137892502,2561.9776511342047,352.7280027693022,137.11466033588695,-1.0730039265786575,False,213.4874299422331,2.5725039314193805
Batch_1,img_5n1q8atc,35,1008.0,193.5297619047619,225.23115079365078,99.48493774953656,15.825095676181704,1.3879939060338566,False,35.82492792865108,6.286529938600687
Batch_1,img_5n1q8atc,36,68.0,193.25,6888.911764705882,17.472363358275697,6.073390226998035,-0.5210973888700977,False,9.304852983362556,2.8768715174279134
Batch_1,img_5n1q8atc,37,5253.0,267.5511136493432,4695.603655054255,153.14721253683734,46.335910995573606,-0.008674825272809833,False,81.78219444655304,3.3051516468828517
Batch_1,img_5n1q8atc,38,453.0,226.43708609271522,4875.059602649007,31.804780376093447,19.544939223048814,-0.6866853727201502,False,24.016192740836935,1.6272642249297422
Batch_1,img_5n1q8atc,39,138.0,220.53623188405797,1625.6159420289855,24.852266205903582,8.693563995111486,-1.449492075669263,False,13.255453865237978,2.8586971028082804
Batch_1,img_5n1q8atc,40,58741.0,364.7409645732963,4995.807953558843,319.85875964330927,250.76236972450823,-1.2456906795456604,False,273.48009817405034,1.275545290127508
Batch_1,img_5n1q8atc,41,483.0,249.47412008281574,3965.935817805383,34.08806820532919,23.548317420428184,-0.6635895626929675,False,24.798683434954437,1.4475797823142034
Batch_1,img_5n1q8atc,42,21425.0,330.9316686114352,1944.3747024504084,261.1355635050964,113.74332852202927,-1.3248256634969242,False,165.16403133234203,2.2958319129417855
Batch_1,img_5n1q8atc,43,156.0,253.35897435897436,5302.076923076923,21.28902080509201,11.186328158540238,-0.6478690630543965,False,14.093451279891855,1.9031285783296854
Batch_1,img_5n1q8atc,44,1558.0,265.9460847240051,493.0070603337612,63.72487640953237,39.410568984407675,1.5360133777438452,False,44.538828124428505,1.6169489061359241
Batch_1,img_5n1q8atc,45,173.0,257.1445086705202,5627.404624277457,17.381638962394838,13.588081271898247,-0.7223684214801346,False,14.841510746523857,1.2791827348237985
Batch_1,img_5n1q8atc,46,40.0,255.375,5316.425,9.76400258974777,6.474894086191591,1.2342153287112594,False,7.136496464611085,1.507978734443017
Batch_1,img_5n1q8atc,47,201.0,266.40796019900495,3591.1990049751244,36.28790578664863,9.534999589704299,1.5656222116369538,False,15.99753570059363,3.8057585053104335
Batch_1,img_5n1q8atc,48,174.0,281.6609195402299,3775.6954022988507,16.818180422203564,13.729216615269083,-1.0420258078770717,False,14.884343478431232,1.224991992878826
Batch_1,img_5n1q8atc,49,390.0,288.174358974359,921.2410256410257,30.711831580464352,19.311835168298693,-0.9843114064222498,False,22.283703068536735,1.5903113977939964
Batch_1,img_5n1q8atc,50,75.0,298.17333333333335,140.34666666666666,11.833871104718558,8.253238099155483,-1.3550343790116544,False,9.772050238058398,1.4338458387538175
Batch_1,img_5n1q8atc,51,173.0,311.21965317919074,813.5606936416185,25.943504530307962,9.056002834615999,-1.1232371824634422,False,14.841510746523857,2.8647853809343515
Batch_1,img_5n1q8atc,52,291.0,321.29896907216494,4715.292096219931,35.6455546750595,11.47780824256901,-0.616082650771066,False,19.248706645328987,3.1056063946822974
Batch_1,img_5n1q8atc,53,64.0,322.78125,5305.6875,10.26717883703343,9.069559731782622,-0.22775026759273093,False,9.0270333367641,1.132048207483983
Batch_1,img_5n1q8atc,54,290.0,333.2551724137931,3015.9,21.495907665875016,17.375567707115398,0.5156998368504937,False,19.21560480373171,1.2371341200594164
Batch_1,img_5n1q8atc,55,296.0,335.3310810810811,2312.614864864865,31.43678890707258,13.64931887831093,0.9024819454946137,False,19.413369239820483,2.3031763846492246
Batch_1,img_5n1q8atc,56,142.0,336.67605633802816,1338.6760563380283,16.694227772807096,11.890387500486726,-0.21670353810576784,False,13.446189622059965,1.4040104052221787
Batch_1,img_5n1q8atc,57,184.0,342.17934782608694,5343.108695652174,24.544767284406667,12.977516331919848,-1.5630652396073434,False,15.306079714651624,1.891330101741864
Batch_1,img_5n1q8atc,58,175.0,355.3885714285714,4308.102857142857,23.726188795182463,12.23262741272795,1.1648433435752747,False,14.927053303604616,1.9395823967053516
Batch_1,img_5n1q8atc,59,10734.0,441.29392584311535,4716.2151108626795,177.5214033338534,79.9687918030187,0.101807858962113,False,116.90574525311935,2.219883523701708
Batch_1,img_5n1q8atc,60,42.0,359.4047619047619,5252.619047619048,7.650562373358284,7.518349866410722,0.9584312728150476,False,7.312732791431452,1.0175853091831015
Batch_1,img_5n1q8atc,61,2255.0,389.0,37.77206208425721,69.3826932250226,45.87070366249553,-0.37930106082170206,False,53.58316128577887,1.5125709371175569
Batch_1,img_5n1q8atc,62,74.0,362.1621621621622,4295.648648648648,11.637589746233123,8.73067291389886,-0.2759309439978291,False,9.706684619910241,1.3329544997278016
Batch_1,img_5n1q8atc,63,95.0,363.8315789473684,3643.0105263157893,12.453477542204872,10.08137992566106,1.2085796066182086,False,10.998079684646791,1.2352949332368572
Batch_1,img_5n1q8atc,64,307.0,382.7361563517915,5839.625407166124,32.7558375007373,12.33288637058731,-1.3161457338902074,False,19.77080019204319,2.6559749694002424
Batch_1,img_5n1q8atc,65,8120.0,434.0549261083744,2212.5567733990147,155.6954923292624,68.48088463797237,0.8044787094723532,False,101.67942320474444,2.273561347116855
Batch_1,img_5n1q8atc,66,201.0,409.39800995024876,5319.1592039801,25.80666314174784,11.05262816520835,-0.5243283097499624,False,15.99753570059363,2.3348892911264754
Batch_1,img_5n1q8atc,67,21489.0,473.4904835031877,2679.850528177207,227.0208492582446,128.20712223161033,-1.4619826947987073,False,165.4105334518147,1.770735083251647
Batch_1,img_5n1q8atc,68,250.0,412.864,780.496,35.97718118012093,10.472165121537783,-0.9259478690168392,False,17.841241161527712,3.4355055294275068
Batch_1,img_5n1q8atc,69,167.0,431.5688622754491,508.70059880239523,24.30252489916438,10.967421744080172,-0.01783958653814855,False,14.581872443920643,2.215883137008206
Batch_1,img_5n1q8atc,70,160.0,430.1125,4661.58125,18.726064729591602,12.084137318946082,0.26913206456547195,False,14.27299292922217,1.5496401799598878
Batch_1,img_5n1q8atc,71,108.0,431.49074074074076,5520.944444444444,18.18020972093433,8.34130494544057,1.0624098377790883,False,11.726460285670077,2.1795402325953557
Batch_1,img_5n1q8atc,72,31.0,429.7741935483871,5487.354838709677,8.217859167916407,5.4557710672963555,-1.2393468127203773,False,6.282549314314218,1.506269061980422
Batch_1,img_5n1q8atc,73,125.0,440.232,749.064,17.211568202810575,12.012793180605419,-1.4141944498128813,False,12.6156626101008,1.4327698765844523
Batch_1,img_5n1q8atc,74,143.0,445.006993006993,5488.426573426574,18.845071801797445,11.509497411099021,0.0810405905544271,False,13.493452297211721,1.6373496712049709
Batch_1,img_5n1q8atc,75,1485.0,463.810101010101,4640.076094276094,74.41097340995198,27.481037797178473,-1.4298068550440792,False,43.482878514786904,2.7077206457462055
Batch_1,img_5n1q8atc,76,355.0,474.5521126760563,199.7605633802817,58.35047742025541,9.236588977600867,0.4997615660101494,False,21.260292528114064,6.3173188242713705
Batch_1,img_5n1q8atc,77,83844.0,641.3859667954773,5607.398990983254,407.447001552924,276.6971810259849,1.2443064035363378,False,326.73153565086886,1.4725375952227728
Batch_1,img_5n1q8atc,78,159.0,492.9496855345912,4511.182389937107,20.15712483972344,13.82589208302542,-1.140530634019824,False,14.228319915326999,1.4579258046192272
Batch_1,img_5n1q8atc,79,72.0,499.56944444444446,6990.736111111111,16.309992403393505,8.387392045928838,-1.0671573713158815,True,9.574614729634384,1.944584480382102
Batch_1,img_5n1q8atc,80,594.0,512.1161616161617,11.604377104377104,34.48085662687448,22.853659319035874,0.7260045487115745,True,27.500987065425246,1.5087674208109758
Batch_1,img_5n1q8atc,81,96.0,503.9166666666667,1849.7604166666667,15.147136823829323,11.016717545831803,0.7438302157101757,False,11.055812783082736,1.3749228625327035
Batch_1,img_5n1q8atc,82,143.0,522.5664335664336,5389.895104895105,29.92430998153182,7.292743968892609,-0.6731588055408738,False,13.493452297211721,4.103299129816534
Batch_1,img_5n1q8atc,83,168.0,528.0892857142857,3473.690476190476,29.743826485755864,9.442889635596462,-0.8894785475327714,False,14.625465582862905,3.149864886023005
Batch_1,img_5n1q8atc,84,1989.0,554.9240824534942,5782.596782302665,74.816561398877,35.94316690824538,-0.4817293312234207,False,50.323686813251655,2.0815239121768663
Batch_1,img_5n1q8atc,85,93.0,529.8602150537635,2934.6021505376343,12.28245264617056,11.103396772700801,0.4607492463169893,False,10.881694613449236,1.1061887544511269
Batch_1,img_5n1q8atc,86,96.0,533.8229166666666,1842.7291666666667,12.565550586430563,10.736150360858664,-0.5738152135057838,False,11.055812783082736,1.1703962932785887
Batch_1,img_5n1q8atc,87,10116.0,577.3004151838671,5263.2808422301305,160.63715467816053,84.29227953371081,1.1572459111413556,False,113.49048962155774,1.9057161055173184
Batch_1,img_5n1q8atc,88,784.0,562.0663265306123,2633.887755102041,57.472325796467786,23.507849353048833,1.031123225367401,False,31.594616678674353,2.4448142802571584
Batch_1,img_5n1q8atc,89,92.0,548.8369565217391,5015.891304347826,13.925205010886629,8.672567619216462,-0.1558113113048655,False,10.823032759612019,1.6056611631406024
Batch_1,img_5n1q8atc,90,7776.0,628.9548611111111,2240.9360853909466,142.9964095691868,75.61853910700718,-0.02687126927242711,False,99.50231504774462,1.8910231704798441
Batch_1,img_5n1q8atc,91,302.0,570.0033112582781,4341.516556291391,23.075467384742094,18.935802105750412,-1.3926410317565572,False,19.60913925979463,1.2186157869559986
Batch_1,img_5n1q8atc,92,51.0,570.5294117647059,394.47058823529414,10.961565887453249,6.777465506584681,0.03508685929628956,False,8.058239062071396,1.6173547289622476
Batch_1,img_5n1q8atc,93,2076.0,589.6888246628131,2141.0655105973024,83.53879708023159,34.86785111908951,1.3892582269966662,False,51.41250134811764,2.3958688132201997
Batch_1,img_5n1q8atc,94,188.0,581.5425531914893,3766.8882978723404,26.938408959207997,9.98977678304991,-0.08741723689333115,False,15.471555655790098,2.696597686238152
Batch_1,img_5n1q8atc,95,119.0,579.1428571428571,5018.109243697479,15.504362027822433,10.163609654213394,-0.0568686299642505,False,12.309163489997376,1.5254779114224437
Batch_1,img_5n1q8atc,96,97.0,582.4948453608248,4982.4639175257735,14.02571900765978,9.241335399770787,-0.09732567139535192,False,11.11324596323283,1.517715611534634
Batch_1,img_5n1q8atc,97,52.0,582.7307692307693,394.7307692307692,8.965392130542071,7.670767814036409,-0.8426685117957887,False,8.136857890256438,1.1687737587542
Batch_1,img_5n1q8atc,98,113.0,585.787610619469,4359.592920353983,17.013815907684783,9.636182538175186,0.4598211791035125,False,11.994835078277376,1.7656178512893455
Batch_1,img_5n1q8atc,99,76.0,587.828947368421,6071.671052631579,16.181957139191226,7.646641939536088,-0.14084668519619364,False,9.83698151873187,2.1162174542951027
Batch_1,img_5n1q8atc,100,130.0,603.9461538461538,435.10769230769233,18.096806643886392,10.193351061443758,1.1594801384106648,False,12.865501965161373,1.775354006234257
Batch_1,img_5n1q8atc,101,146.0,607.3082191780821,410.0821917808219,21.065962471907152,10.720350714707502,-1.310722157908847,False,13.63425735166143,1.9650441513080594
Batch_1,img_5n1q8atc,102,84.0,613.3809523809524,3745.190476190476,14.37721649101695,8.065966669037952,0.4878625357216264,False,10.341765891652821,1.7824542402593089
Batch_1,img_5n1q8atc,103,33.0,610.3939393939394,3798.6060606060605,8.639552368679588,5.384995041760831,0.25673830349899773,False,6.4820448144285745,1.6043751761477119
Batch_1,img_5n1q8atc,104,50.0,612.92,6129.74,11.668964876540077,6.242696429434479,-0.25841327907144346,False,7.978845608028654,1.8692186955496666
Batch_1,img_5n1q8atc,105,1031.0,637.1280310378273,3795.447138700291,45.80826039074886,29.71693950832261,0.4371905997746809,False,36.23133961947795,1.5414864770283518
Batch_1,img_5n1q8atc,106,65.0,621.4923076923077,236.93846153846152,15.450879616717744,6.395395867377201,-1.3399142213779316,False,9.09728368293446,2.415937955542737
Batch_1,img_5n1q8atc,107,30.0,625.1,2302.0,8.076517652392681,4.754982924321538,-0.6282822138552792,False,6.180387232371033,1.6985376774081844
Batch_1,img_5n1q8atc,108,10999.0,726.2110191835621,4334.046186016911,252.21279687236745,66.70072406936183,-0.8962664523100186,False,118.3400259951892,3.781260254537752
Batch_1,img_5n1q8atc,109,1554.0,651.7001287001287,4330.080437580437,66.90293940308281,32.261381767624925,0.4289882742285892,False,44.48161701780234,2.0737778649711007
Batch_1,img_5n1q8atc,110,48.0,630.5,225.72916666666666,12.325773990072971,5.154449640960347,-0.41007537774387065,False,7.817640190446719,2.391288080908771
Batch_1,img_5n1q8atc,111,126.0,633.1825396825396,2291.84126984127,15.760552021389882,11.061251451790072,-0.4257499895556608,False,12.666024736934256,1.4248434808738852
Batch_1,img_5n1q8atc,112,86.0,634.3720930232558,273.6511627906977,18.35804471105144,6.8764133675422885,1.2024252114689264,False,10.464157913908982,2.669712207486564
Batch_1,img_5n1q8atc,113,369.0,643.159891598916,2154.528455284553,47.92914701038034,11.831280677709582,-1.0941313543901412,False,21.675455981530703,4.05105316288202
Batch_1,img_5n1q8atc,114,1226.0,646.4445350734095,3329.094616639478,65.03898729017442,26.452370133421745,1.4592142096786498,False,39.5093872623369,2.4587205971384654
Batch_1,img_5n1q8atc,115,187.0,645.6256684491979,222.09625668449198,25.91198993818374,10.62219151177438,0.8974181248500375,False,15.430353037616328,2.4394203314317084
Batch_1,img_5n1q8atc,116,213.0,644.7699530516431,1173.3521126760563,18.595507596985133,16.7991755452533,-0.4053806626581336,False,16.46815177937675,1.1069297744340434
Batch_1,img_5n1q8atc,117,2020.0,663.0490099009901,3845.591584158416,81.27110014895946,34.99114460799707,1.1990776643771437,False,50.71433604381535,2.322619081468553
Batch_1,img_5n1q8atc,118,207.0,647.0096618357488,3774.903381642512,24.759779289250176,11.68592864622744,0.8598133774748311,False,16.23454913941803,2.1187686523521054
Batch_1,img_5n1q8atc,119,35983.0,749.445960592502,1108.8988411194175,256.6211374667341,183.69500709266293,1.0590113260053806,False,214.04433778590212,1.3969957133199837
Batch_1,img_5n1q8atc,120,75.0,647.4,1113.3066666666666,10.457600868935863,9.48053477508455,0.46867051110889774,False,9.772050238058398,1.103060229937567
Batch_1,img_5n1q8atc,121,197.0,664.2842639593908,1767.0761421319796,32.04342314704367,9.037759168599868,-0.9239659297751939,False,15.837556323903858,3.545505312685583
Batch_1,img_5n1q8atc,122,1677.0,678.4883720930233,5246.470483005367,58.599599262088105,38.13515835051494,-1.16016793477328,False,46.208470181568096,1.536629236555847
Batch_1,img_5n1q8atc,123,79.0,676.379746835443,4699.46835443038,11.316841485422625,10.162511463810375,-0.31488467227632266,False,10.02925341359355,1.1135870818668125
Batch_1,img_5n1q8atc,124,293.0,688.6757679180887,2770.3037542662114,31.035297898109427,12.854135001218943,0.8967608347008986,False,19.314740138231286,2.414421343417226
Batch_1,img_5n1q8atc,125,165.0,690.4181818181818,3161.89696969697,30.90521085055765,9.06592471571858,-0.2775085177516752,False,14.494292838262302,3.408941924807066
Batch_1,img_5n1q8atc,126,21387.0,801.2358909617992,4794.145041380278,215.75705650541977,133.29473120461174,-0.016457956591505164,False,165.01749647613408,1.6186465478085978
Batch_1,img_5n1q8atc,127,40.0,688.775,5818.2,9.487761580706024,5.378882801072982,-0.28496545708039334,False,7.136496464611085,1.763890743039317
Batch_1,img_5n1q8atc,128,160.0,695.975,4299.125,18.224112581612776,12.289089494860999,0.4362120084108916,False,14.27299292922217,1.4829505952604267
Batch_1,img_5n1q8atc,129,66.0,702.4242424242424,6083.424242424242,13.07024050159431,6.955508456993914,-0.2723806523939286,False,9.166995688475081,1.8791207835355157
Batch_1,img_5n1q8atc,130,54.0,701.8148148148148,2070.6666666666665,11.852807976697893,6.012273397619138,-1.080274559079651,False,8.291859587312052,1.9714352945745295
Batch_1,img_5n1q8atc,131,139.0,708.9280575539568,4729.776978417266,23.877318299563765,7.9884407261796095,0.8319355429683007,False,13.303394180365686,2.988983597426384
Batch_1,img_5n1q8atc,132,41.0,712.5365853658536,5258.024390243902,9.063345948400098,6.2680332550082705,-0.24185623500723083,False,7.225151993843567,1.4459632838033083
Batch_1,img_5n1q8atc,133,8445.0,767.5957371225577,929.0246299585554,113.59546221675713,98.98483587988375,0.3758452325915232,False,103.69430049568032,1.1476046932542587
Batch_1,img_5n1q8atc,134,1101.0,743.7465940054495,2844.9673024523163,62.19691172356384,29.14637953255607,-0.11685461709863032,False,37.441110276718746,2.1339498325715143
Batch_1,img_5n1q8atc,135,250.0,734.208,3381.296,29.82058201570495,13.444954750560326,0.6616914111735701,False,17.841241161527712,2.2179756324179642
Batch_1,img_5n1q8atc,136,78280.0,908.1143203883495,1388.5042284108329,370.96956758450773,290.8828520029508,-1.219889334711435,False,315.70427865625857,1.2753229179035432
Batch_1,img_5n1q8atc,137,133.0,736.7293233082706,4258.729323308271,19.235165464825645,11.350631435534718,-0.06038032448807754,False,13.013103375051497,1.6946339570684417
Batch_1,img_5n1q8atc,138,231.0,733.2640692640692,5846.281385281385,25.79338515339265,12.688342797984562,1.3958645480681078,False,17.14987856615383,2.0328411333188217
Batch_1,img_5n1q8atc,139,237.0,741.1392405063291,6533.662447257384,25.665742477849648,14.642767781456937,0.444516534297093,False,17.371176474327626,1.7527931099441323
Batch_1,img_5n1q8atc,140,157.0,742.8025477707006,590.5095541401274,23.36803022481386,11.438468743734282,-0.9018459671858828,False,14.138550439257221,2.0429334335169913
Batch_1,img_5n1q8atc,141,77.0,741.1168831168832,4143.7532467532465,10.848751088871973,9.069436350172317,0.1624404057246595,False,9.901487006738307,1.1961880176452033
Batch_1,img_5n1q8atc,142,321.0,766.4859813084112,711.3582554517134,40.60886045321641,11.625150779436481,0.703040076173044,False,20.216574731145414,3.4931900001717557
Batch_1,img_5n1q8atc,143,43.0,763.0697674418604,6308.395348837209,15.621422072147281,3.516990964653206,0.10651456555472402,False,7.399277020331919,4.441700939566569
Batch_1,img_5n1q8atc,144,111.0,782.1441441441441,6561.648648648648,19.908944641258376,8.32840647453917,-0.6395495687327508,False,11.888212206450685,2.3904866677823846
Batch_1,img_5n1q8atc,145,41.0,789.0487804878048,113.92682926829268,10.965065465094755,5.020416226214453,-0.4400809271894394,False,7.225151993843567,2.1840948979170096
Batch_1,img_5n1q8atc,146,3541.0,817.5998305563401,6963.592487997741,73.1071939263929,65.31293962943964,1.4161695262292688,True,67.14567169898005,1.11933706155587
Batch_1,img_5n1q8atc,147,1085.0,808.3723502304148,667.289400921659,51.07011108611115,30.207174821301884,-1.4991976301068148,False,37.1680629847407,1.6906616189110433
Batch_1,img_5n1q8atc,148,161.0,797.6583850931677,5158.832298136646,23.08545822093914,10.56886682268844,1.0635515086184033,False,14.317526556719258,2.1842888748849627
Batch_1,img_5n1q8atc,149,79.0,798.9746835443038,5114.405063291139,16.842351895846416,8.08051014733713,1.183825417419873,False,10.02925341359355,2.084317894384018
Batch_1,img_5n1q8atc,150,292.0,807.1917808219179,1524.554794520548,21.82010737649169,18.556462144469542,0.9406668302873203,False,19.281751659604673,1.175876479396415
Batch_1,img_5n1q8atc,151,17058.0,915.5850627271661,4227.073338023215,254.43074013119946,87.0442499281988,-0.23195858907407274,False,147.37340382203433,2.923004567689132
Batch_1,img_5n1q8atc,152,144.0,812.2777777777778,4915.111111111111,15.430038493140817,12.685671357054977,0.9971096484362431,False,13.540550005146152,1.2163359792983754
Batch_1,img_5n1q8atc,153,57.0,818.8245614035088,5718.368421052632,17.76302173048382,5.981284720901161,0.5979235594158617,False,8.51907589177983,2.96976695799353
Batch_1,img_5n1q8atc,154,16383.0,871.3440761765245,960.9970701336752,206.64250475140398,111.36642219723272,1.5067744838187165,False,144.42812558984545,1.8555189317785115
Batch_1,img_5n1q8atc,155,213.0,835.1032863849765,1239.206572769953,32.448138441559735,10.825638223977396,0.5293895694408371,False,16.46815177937675,2.997341844445834
Batch_1,img_5n1q8atc,156,887.0,844.4047350620068,3595.1916572717023,61.918257695314765,19.63312434243127,-0.9873423786306125,False,33.60600357347016,3.153764862655941
Batch_1,img_5n1q8atc,157,268.0,848.5223880597015,2888.507462686567,36.28699232868826,11.845670261022102,-0.11119234040397169,False,18.47236308621676,3.0633127150339265
Batch_1,img_5n1q8atc,158,98.0,836.3469387755102,174.0,14.120646402216748,9.39756000361516,1.4671687148603094,False,11.170383851240114,1.5025864582705146
Batch_1,img_5n1q8atc,159,92.0,838.6847826086956,1916.4239130434783,13.918294090809026,9.178825842941935,1.4136508158212333,False,10.823032759612019,1.5163479870915635
Batch_1,img_5n1q8atc,160,347.0,855.671469740634,1999.7377521613832,31.22428913235995,19.52439658463316,-0.8273275506509581,False,21.019374919894773,1.5992447703574761
Batch_1,img_5n1q8atc,161,217.0,860.552995391705,1905.4147465437788,29.374381038288348,11.558235459398091,0.02986732955432642,False,16.622063085174787,2.541424349891039
Batch_1,img_5n1q8atc,162,263.0,869.2205323193916,2395.574144486692,38.80051146686108,10.850356906411365,-0.9656633373723836,False,18.29923496393627,3.575966376178304
Batch_1,img_5n1q8atc,163,35.0,868.2857142857143,3158.2571428571428,15.653994555457412,3.155915302489155,-0.3200393358850933,False,6.6755811781245455,4.960207437478023
Batch_1,img_5n1q8atc,164,98.0,869.3877551020408,5937.867346938776,14.805090208311517,8.925979535655854,-0.452388729896825,False,11.170383851240114,1.658651596631034
Batch_1,img_5n1q8atc,165,68.0,868.6176470588235,5924.985294117647,15.036442548336586,7.358741076506064,0.6288535041059795,False,9.304852983362556,2.043344424271536
Batch_1,img_5n1q8atc,166,16644.0,962.6041816870944,1956.0500480653689,163.18358337841912,136.6660439685045,0.6818791101535409,False,145.57403265202228,1.1940316602419965
Batch_1,img_5n1q8atc,167,2729.0,910.4737999267131,2679.3147673140343,82.7117674974123,47.03329673684664,-0.721673425480054,False,58.94633760957723,1.7585789905434075
Batch_1,img_5n1q8atc,168,15481.0,945.9678961307409,4946.648343130289,218.73547383166493,97.3875990766878,1.1551346913182938,False,140.3959450698098,2.2460300480292346
Batch_1,img_5n1q8atc,169,39.0,877.3846153846154,2711.5641025641025,9.755658852834314,5.157483730204669,0.5023747551380661,False,7.046725639945928,1.8915539753815511
Batch_1,img_5n1q8atc,170,166.0,881.210843373494,6440.5722891566265,31.4605408416152,7.689358005452766,1.035986928220213,False,14.538148590038452,4.0914392097891055
Batch_1,img_5n1q8atc,171,153.0,890.2549019607843,1888.9477124183006,17.861515627433285,12.029942509636511,0.0680245126842618,False,13.957279475043833,1.48475486172319
Batch_1,img_5n1q8atc,172,28600.0,1016.1767832167832,976.5355944055945,314.51264901709703,126.42541132478277,0.9896699765321425,False,190.8262324195121,2.487732851500275
Batch_1,img_5n1q8atc,173,82.0,899.060975609756,6322.231707317073,15.016625498775921,7.645947064796791,0.4272468768371253,False,10.217907939900583,1.9639980987986376
Batch_1,img_5n1q8atc,174,142.0,902.7253521126761,2900.9295774647885,20.26382937356259,9.782463912242426,-0.3024608732748863,False,13.446189622059965,2.0714443268431677
Batch_1,img_5n1q8atc,175,32.0,903.0625,2000.625,9.041931768851292,4.683051343668756,-1.5603485268603927,False,6.383076486422923,1.9307778423304107
Batch_1,img_5n1q8atc,176,106.0,907.9528301886793,1859.9528301886792,12.275518233636767,11.335154846728742,-1.3132041031958643,False,11.617374563210365,1.08295990655826
Batch_1,img_5n1q8atc,177,21006.0,996.1332000380844,5493.987194135009,223.60817892912644,136.19935408731203,0.6115818889302006,False,163.54103422904856,1.6417712141702232
Batch_1,img_5n1q8atc,178,275.0,920.3236363636364,5172.494545454545,31.720187366475272,11.952357257638136,0.7442599421193015,False,18.712051592547777,2.653885479050966
Batch_1,img_5n1q8atc,179,97.0,920.4226804123712,2428.618556701031,13.751678663137826,10.194685602225357,-1.0196951178503502,False,11.11324596323283,1.348906596995598
Batch_1,img_5n1q8atc,180,966.0,938.416149068323,4834.579710144928,62.7959175996687,20.574637802343013,0.6912199899560195,False,35.070634442709576,3.052103186599843
Batch_1,img_5n1q8atc,181,156.0,924.1346153846154,1860.1923076923076,22.510852753425443,12.768966997197975,1.2794578889124015,False,14.093451279891855,1.7629345238628331
Batch_1,img_5n1q8atc,182,22296.0,1049.3407786149983,2286.878049874417,251.8369500606286,132.91206418951697,1.2936614543308176,False,168.48783009290372,1.8947636664609973
Batch_1,img_5n1q8atc,183,312.0,952.8012820512821,4546.304487179487,27.502907337286366,18.099100304970076,0.6897694990085211,False,19.931149940667517,1.5195731762276588
Batch_1,img_5n1q8atc,184,135.0,970.2,4559.785185185186,17.16254275677432,10.772147883205136,-0.4556723823209839,False,13.110581167104948,1.5932331177454828
Batch_1,img_5n1q8atc,185,15340.0,1028.5191655801825,5351.078292046936,162.22169705144185,126.36465661547912,1.5189248521545369,False,139.755123756653,1.2837584606040104
Batch_1,img_5n1q8atc,186,437.0,985.3135011441648,4842.478260869565,37.59648194453467,16.81341865500112,-0.8190805327808868,False,23.58825303088947,2.2360997912433276
Batch_1,img_5n1q8atc,187,480.0,983.2479166666667,5600.741666666667,38.3981845932022,17.735883759321002,-1.3376964925201311,False,24.721548929484133,2.1649997888051242
Batch_1,img_5n1q8atc,188,180.0,982.3833333333333,2055.7,18.359235476357,14.552305103824125,1.4145258799705263,False,15.138795132120961,1.2616032542866678
Batch_1,img_5n1q8atc,189,350.0,994.3314285714285,1868.6228571428571,29.307387699530107,19.250922207033828,-0.055934357838832695,False,21.11004122822376,1.5223887658130937
Batch_1,img_5n1q8atc,190,216.0,986.9768518518518,4905.175925925926,23.475508782473238,14.043202267575134,0.15437870150241026,False,16.583719174624104,1.6716635091610623
Batch_1,img_5n1q8atc,191,529.0,1023.7069943289225,1192.156899810964,61.20532926672195,12.05454993158324,-0.4109605530584434,False,25.95272084319679,5.077363287231684
Batch_1,img_5n1q8atc,192,196.0,1003.0510204081633,4700.602040816327,26.126149967795413,10.555573074399387,0.610292215731361,False,15.797308339337176,2.475104836435609
Batch_1,img_5n1q8atc,193,102.0,1004.6960784313726,6192.088235294118,13.477113182913037,10.888933888654995,-0.1444390600426872,False,11.396070970426017,1.2376889529060897
Batch_1,img_5n1q8atc,194,94.0,1012.3085106382979,2374.446808510638,18.51708244279138,7.6169293378312535,-1.0818615137270087,False,10.940041919714261,2.431042959900124
Batch_1,img_5n1q8atc,195,1695.0,1034.7050147492625,6340.050737463127,59.46999842796759,38.72700379341518,-0.048376647306568134,False,46.45579649867281,1.5356209518609694
Batch_1,img_5n1q8atc,196,130.0,1021.5153846153846,4882.669230769231,22.084446421127893,9.057074530630544,-0.729507489187934,False,12.865501965161373,2.4383642142326942
Batch_1,img_5n1q8atc,197,128.0,1023.515625,6183.0078125,24.04386122877669,7.665693341037652,0.5180783494412212,False,12.766152972845846,3.136554015285203
Batch_1,img_5n1q8atc,198,547.0,1030.6471663619743,2063.853747714808,43.61632334167012,17.32490803262847,0.8258007971602803,False,26.390567083147985,2.51755006488498
Batch_1,img_5n1q8atc,199,97.0,1053.0,1813.1443298969073,17.250032153889883,9.026878534824439,1.5707963267948966,False,11.11324596323283,1.9109631405077252
Batch_1,img_5n1q8atc,200,43.0,1061.3255813953488,3644.2558139534885,13.981374663416272,3.96630136431011,-1.4181879048645427,False,7.399277020331919,3.5250409334057653
Batch_1,img_5n1q8atc,201,52.0,1063.1923076923076,1819.5961538461538,15.134216354456893,4.9676341277930085,1.2166559158556973,False,8.136857890256438,3.0465642124857197
Batch_1,img_5n1q8atc,202,105.0,1068.2952380952381,3626.9333333333334,22.144029585756865,7.117048864812371,-0.8219374736624817,False,11.562445770562215,3.111406146898874
Batch_1,img_5n1q8atc,203,71.0,1070.7887323943662,3682.056338028169,21.801323859118263,4.75831648256209,-0.5767594448857278,False,9.507891862878783,4.581730521501474
Batch_1,img_5n1q8atc,204,156.0,1082.775641025641,1802.2884615384614,23.815099013893548,12.433894913466593,0.9414157994437724,False,14.093451279891855,1.915337002575153
Batch_1,img_5n1q8atc,205,907.0,1097.5281146637267,4976.115766262404,41.76326400833726,30.015131277511742,0.4630755324704344,False,33.982764264767994,1.3914070080922012
Batch_1,img_5n1q8atc,206,5067.0,1128.6455496348924,4132.834024077363,145.2752213470058,49.40359483307963,-0.9663943116349349,False,80.32125978327947,2.9405799686813987
Batch_1,img_5n1q8atc,207,43753.0,1232.1474641738853,5103.830023084131,313.2118196430119,184.97193182459466,-0.138075501206576,False,236.02552785831784,1.6932937692407553
Batch_1,img_5n1q8atc,208,118.0,1105.0338983050847,2502.2542372881358,14.444861099839066,11.710716217773196,-1.207928852619881,False,12.257335203001883,1.2334737543990943
Batch_1,img_5n1q8atc,209,185.0,1113.3837837837839,6038.232432432433,31.23161277764109,9.791498055053884,-0.5590166911513267,False,15.347615963921077,3.18966644348368
Batch_1,img_5n1q8atc,210,113.0,1114.4070796460178,2354.3893805309735,16.045453792943,10.695161054569633,-0.7376196455681896,False,11.994835078277376,1.5002535923558993
Batch_1,img_5n1q8atc,211,49090.0,1285.0186188633122,1478.6541454471378,345.35534173596324,199.56059684576283,-0.5073615845115839,False,250.00665841342934,1.7305788176354413
Batch_1,img_5n1q8atc,212,551.0,1165.3502722323049,572.8584392014519,40.14202368196362,22.30843734074843,0.19172102461758017,False,26.486883341553696,1.7994099303692819
Batch_1,img_5n1q8atc,213,201.0,1169.3781094527362,2201.9800995024875,24.75048768982458,11.747134816524088,-0.2546575358891956,False,15.99753570059363,2.1069382514457353
Batch_1,img_5n1q8atc,214,171.0,1188.953216374269,4889.362573099415,21.934637598204063,10.305677575253444,-0.5448677743053246,False,14.755472278097805,2.1284032454959307
Batch_1,img_5n1q8atc,215,79.0,1188.7721518987341,5011.772151898735,10.798944799407213,9.310399792908866,0.7853981633974483,False,10.02925341359355,1.159879816077509
Batch_1,img_5n1q8atc,216,282.0,1206.8297872340424,4759.078014184397,30.732364851957048,13.063259788047315,0.2422096595410632,False,18.948708441878455,2.352580087251782
Batch_1,img_5n1q8atc,217,174.0,1209.8563218390805,3858.603448275862,16.979356293912947,14.947569218657772,-1.2063798153416077,False,14.884343478431232,1.1359275910038313
Batch_1,img_5n1q8atc,218,150.0,1224.7,1057.7933333333333,19.557974296693217,11.80292041398129,-1.3083447692232562,False,13.81976597885342,1.6570453422295033
Batch_1,img_5n1q8atc,219,69.0,1224.7101449275362,3134.1304347826085,17.435045057599137,5.343001426816703,-0.1667285817477926,False,9.373021315815206,3.263155605778442
Batch_1,img_5n1q8atc,220,149.0,1229.4697986577182,218.94630872483222,17.348042759162425,12.102670256042748,-0.40325283134765855,False,13.773623058786647,1.4334062146740478
Batch_1,img_5n1q8atc,221,92.0,1225.2282608695652,5945.445652173913,14.215139715309368,8.309566505049082,0.9550145159191741,False,10.823032759612019,1.7106957031599572
Batch_1,img_5n1q8atc,222,278.0,1234.5323741007194,611.1906474820144,21.57913196995819,17.539727229405106,-0.5555131887233028,False,18.81384047546846,1.2303003169730644
Batch_1,img_5n1q8atc,223,312.0,1235.3846153846155,6079.096153846154,27.673388313958664,17.144246748745136,-1.2578216047321793,False,19.931149940667517,1.6141501414160528
Batch_1,img_5n1q8atc,224,994.0,1254.023138832998,6572.854124748491,85.02241753852647,16.59090073074202,0.986973450695995,False,35.575273821388244,5.124641447645132
Batch_1,img_5n1q8atc,225,4793.0,1275.9778844147716,3616.645107448362,94.59427254273008,73.5049351938478,-1.1561956166325547,False,78.11937748033861,1.2869104951016597
Batch_1,img_5n1q8atc,226,76.0,1248.5131578947369,6092.8026315789475,11.73448300413931,9.164696357113336,-0.43384869739715537,False,9.83698151873187,1.280400631607548
Batch_1,img_5n1q8atc,227,32.0,1247.65625,4715.125,9.166838081119185,4.508708750245813,-0.810058893864781,False,6.383076486422923,2.0331404375187043
Batch_1,img_5n1q8atc,228,41.0,1252.1951219512196,1607.9024390243903,10.414331443729234,6.374473123308604,1.279714188490151,False,7.225151993843567,1.6337556441564824
Batch_1,img_5n1q8atc,229,643.0,1265.2923794712285,6527.393468118196,33.74837765477895,27.046098204325475,-0.6266008760089445,False,28.61281229213077,1.2478094769833226
Batch_1,img_5n1q8atc,230,99.0,1256.080808080808,939.0808080808081,15.06650861262947,8.809054476167036,1.511862131307678,False,11.227230955528665,1.7103434487086013
Batch_1,img_5n1q8atc,231,347.0,1263.0,889.1988472622478,46.248755335308964,11.122287929609383,-1.4375718099180452,False,21.019374919894773,4.158205184761228
Batch_1,img_5n1q8atc,232,126.0,1266.7539682539682,2013.857142857143,20.66545236931956,8.984620577276363,-0.5444709077211197,False,12.666024736934256,2.300091828205413
Batch_1,img_5n1q8atc,233,79.0,1261.7088607594937,3530.2025316455697,11.96025773191189,8.85054473195956,-0.5869055794668199,False,10.02925341359355,1.3513583733126697
Batch_1,img_5n1q8atc,234,218.0,1271.4587155963302,2187.788990825688,36.60443127204228,8.43973660023966,0.7021161828348846,False,16.66031874701878,4.337153279286326
Batch_1,img_5n1q8atc,235,146.0,1269.7123287671234,6694.321917808219,22.729992364248012,8.678950294548349,1.5587467162211526,False,13.63425735166143,2.61897943793108
Batch_1,img_5n1q8atc,236,121.0,1271.2396694214876,1903.4710743801652,15.511218921465169,10.134152286195143,-1.4989556797925174,False,12.412170838050638,1.5305886948822278
Batch_1,img_5n1q8atc,237,255.0,1284.2039215686275,6050.670588235294,26.250741340679717,19.59459164123702,-1.1448642133853253,False,18.01877032173579,1.3396932082746118
Batch_1,img_5n1q8atc,238,1076.0,1291.610594795539,6011.394981412639,46.51093486947479,39.66500281898468,1.4659449837255518,False,37.013588722725,1.1725937618543032
Batch_1,img_5n1q8atc,239,113.0,1289.0619469026549,5980.761061946902,27.306660958892692,6.284528629096321,-0.2906625945520105,False,11.994835078277376,4.345061112852187
Batch_1,img_5n1q8atc,240,2211.0,1309.6580732700136,974.7014925373135,79.1167977643689,45.9593588593949,1.5072211422907134,False,53.05782348918437,1.721451293661727
Batch_1,img_5n1q8atc,241,152437.0,1719.6147523239108,6306.00111521481,727.8338333334818,316.4066801059081,-0.39847438322606554,False,440.5551230899421,2.3003112105277306
Batch_1,img_5n1q8atc,242,801.0,1305.2147315855182,276.0187265917603,50.25924077321924,23.50736454664963,-1.0357426471578572,False,31.935323316554435,2.138021073076114
Batch_1,img_5n1q8atc,243,87.0,1294.8850574712644,4543.494252873563,12.306776906788436,10.030313415118872,-0.5048999216483957,False,10.524820207108489,1.2269583608661927
Batch_1,img_5n1q8atc,244,65.0,1294.3384615384616,2916.1692307692306,9.889590994862488,8.56990823944115,-0.08860584084462889,False,9.09728368293446,1.1539903017103246
Batch_1,img_5n1q8atc,245,89.0,1295.7078651685392,3551.808988764045,11.992857302002891,9.908439891393245,-0.7880530057047018,False,10.645107772184812,1.2103678715778687
Batch_1,img_5n1q8atc,246,508.0,1310.1358267716535,672.1141732283464,48.51208098567699,17.035264356140303,-1.3818991609517535,False,25.43237481489809,2.8477445357747544
Batch_1,img_5n1q8atc,247,149.0,1307.5637583892617,1955.3691275167785,17.2663924442891,12.017983898882699,-0.4700933403593191,False,13.773623058786647,1.4367128954045563
Batch_1,img_5n1q8atc,248,205.0,1307.4536585365854,2184.9658536585366,20.36442047375057,13.193061619712937,-1.4887567294391582,False,16.15593100600236,1.5435704812689015
Batch_1,img_5n1q8atc,249,587.0,1324.4071550255537,6076.783645655877,55.02588053663457,16.33637613521115,-0.7257255695351622,False,27.33846397952051,3.3683039666326433
Batch_1,img_5n1q8atc,250,149.0,1313.8859060402685,1981.8657718120805,20.95318933386068,11.73237020315198,0.24067776532871557,False,13.773623058786647,1.7859297798352345
Batch_1,img_5n1q8atc,251,118.0,1319.1101694915253,5963.974576271186,14.821031071447955,12.369876918780621,-1.2561079074898696,False,12.257335203001883,1.198155096349088
Batch_1,img_5n1q8atc,252,237.0,1322.9409282700421,4577.814345991561,22.696247239520112,16.09842001905371,-0.42796382578186276,False,17.371176474327626,1.4098431530956064
Batch_1,img_5n1q8atc,253,292.0,1325.6061643835617,5984.61301369863,30.180836874194338,15.161895757000075,0.8486310535192747,False,19.281751659604673,1.9905714534582648
Batch_1,img_5n1q8atc,254,157.0,1326.1910828025477,4067.019108280255,22.822744222605742,10.105674575037197,-0.6080186877925658,False,14.138550439257221,2.2584087834158004
Batch_1,img_5n1q8atc,255,53.0,1320.5094339622642,1967.698113207547,10.873774228187216,6.518444532100523,-1.4091839026535962,False,8.214724333230155,1.6681547529688372
Batch_1,img_5n1q8atc,256,44.0,1330.9545454545455,261.3636363636364,14.10782756549174,4.296138346019189,-0.7796313008551448,False,7.48482063701911,3.2838392130840206
Batch_1,img_5n1q8atc,257,17152.0,1393.0457672574628,2013.7569379664178,209.3621130968435,107.32538208557945,1.3934157372840998,False,147.77890468973408,1.9507232029223216
Batch_1,img_5n1q8atc,258,5394.0,1399.3757879124953,417.1718576195773,193.301772465681,40.402036448753734,0.6154117551203099,False,82.87251718333086,4.784456167472314
Batch_1,img_5n1q8atc,259,127.0,1356.4094488188975,6991.574803149606,19.56538513228041,9.793064793126176,-0.254011364239635,True,12.716187407449045,1.9978817199303633
Batch_1,img_5n1q8atc,260,5130.0,1408.2327485380117,769.4493177387915,122.2743819229986,56.11681491262656,0.526511735193526,False,80.8190501335631,2.1789259086314656
Batch_1,img_5n1q8atc,261,201.0,1377.6467661691543,1736.1691542288556,34.541118351173466,8.445271932490892,0.3061724879489603,False,15.99753570059363,4.089994807424245
Batch_1,img_5n1q8atc,262,68.0,1373.0735294117646,585.7352941176471,14.250739763329099,7.6813359116876425,0.45129264122866103,False,9.304852983362556,1.8552423598147412
Batch_1,img_5n1q8atc,263,143.0,1378.1818181818182,6021.5034965034965,23.298426005633747,8.419737921654649,0.9468585532932309,False,13.493452297211721,2.767120095948917
Batch_1,img_5n1q8atc,264,202.0,1384.019801980198,569.5742574257425,26.962030588786575,11.241892570400744,-1.1666660583144675,False,16.03728119216293,2.398353339523636
Batch_1,img_5n1q8atc,265,69327.0,1565.585168837538,1338.8109683096052,350.0182174126042,275.96557915156785,-0.10001632050952527,False,297.10247040012075,1.2683401259269533
Batch_1,img_5n1q8atc,266,48.0,1391.4166666666667,547.4583333333334,15.659078291472134,4.54470881054631,1.5204881078771528,False,7.817640190446719,3.445562508896976
Batch_1,img_5n1q8atc,267,24770.0,1532.8512313282197,3689.7841340331047,244.91168432982585,141.62292035986076,0.31904785703507016,False,177.58981818530583,1.7293223703303857
Batch_1,img_5n1q8atc,268,120.0,1406.8166666666666,5089.283333333334,13.547588324888508,11.300765240628131,1.5511283383532763,False,12.360774464742066,1.1988204370605517
Batch_1,img_5n1q8atc,269,129.0,1413.7984496124031,726.6434108527131,24.40333556330651,8.084469728948003,1.100480448998327,False,12.815923738491737,3.018544985817148
Batch_1,img_5n1q8atc,270,394.0,1424.5862944162436,5134.44923857868,32.33850787531434,16.749865526518676,-0.2930775812266846,False,22.397686948112614,1.930672686542794
Batch_1,img_5n1q8atc,271,172.0,1419.8139534883721,3316.2616279069766,24.792163391670442,11.255060154774627,1.2317437576087484,False,14.798554040663838,2.2027570755499783
Batch_1,img_5n1q8atc,272,239.0,1431.6610878661088,3222.3096234309623,41.2478254350528,8.706178752968937,1.0280606978214586,False,17.44431859350499,4.7377645928745356
Batch_1,img_5n1q8atc,273,1283.0,1437.5861262665628,3948.793452844895,47.096727265966706,35.12160661301193,-1.1764926224447656,False,40.41740139958547,1.340961641786575
Batch_1,img_5n1q8atc,274,135.0,1429.0222222222221,3021.4,18.3479380453436,12.04867019362926,-0.3091221827662204,False,13.110581167104948,1.522818514448597
Batch_1,img_5n1q8atc,275,95.0,1435.2,6904.231578947369,14.21280288664686,9.54288186116364,-0.01731055139796199,False,10.998079684646791,1.4893617141471958
Batch_1,img_5n1q8atc,276,17019.0,1543.6847640871968,382.684176508608,223.5651077580359,100.40815512546763,-0.00732855019912361,False,147.20483623797057,2.2265632455717794
Batch_1,img_5n1q8atc,277,3130.0,1483.153354632588,2118.9891373801916,104.14853225937027,42.85133984313666,0.06854790594690442,False,63.12875553201615,2.430461512769976
Batch_1,img_5n1q8atc,278,92.0,1440.0760869565217,5074.065217391304,13.506035147975165,9.186014140610133,-0.31590946433259454,False,10.823032759612019,1.4702824251344007
Batch_1,img_5n1q8atc,279,7481.0,1481.5083544980619,5764.658468119235,116.36993002221591,84.23414898865003,1.3115956156603006,False,97.596644584554,1.3815053801742088
Batch_1,img_5n1q8atc,280,69.0,1443.1884057971015,1966.8260869565217,10.78077270961079,8.495430259195658,0.05941451939819773,False,9.373021315815206,1.269008441090011
Batch_1,img_5n1q8atc,281,390.0,1450.6461538461538,3029.279487179487,28.67552060027476,23.649141806380634,-0.2165819352342456,False,22.283703068536735,1.2125395853704082
Batch_1,img_5n1q8atc,282,240.0,1448.5958333333333,6626.625,38.22478024072358,10.357086033433516,1.5500288017442998,False,17.480774889473267,3.6906886857298358
Batch_1,img_5n1q8atc,283,33.0,1450.3030303030303,3605.3030303030305,11.659840580767984,4.151006394422912,-1.2562980980608842,False,6.4820448144285745,2.808918963948977
Batch_1,img_5n1q8atc,284,110.0,1455.5272727272727,754.9727272727273,27.754242897438196,5.5338642992544695,-1.2906087871799847,False,11.834540545406394,5.015345768629941
Batch_1,img_5n1q8atc,285,819.0,1477.5421245421246,5063.706959706959,57.84309953785702,18.25853813994943,-0.5236821337157618,False,32.29215364663835,3.168002777358014
Batch_1,img_5n1q8atc,286,2146.0,1479.179869524697,891.294035414725,74.65810634764966,38.02149820028181,-1.567831683089565,False,52.272096409094395,1.963576131439668
Batch_1,img_5n1q8atc,287,30.0,1474.4333333333334,3550.8,8.385121942752596,5.383179255241073,0.1793098216441164,False,6.180387232371033,1.5576523732864416
Batch_1,img_5n1q8atc,288,46.0,1483.304347826087,1516.8260869565217,12.902149580674461,4.9258719874600105,1.2527467300335144,False,7.653039857325812,2.6192620542149654
Batch_1,img_5n1q8atc,289,124.0,1507.0806451612902,5189.306451612903,16.511611853341325,13.700200660797547,0.4861776742553551,False,12.565098628628435,1.2052094901491839
Batch_1,img_5n1q8atc,290,6264.0,1541.8331736909322,4603.541507024265,121.346261421536,70.92462837210002,1.281207682585774,False,89.30606087058739,1.7109185371392175
Batch_1,img_5n1q8atc,291,47.0,1507.1063829787233,4642.851063829788,11.666778526496916,5.96704355835042,0.17906482235867435,False,7.735777827895049,1.9552025073070152
Batch_1,img_5n1q8atc,292,279.0,1517.8279569892472,5714.043010752688,29.43723300474391,13.965134675780273,-0.6887987689364876,False,18.847647942942654,2.107908995378103
Batch_1,img_5n1q8atc,293,1302.0,1533.4039938556068,1182.3986175115208,58.902488803210474,29.76503890167183,-0.1385737769696957,False,40.715573031030544,1.97891522997143
Batch_1,img_5n1q8atc,294,160.0,1516.34375,4106.8375,20.383857663890605,11.90316015763243,1.2990730163509723,False,14.27299292922217,1.7124744516539387
Batch_1,img_5n1q8atc,295,1420.0,1544.0056338028169,199.02887323943662,56.60347062951323,36.42301584350484,0.09593959448862928,False,42.52058505622813,1.5540577659114156
Batch_1,img_5n1q8atc,296,452.0,1551.7853982300885,3049.798672566372,74.33980727060703,9.331394596912238,0.4832664578357706,False,23.98967015655475,7.966634193693416
Batch_1,img_5n1q8atc,297,16045.0,1641.9675288251792,5074.112620754129,198.20960992684343,144.79422015545455,-1.1990149365588036,False,142.93050232639527,1.3689055385915323
Batch_1,img_5n1q8atc,298,304.0,1554.4473684210527,3812.0065789473683,33.46069310297253,12.620791244582243,1.0020413145515437,False,19.67396303746374,2.651235762839852
Batch_1,img_5n1q8atc,299,56744.0,1730.7856513463978,6720.203158043141,445.491760437456,177.10955608487072,0.8477183680580511,False,268.7911916831578,2.5153457006237248
Batch_1,img_5n1q8atc,300,29962.0,1729.5036045657832,3425.1936119084176,316.47555449223813,149.91522817223918,0.6127149117738555,False,195.31718623652898,2.1110300691310426
Batch_1,img_5n1q8atc,301,488.0,1589.6987704918033,5408.524590163935,52.10911654158997,15.349420200087676,-0.8703397763364964,False,24.926710529686012,3.394858949870453
Batch_1,img_5n1q8atc,302,579.0,1588.0034542314336,6214.658031088083,48.306851036797234,19.612040585229696,-1.2818262311849067,False,27.151532118863187,2.4631221227014133
Batch_1,img_5n1q8atc,303,71.0,1594.943661971831,5432.549295774648,13.663845511277682,6.794660225040854,-0.8836884454501011,False,9.507891862878783,2.010968180707745
Batch_1,img_5n1q8atc,304,1158.0,1619.3091537132989,5444.027633851468,62.16734140057124,30.011421328568847,1.5431254128064564,False,38.39806496170502,2.071456087332729
Batch_1,img_5n1q8atc,305,150.0,1615.6266666666668,4542.693333333334,22.348258588466084,10.248605555919776,-1.3418817164235166,False,13.81976597885342,2.180614569126171
Batch_1,img_5n1q8atc,306,171.0,1631.4561403508771,4149.479532163743,26.8866583261356,8.934783509044651,-0.6626942051181636,False,14.755472278097805,3.009212064166784
Batch_1,img_5n1q8atc,307,34.0,1624.4705882352941,2862.8823529411766,12.235060003462713,3.874169467719267,1.4186305170301088,False,6.579524642479541,3.158111720565885
Batch_1,img_5n1q8atc,308,1184.0,1657.366554054054,1677.445945945946,61.40710740395121,28.28900701919472,-0.08387194304796411,False,38.826738479640966,2.1707056512193983
Batch_1,img_5n1q8atc,309,48.0,1641.3125,4874.4375,15.46523680222033,4.266315817101435,0.38436540889111337,False,7.817640190446719,3.6249629575542115
Batch_1,img_5n1q8atc,310,130.0,1652.3538461538462,6859.576923076923,18.012231900264176,9.856663811743442,-0.9921395582205322,False,12.865501965161373,1.8274166842135788
Batch_1,img_5n1q8atc,311,170.0,1659.6,3235.3176470588237,25.787691303363065,9.234047953217193,-0.9654103108531129,False,14.712264360219255,2.7926746139951
Batch_1,img_5n1q8atc,312,216.0,1662.1296296296296,6099.625,17.952882861035445,15.534583472756562,0.5293298444953398,False,16.583719174624104,1.1556719813260472
Batch_1,img_5n1q8atc,313,214.0,1682.6401869158879,6008.317757009346,40.52567632829758,8.601313770248968,0.6127799318917554,False,16.50676414605009,4.711568187231071
Batch_1,img_5n1q8atc,314,42.0,1672.2380952380952,4923.761904761905,13.54547115283982,4.4337944520522266,0.909928628812248,False,7.312732791431452,3.0550516717278495
Batch_1,img_5n1q8atc,315,120.0,1679.4666666666667,788.3916666666667,16.3537843097935,9.802117961263761,0.9948260021667612,False,12.360774464742066,1.6683929304279717
Batch_1,img_5n1q8atc,316,241.0,1700.4356846473029,6847.473029045643,25.872223592033144,14.95534209730159,-0.16593495603785036,False,17.517155313611116,1.7299653477469632
Batch_1,img_5n1q8atc,317,105.0,1696.0380952380951,6003.780952380952,15.219352516031922,11.551928235329546,-1.1008960872659006,False,11.562445770562215,1.3174729106683853
Batch_1,img_5n1q8atc,318,14669.0,1807.0410389256256,6103.746335810212,213.94997267039417,97.08300973971481,0.2729515219033067,False,136.66437312525932,2.2037838880768787
Batch_1,img_5n1q8atc,319,31.0,1713.774193548387,4588.806451612903,12.463432619634437,3.467253722532426,0.7591310561949279,False,6.282549314314218,3.5946122254160704
Batch_1,img_5n1q8atc,320,47.0,1725.0212765957447,1640.531914893617,11.36880112500378,5.379552664876747,-1.2693848962223295,False,7.735777827895049,2.1133357796143546
Batch_1,img_5n1q8atc,321,115.0,1731.695652173913,5451.904347826087,15.538986624130153,11.68157907905307,-0.2356730137366039,False,12.100518486599809,1.3302128521300711
Batch_1,img_5n1q8atc,322,228093.0,2073.1772785661988,4459.730473973335,645.2158101391814,569.999423463222,-1.436800588661952,True,538.9035419045579,1.1319587065877315
Batch_1,img_5n1q8atc,323,604.0,1766.0066225165563,920.5463576158941,56.89635543701604,16.055825091037004,-0.7549707646082103,False,27.73151068766428,3.5436581498871607
Batch_1,img_5n1q8atc,324,235.0,1754.004255319149,6144.778723404255,18.49621118787802,17.51692435540941,0.5887590259303603,False,17.297725082009,1.0559051813320297
Batch_1,img_5n1q8atc,325,13068.0,1836.1004744413835,1026.2070707070707,201.149274381963,92.22548600058094,0.6895710116857036,False,128.99106314237088,2.181059521667318
Batch_1,img_5n1q8atc,326,612.0,1754.1633986928105,5229.0,67.23032575111046,13.711162698896992,1.5410254502301097,False,27.914558950087667,4.903327837873214
Batch_1,img_5n1q8atc,327,8370.0,1811.9660692951015,6510.244563918757,132.09103521514714,101.98803769523437,-1.2071764956772868,False,103.23281934265533,1.2951620425315764
Batch_1,img_5n1q8atc,328,228.0,1769.7412280701753,4116.0,39.4910213440213,8.63398641163249,0.43076690977843946,False,17.03815178355966,4.573903578399824
Batch_1,img_5n1q8atc,329,256.0,1771.28125,872.359375,27.447131230687386,13.567348891932616,0.9136725189567054,False,18.0540666735282,2.02302833437179
Batch_1,img_5n1q8atc,330,10172.0,1850.9214510420763,1738.3634486826584,128.21531424512733,121.5775016445168,-0.26061151140570543,False,113.80418555152563,1.0545973762482714
Batch_1,img_5n1q8atc,331,32.0,1795.0625,4383.53125,6.886925128312611,6.040872228165096,0.7875410074209165,False,6.383076486422923,1.140054758351428
Batch_1,img_5n1q8atc,332,184.0,1818.2608695652175,4113.380434782609,28.14779041500578,11.990647136850873,-0.19638331426651487,False,15.306079714651624,2.3474788386107313
Batch_1,img_5n1q8atc,333,102.0,1826.5588235294117,3627.950980392157,14.160385233990477,9.746667281137206,0.15061995067913464,False,11.396070970426017,1.4528438106628683
Batch_1,img_5n1q8atc,334,58.0,1823.6896551724137,4038.3275862068967,9.137289890192156,8.111943752343768,0.060926665993493404,False,8.593479713983122,1.126399562071931
Batch_1,img_5n1q8atc,335,48.0,1823.4791666666667,4099.395833333333,15.245809579565865,4.40280986508185,-1.5173358908052093,False,7.817640190446719,3.462745393681096
Batch_1,img_5n1q8atc,336,290.0,1837.2689655172414,4454.379310344828,30.63247485483613,14.596607454834949,1.1936025790721174,False,19.21560480373171,2.098602360145644
Batch_1,img_5n1q8atc,337,235.0,1860.4170212765957,4111.634042553192,23.0584023428101,13.659603794728428,0.07961896768520994,False,17.297725082009,1.6880725597406345
Batch_1,img_5n1q8atc,338,520.0,1872.0884615384616,5274.601923076923,32.043346553957555,23.699598794981632,1.0795531844243902,False,25.731003930322746,1.3520628273564996
Batch_1,img_5n1q8atc,339,755.0,1879.1682119205298,4830.515231788079,42.3588668052749,24.852380726580495,-0.07547100170768217,False,31.004771508189638,1.7044188752496698
Batch_1,img_5n1q8atc,340,275.0,1880.530909090909,1652.2618181818182,39.56848005161,11.10027240937653,-0.49927782863058423,False,18.712051592547777,3.564640451362801
Batch_1,img_5n1q8atc,341,254.0,1879.9881889763778,5360.897637795276,46.46371109275668,8.339789946151441,-1.0407868748711748,False,17.983404693292407,5.571328701653723
Batch_1,img_5n1q8atc,342,6307.0,1959.40589820834,2458.5373394640874,131.58015865850672,66.12562095201874,0.5618619122286432,False,89.6120628523006,1.9898513883745954
Batch_1,img_5n1q8atc,343,1387.0,1912.8046142754145,505.069935111752,123.80952097785541,15.425569761796675,-1.3754259368036097,False,42.023603469332215,8.026252701827906
Batch_1,img_5n1q8atc,344,158.0,1905.746835443038,3356.6265822784812,21.815800597360205,12.038088748495895,-1.4230541229325913,False,14.183506197980657,1.8122312480945941
Batch_1,img_5n1q8atc,345,253.0,1916.3596837944665,2287.0276679841895,31.6326339446142,13.04468580510159,-0.6829646272549023,False,17.94796937867892,2.4249441049966207
Batch_1,img_5n1q8atc,346,63.0,1926.888888888889,6993.444444444444,16.611180694623748,5.171305180604543,-0.016196462700028072,True,8.95623198216277,3.2121834071842272
Batch_1,img_5n1q8atc,347,43.0,1927.139534883721,2353.860465116279,10.345153424586249,5.87318448754097,-0.9801046396094397,False,7.399277020331919,1.7614214991086783
Batch_1,img_5n1q8atc,348,206.0,1936.4660194174758,2290.3058252427186,26.476886478857697,13.123140774750556,-1.0929251005774543,False,16.195287778099022,2.0175723886007746
Batch_1,img_5n1q8atc,349,103.0,1939.2330097087379,2621.5922330097087,13.660255596304825,9.861388276329297,1.545079632776958,False,11.451797811161432,1.3852264218309007
Batch_1,img_5n1q8atc,350,110.0,1956.6272727272728,3795.5,17.30931701261885,12.963627722602086,-1.2529537489621543,False,11.834540545406394,1.3352216974296518
Batch_1,img_5n1q8atc,351,237.0,1972.886075949367,3791.7932489451478,30.84357456468819,10.804829400830577,-1.198631150297758,False,17.371176474327626,2.8546100470885007
Batch_1,img_5n1q8atc,352,223.0,1979.8923766816145,5124.766816143498,34.17378247197188,10.567462455870837,-0.11783665143582626,False,16.85029431422316,3.233868359095647
Batch_1,img_5n1q8atc,353,300.0,1991.4,6844.036666666667,32.29898886593999,14.576938651860585,-0.45224975588228006,False,19.544100476116796,2.2157594017051983
Batch_1,img_5n1q8atc,354,137.0,2004.3941605839416,5947.576642335766,25.535378436601476,8.799037245238445,-0.7021665503176444,False,13.207339536360731,2.902065046993615
Batch_1,img_5n1q8atc,355,49.0,2000.3673469387754,4751.7959183673465,11.0315155947978,5.789731481583436,0.11079362871200518,False,7.898654169668588,1.9053587597089712
Batch_1,img_5n1q8atc,356,80.0,1999.175,6860.5,18.680491186303147,6.734185105745939,1.3237174503037437,False,10.092530088080641,2.7739794634341175
Batch_1,img_5n1q8atc,357,64.0,2002.21875,6916.359375,17.520792385638657,5.093113284558521,1.018744884711337,False,9.0270333367641,3.440094772436892
Batch_1,img_5n1q8atc,358,154.0,2024.422077922078,4749.24025974026,26.057786259279446,10.142983815747717,-0.03259463988446515,False,14.002817212590296,2.569045434029269
Batch_1,img_5n1q8atc,359,106.0,2024.0471698113208,5493.88679245283,11.913149838539786,11.727502679371549,-0.3530813947582587,False,11.617374563210365,1.0158300675125649
Batch_1,img_5n1q8atc,360,422.0,2050.004739336493,5054.971563981043,28.04183697673444,23.10643816597657,-0.6570540502362872,False,23.179885415554555,1.213594097684215
Batch_1,img_5n1q8atc,361,2172.0,2100.2974217311234,1119.5156537753223,71.22928078241219,44.62932795175521,0.5783691396401345,False,52.58779602878194,1.5960195694502015
Batch_1,img_5n1q8atc,362,157.0,2075.515923566879,1672.5414012738854,21.413270881275807,11.362620206917029,0.43014804084552877,False,14.138550439257221,1.8845363561690123
Batch_1,img_5n1q8atc,363,49.0,2070.877551020408,2070.387755102041,13.046832481745179,6.30127180944603,-1.1080065075290946,False,7.898654169668588,2.070507807993158
Batch_1,img_5n1q8atc,364,201.0,2105.626865671642,5046.557213930349,25.539667720481244,12.631499629518393,-0.6061817839140905,False,15.99753570059363,2.021903057400874
Batch_1,img_5n1q8atc,365,117.0,2102.6923076923076,977.6752136752136,19.09743258091702,8.933755824742766,-1.2235306688862275,False,12.205286835384658,2.137671205208578
Batch_1,img_5n1q8atc,366,37.0,2102.135135135135,963.5675675675676,8.00167648287048,5.930894615155898,0.7310089808900071,False,6.863662517577698,1.349151688250011
Batch_1,img_5n1q8atc,367,37764.0,2214.297770363309,2052.4811725452814,354.2686935086349,138.56222175736514,-1.1132981950690362,True,219.27749124654514,2.556748073287906
Batch_1,img_5n1q8atc,368,10920.0,2171.4419413919413,3288.989468864469,161.9155558092681,89.65654659346683,-1.0067279508512776,False,117.9142732179102,1.8059535188595666
Batch_1,img_5n1q8atc,369,119.0,2128.7563025210084,5499.033613445378,15.432189645825645,11.667893286164372,-1.0295467992977583,False,12.309163489997376,1.3226200537953947
Batch_1,img_5n1q8atc,370,258.0,2141.7713178294575,1436.4573643410852,30.199164119511114,12.82852406629137,0.02290725590594618,False,18.12445316531431,2.354063800594441
Batch_1,img_5n1q8atc,371,4161.0,2199.468397019947,2467.1437154530163,92.57195288021498,66.24113966330253,1.5472501948970385,False,72.78701632601114,1.3974993991762443
Batch_1,img_5n1q8atc,372,272.0,2189.169117647059,3357.5073529411766,25.580449013934885,15.815287768719713,0.09807539119574515,False,18.609705966725112,1.6174507468987829
Batch_1,img_5n1q8atc,373,8078.0,2255.7579846496656,3815.2337212181233,140.98130563444963,86.96198608321697,0.5943216573792631,True,101.4161182572605,1.6211831397173895
Batch_1,img_5n1q8atc,374,25741.0,2256.300687618974,3455.1742356551804,276.07177502871826,125.20079880731626,-1.4011592376197837,True,181.03717607449533,2.205032057771389
Batch_1,img_5n1q8atc,375,740.0,2209.8256756756755,5967.89054054054,45.857099541153154,21.656154707617226,-1.2985527285518,False,30.695231927842155,2.1175088634282617
Batch_1,img_5n1q8atc,376,13372.0,2272.5839066706553,3679.9590936284776,199.89783237964545,104.32555291170202,1.3778753979479725,True,130.48279270539314,1.9160965535340408
Batch_1,img_5n1q8atc,377,166.0,2225.7831325301204,3306.3012048192772,18.291895727108653,12.663296716583924,-1.494627735553264,False,14.538148590038452,1.4444813334550934
Batch_1,img_5n1q8atc,378,71.0,2226.774647887324,1467.1971830985915,18.06496764798412,5.145466841708736,0.8414444622997724,False,9.507891862878783,3.510851046896456
Batch_1,img_5n1q8atc,379,122.0,2226.3278688524592,2548.4836065573772,26.914742498463117,7.646079551369333,-1.0740839745029267,False,12.463355264843006,3.5200709484696597
Batch_1,img_5n1q8atc,380,73.0,2232.7397260273974,5610.246575342466,26.340778881289,3.9721442268033944,0.870089409235827,False,9.640875829802336,6.631375241499449
Batch_1,img_5n1q8atc,381,10866.0,2280.8004785569665,2411.240750966317,197.42838523936604,78.73314606136921,-1.4582156829354254,True,117.62236561595026,2.5075637786082985
Batch_1,img_5n1q8atc,382,66.0,2235.3030303030305,3745.848484848485,17.43037958263827,5.595982244767318,-1.0788760852239176,False,9.166995688475081,3.1148025172769342
Batch_1,img_5n1q8atc,383,180.0,2239.9444444444443,4383.722222222223,17.26770904512632,14.183247016737772,-0.06780971004276669,False,15.138795132120961,1.2174722068048698
Batch_1,img_5n1q8atc,384,216.0,2234.421296296296,6540.268518518518,61.8700687093817,5.280046538544861,-1.568390190333627,False,16.583719174624104,11.717712762136488
Batch_1,img_5n1q8atc,385,167.0,2246.191616766467,1471.3353293413174,29.411330108754296,7.966260646843985,-0.2914667490129563,False,14.581872443920643,3.6919869199115727
Batch_1,img_5n1q8atc,386,81.0,2240.2716049382716,2643.1975308641977,11.54461585796169,9.066487321588063,-0.9241020328923427,False,10.155412503859614,1.2733284069645137
Batch_1,img_5n1q8atc,387,94.0,2242.2659574468084,6592.393617021276,35.39765093115776,3.6308207104226295,1.2850050817166259,False,10.940041919714261,9.749214779332206
Batch_1,img_5n1q8atc,388,31.0,2248.2903225806454,6612.677419354839,10.656395634009828,3.8782222398697703,1.0747122489600172,False,6.282549314314218,2.7477527008270846
Batch_1,img_5n1q8atc,389,36.0,2254.777777777778,6623.472222222223,13.58025969081577,3.415108560952457,1.0448161061842571,False,6.770275002573076,3.9765235711945577
Batch_1,img_5n1q8atc,390,223.0,2277.0986547085204,1457.1748878923768,35.83236067047321,10.432248556135416,-0.40319194008565296,False,16.85029431422316,3.4347686865071356
Batch_1,img_5n1q8atc,391,1206.0,2294.317578772803,1236.2636815920398,55.64309333000634,29.111080506118007,-0.934069038256307,True,39.1857996084118,1.9114059788441153
Batch_1,img_5n1q8atc,392,51.0,2282.0392156862745,4987.117647058823,13.442077846168848,5.232419082961132,0.6308799275983803,False,8.058239062071396,2.568998704622433
Batch_1,img_5n1q8atc,393,1008.0,2303.7023809523807,2870.218253968254,74.35033743821273,20.652229884831815,1.5339435039028746,True,35.82492792865108,3.600111845201757
Batch_1,img_5n1q8atc,394,135.0,2303.6444444444446,5818.851851851852,22.508207968509574,9.696850738170934,-0.6261821944730432,True,13.110581167104948,2.3211874222120055
Batch_1,img_5n1q8atc,395,411.0,2305.579075425791,5218.654501216545,41.033235650853705,15.347265355004872,-1.4007148602027402,True,22.875783109789968,2.673651279344852
Batch_1,img_5n1q8atc,396,240.0,2305.425,4864.941666666667,24.790572304805725,13.57263473644996,-1.183817092408916,True,17.480774889473267,1.8265114169933019
Batch_1,img_5n1q8atc,397,89.0,2307.370786516854,6182.101123595506,12.054337455641548,10.020952957857263,1.2035960495850448,True,10.645107772184812,1.2029132864245153
Batch_1,img_5n1q8atc,398,32.0,2307.28125,6842.09375,11.05806234309698,4.279369955516877,1.3514749583089685,False,6.383076486422923,2.5840398138144494
Batch_1,img_f1vzngrs,1,741.0,7.445344129554656,6395.843454790823,50.74353720676992,20.696908829639312,-1.5587106735645342,True,30.71596494738128,2.4517447327255892
Batch_1,img_f1vzngrs,2,5667.0,54.617787188988885,5581.995764955002,106.75188628810021,75.29198673402159,0.32625915355468577,False,84.94379612434429,1.417838616282164
Batch_1,img_f1vzngrs,3,4184.0,37.26529636711281,2448.37810707457,122.58625611591027,44.57845132503066,-1.535242410752132,False,72.98790485533833,2.749899390225754
Batch_1,img_f1vzngrs,4,1496.0,49.36898395721925,4656.381016042781,55.31252778445404,39.20304486769616,-0.4729440585024242,False,43.64362907600379,1.4109242782320799
Batch_1,img_f1vzngrs,5,8294.0,95.69604533397637,2232.653605015674,116.37238194375014,99.17583584447975,0.09592127160219246,False,102.7630711103626,1.1733945164448802
Batch_1,img_f1vzngrs,6,212.0,47.301886792452834,4624.764150943396,26.057355177603668,10.753939120915156,-0.04896543882940029,False,16.42944866646031,2.423052137883611
Batch_1,img_f1vzngrs,7,3068.0,64.66981747066492,6458.205019556714,88.91118282893264,50.36144551160192,0.8993741975826076,False,62.50039138475438,1.765461295356383
Batch_1,img_f1vzngrs,8,210.0,56.476190476190474,3835.7380952380954,28.208573656527975,10.346763290335348,0.34563641483196766,False,16.351767622932517,2.726318643326546
Batch_1,img_f1vzngrs,9,213.0,60.882629107981224,4579.9389671361505,25.581057448367105,12.338568918525349,0.13297418940721942,False,16.46815177937675,2.073259680055703
Batch_1,img_f1vzngrs,10,19977.0,170.96225659508434,4780.387595735096,188.97947658930735,141.56489494061512,0.6301587579991729,False,159.48512904084302,1.3349317757667403
Batch_1,img_f1vzngrs,11,362.0,86.4171270718232,4606.792817679558,30.042744024524723,16.507033542288397,0.5447816322145989,False,21.468877828012552,1.8199965455670752
Batch_1,img_f1vzngrs,12,958.0,107.2035490605428,6709.275574112735,67.34216177642058,22.23406404924081,1.5593157851533996,False,34.92511251028815,3.0287832951852995
Batch_1,img_f1vzngrs,13,5834.0,195.31230716489543,4657.025197120329,166.82040140012893,48.87720494754742,0.14543832993691724,False,86.1863069401685,3.4130511672906065
Batch_1,img_f1vzngrs,14,1731.0,124.44482957827846,6572.766608896592,82.14014015531491,36.31963433591003,-1.5157179263522882,False,46.946540361740894,2.261590504893964
Batch_1,img_f1vzngrs,15,7670.0,157.75462842242504,1387.6178617992177,125.9412638475839,86.17042612880947,-0.4986736528060827,False,98.8217957138945,1.4615369739418962
Batch_1,img_f1vzngrs,16,21561.0,239.80167895737674,4543.853624599972,274.69176178439227,116.88864920406752,0.27256801955454063,False,165.68740997442998,2.3500293968221637
Batch_1,img_f1vzngrs,17,692.0,142.30346820809248,4284.796242774566,46.76401142792561,20.04866612463957,0.7275343881549957,False,29.683021493047715,2.332524824205297
Batch_1,img_f1vzngrs,18,221.0,132.19909502262445,5282.93665158371,24.89531562835686,11.439984547891665,-0.9627878290910044,False,16.774562271083887,2.176166892895406
Batch_1,img_f1vzngrs,19,2524.0,155.53803486529318,6663.416402535658,69.04194993637876,51.08877658045685,-1.3306029829516053,False,56.68912250962746,1.3514112992635174
Batch_1,img_f1vzngrs,20,180.0,139.0611111111111,1008.8166666666667,25.086502398434565,10.73016930042606,0.4453987039618177,False,15.138795132120961,2.3379409677570013
Batch_1,img_f1vzngrs,21,378.0,174.5,6579.833333333333,31.502620512796614,16.753669148197204,1.1750063218561464,False,21.938198374294355,1.8803415678162945
Batch_1,img_f1vzngrs,22,10296.0,228.19803807303808,6437.194735819736,118.70080465143388,116.20268253097714,0.6432999301350771,False,114.49573945170727,1.02149797290429
Batch_1,img_f1vzngrs,23,7756.0,244.55415162454872,2687.7279525528625,135.66070177383227,78.10509284568418,0.6688366030481153,False,99.37427186634336,1.7368995648192027
Batch_1,img_f1vzngrs,24,581.0,198.90361445783134,4324.438898450947,31.3793557307518,25.7588835864565,0.6453629260160657,False,27.19838553096727,1.2181954868281029
Batch_1,img_f1vzngrs,25,5429.0,245.48977712285873,5539.902007736231,126.10234209380441,62.990444345204814,-1.4148514173093987,False,83.14094952769783,2.0019281242521356
Batch_1,img_f1vzngrs,26,1085.0,271.08294930875576,5786.389861751152,71.8027333624139,20.886277246761278,-0.4295375140475537,False,37.1680629847407,3.437794706739707
Batch_1,img_f1vzngrs,27,1508.0,280.89522546419096,4955.060344827586,66.58412501031532,30.064951209711626,1.1391772261167745,False,43.818320751263684,2.214675970896211
Batch_1,img_f1vzngrs,28,348.0,282.4913793103448,4861.94540229885,28.93707145934516,18.338433989244127,0.3645783633976904,False,21.049640414216977,1.577946703427204
Batch_1,img_f1vzngrs,29,2962.0,294.76671168129644,4729.164753544902,67.75643054536765,59.768663344191076,0.6179198797099422,False,61.41120037505823,1.1336447354557229
Batch_1,img_f1vzngrs,30,128.0,303.9921875,4633.3984375,19.57005195760441,9.339274637340091,-0.4287249240980534,False,12.766152972845846,2.0954573794585545
Batch_1,img_f1vzngrs,31,1220.0,325.77295081967213,4663.367213114754,55.910502204239265,31.186229900749503,-0.288663932854716,False,39.41258992475499,1.79279452444797
Batch_1,img_f1vzngrs,32,813.0,314.6420664206642,4799.231242312423,46.03763528307082,24.210682591349435,1.3569557140237583,False,32.173649930800316,1.901542226633471
Batch_1,img_f1vzngrs,33,1351.0,323.1576609918579,5600.370096225019,61.63530034880775,29.50284050887017,-1.0342325112748618,False,41.47465038957176,2.089131056051257
Batch_1,img_f1vzngrs,34,373.0,312.6729222520107,5475.608579088472,44.47470054221713,13.601525929936154,1.2527594970198042,False,21.792621462004423,3.2698316917759165
Batch_1,img_f1vzngrs,35,90.0,314.2,4618.144444444444,15.5810743192673,8.065748315994938,1.5493820502745825,False,10.704744696916627,1.9317580599891704
Batch_1,img_f1vzngrs,36,23491.0,456.06985654080285,660.9200544889533,218.38462212924003,151.90752933594308,-0.22581882678140347,False,172.94412434475393,1.4376155223108331
Batch_1,img_f1vzngrs,37,111.0,367.36036036036035,6038.990990990991,16.35554357921057,9.259182335328603,0.07030090507565422,False,11.888212206450685,1.7664133815364722
Batch_1,img_f1vzngrs,38,874.0,390.4805491990847,5077.929061784897,44.57174196985465,31.226800439398907,-0.49995329942657707,False,33.35882734897215,1.42735539160837
Batch_1,img_f1vzngrs,39,5946.0,468.5886310124453,4211.361587621931,101.13090542229084,83.69390747402501,0.9480305373904578,False,87.00966804324263,1.2083425003627357
Batch_1,img_f1vzngrs,40,91.0,453.6263736263736,50.582417582417584,12.729786493689863,9.298787527567338,0.17030995023958997,False,10.764051215546116,1.368972724234308
Batch_1,img_f1vzngrs,41,16440.0,565.0719586374696,5232.728406326034,201.77637357577015,104.85320239124295,-1.4826284733206208,False,144.6791557738919,1.9243701572687681
Batch_1,img_f1vzngrs,42,10533.0,589.3809930694009,772.0927560998766,133.80588629334267,110.74101797391462,0.12180109472815767,False,115.80601074510541,1.2082775537142076
Batch_1,img_f1vzngrs,43,2272.0,565.3987676056338,2481.6201584507044,89.03763541227215,35.042473170588224,0.3668045682479806,False,53.78475848823986,2.5408490713207716
Batch_1,img_f1vzngrs,44,2216.0,563.4169675090253,16.46525270758123,77.35036190933262,38.611989679488715,-0.23515695879479007,True,53.11778262628365,2.003273142653468
Batch_1,img_f1vzngrs,45,21916.0,640.5991056762183,2049.4251231976637,201.0341397134827,153.50211147876666,1.431069774271204,False,167.04585556791233,1.3096506476478724
Batch_1,img_f1vzngrs,46,40223.0,664.4507620018397,4720.784899187032,291.8399639167205,183.89740742272744,-1.1517421367345235,False,226.3040304720233,1.586971605564096
Batch_1,img_f1vzngrs,47,1454.0,584.7826685006878,665.3899587345254,68.30084147322185,27.651772939374325,-1.0233172346669794,False,43.02662313085849,2.470034801130813
Batch_1,img_f1vzngrs,48,9485.0,633.2728518713759,5000.292250922509,193.32723876767074,65.14573847483958,1.3981364912293202,False,109.8939356007101,2.967611440038201
Batch_1,img_f1vzngrs,49,137.0,615.2846715328467,2343.4087591240877,19.764503745161946,12.179628334508331,0.711675170807207,False,13.207339536360731,1.6227509741954538
Batch_1,img_f1vzngrs,50,3774.0,649.3659247482777,5599.567037625861,78.52693881767117,63.96434151958407,1.5312784591290591,False,69.31959349152666,1.227667430823601
Batch_1,img_f1vzngrs,51,67.0,620.4328358208955,5619.686567164179,13.693815229288512,7.142444275688112,1.190339469965878,False,9.23618154310838,1.9172449515497598
Batch_1,img_f1vzngrs,52,35330.0,720.2455137277102,3156.3959807529013,262.2785335697455,184.36890310765492,1.286170448585688,False,212.09326513468855,1.4225746812443654
Batch_1,img_f1vzngrs,53,3678.0,716.4915715062534,4491.908102229472,109.22477401311453,56.581062332101105,0.3193220467040751,False,68.43226611428214,1.9304122176431135
Batch_1,img_f1vzngrs,54,155.0,663.8322580645162,5808.090322580645,18.428847270050355,11.396805801183694,0.014938848754590667,False,14.048207338801282,1.617018627108334
Batch_1,img_f1vzngrs,55,950.0,670.2915789473684,2570.781052631579,56.856607062711305,21.855289301117974,-1.3714070672905936,False,34.77898169151024,2.601503291919494
Batch_1,img_f1vzngrs,56,872.0,682.9839449541284,5062.876146788991,49.281261406019084,23.145083108014845,1.4888989702601179,False,33.32063749403756,2.129232423838375
Batch_1,img_f1vzngrs,57,769.0,689.6814044213264,4953.217165149545,58.839075623707686,18.385007082047167,-1.497581951915331,False,31.29091257699814,3.20038362569703
Batch_1,img_f1vzngrs,58,8940.0,760.0353467561521,4376.190604026846,169.9540243352096,71.0619742378554,-0.4282089982848796,False,106.6900254472383,2.391631053850928
Batch_1,img_f1vzngrs,59,1762.0,720.2803632236096,3873.088535754824,58.71873146772746,43.65615998436635,1.3810235947981484,False,47.36505122791864,1.3450274025190294
Batch_1,img_f1vzngrs,60,2585.0,725.9845261121857,5855.968665377176,85.46256603104958,41.112690060368806,1.132886382712731,False,57.370063823743436,2.0787393358488235
Batch_1,img_f1vzngrs,61,5409.0,756.1299685709004,5410.6866333887965,165.3244050306051,45.46382667083895,1.284821671094792,False,82.98766593580335,3.6363944070868586
Batch_1,img_f1vzngrs,62,36136.0,858.7198085012176,5864.096883993801,381.5237035473821,138.74286165871433,1.168193497735156,False,214.49891418967567,2.7498618594581865
Batch_1,img_f1vzngrs,63,322.0,824.6521739130435,2942.226708074534,32.177421153895956,13.323200411035982,-0.2584887697978898,False,20.248040236149336,2.4151420200241445
Batch_1,img_f1vzngrs,64,13509.0,871.9935598489895,97.40891257680065,270.52223438898017,71.783113314078,-1.2439180445140796,True,131.14950632704384,3.7686054825365978
Batch_1,img_f1vzngrs,65,1688.0,866.6184834123222,4370.966232227488,72.47726996435632,30.96621944334441,-0.8348125545162184,False,46.35977083110911,2.340526911816286
Batch_1,img_f1vzngrs,66,3806.0,884.7285864424592,6939.440882816605,116.2497551634266,44.10672348780036,-0.9986554242758908,False,69.6128559050843,2.635647039063796
Batch_1,img_f1vzngrs,67,259.0,864.7451737451737,2694.3474903474903,28.291595557159688,12.385567820240736,-0.5951093779227596,False,18.159544104586082,2.2842388792966775
Batch_1,img_f1vzngrs,68,7984.0,1004.9860971943888,3618.6541833667334,147.87558143351333,83.66019460484097,-0.03478800531395215,False,100.82432506674934,1.767573959539374
Batch_1,img_f1vzngrs,69,1683.0,962.4533571004159,2220.2798573975047,56.384667291869036,41.73207083239603,-0.7678315707412132,False,46.291059112848984,1.3511111758225618
Batch_1,img_f1vzngrs,70,116.0,947.8448275862069,1425.6724137931035,14.787123832467874,10.099372764567894,-1.035969563202091,False,12.153015559492998,1.4641625947649182
Batch_1,img_f1vzngrs,71,360.0,960.7583333333333,4254.422222222222,44.78588337246609,10.823537847465598,-1.1340213598338056,False,21.409489393833255,4.137822956192923
Batch_1,img_f1vzngrs,72,5511.0,1017.554345853747,2115.416258392306,113.48841596576663,67.99050539614402,-1.062038530367369,False,83.76647975792872,1.6691803554706768
Batch_1,img_f1vzngrs,73,4710.0,1046.9430997876857,1438.1936305732484,114.61387880443479,62.06079382605851,0.08089165892580796,False,77.44003006005754,1.8468000768032384
Batch_1,img_f1vzngrs,74,2710.0,1036.0003690036901,2344.2059040590407,90.17302256083985,45.24038357270713,1.4427127288735764,False,58.740779414579535,1.9931975690683563
Batch_1,img_f1vzngrs,75,523.0,1061.0210325047801,823.8470363288719,40.181713061059746,21.88394388742098,-0.5408188136552041,False,25.805121233904135,1.8361275859492783
Batch_1,img_f1vzngrs,76,27897.0,1162.2459762698497,395.3841273255189,200.90402744248493,180.1336429944253,-0.4257094260887194,False,188.46634601296017,1.1153054149285286
Batch_1,img_f1vzngrs,77,1807.0,1087.2933038184838,1201.4875484228003,91.40590215155821,28.538083389057295,1.1034190887757787,False,47.966069855017714,3.2029446724024604
Batch_1,img_f1vzngrs,78,729.0,1080.1042524005486,787.1152263374486,54.84738114815045,21.15547289544995,-0.9871694475233814,False,30.46623751157884,2.592585919454764
Batch_1,img_f1vzngrs,79,16929.0,1159.4076436883454,1149.8451769153523,178.80410349740077,136.76064616942023,1.3920139624095256,False,146.81509545282313,1.307423652239086
Batch_1,img_f1vzngrs,80,18257.0,1147.793120446952,6635.991126691132,221.63524241647394,109.2429610886174,1.4619836023433375,False,152.46486273312243,2.0288285872870513
Batch_1,img_f1vzngrs,81,15553.0,1184.7122098630489,5465.5560985018965,184.28791887447906,118.62196183386631,0.42269751742171174,False,140.72204745265037,1.5535733520625796
Batch_1,img_f1vzngrs,82,624.0,1136.4935897435898,186.20833333333334,46.94731610729929,22.34859137887229,-1.1693780823288888,False,28.18690255978371,2.1006834529930116
Batch_1,img_f1vzngrs,83,419.0,1134.1384248210024,1429.2601431980906,32.99540878457553,16.56330941501467,-1.3926584820999832,False,23.09734550211416,1.9920782711856566
Batch_1,img_f1vzngrs,84,113.0,1168.4070796460178,2612.778761061947,15.533575406928737,9.464372770469621,0.1705052948371334,False,11.994835078277376,1.641268342197595
Batch_1,img_f1vzngrs,85,668.0,1186.255988023952,2931.604790419162,61.03476130469772,15.106831990971253,1.0952081087323724,False,29.163744887841286,4.040209180930571
Batch_1,img_f1vzngrs,86,337.0,1207.8516320474778,546.5608308605341,30.913610330765696,17.022490252774038,0.15348712967796357,False,20.71428798138497,1.816045118646957
Batch_1,img_f1vzngrs,87,4580.0,1247.7242358078602,3925.884061135371,119.08193730101272,50.31734370738175,-0.9037290187121129,False,76.36384690995502,2.366618118665571
Batch_1,img_f1vzngrs,88,276.0,1225.123188405797,2633.873188405797,20.862941035444397,17.184587574327534,-0.20750117070490331,False,18.746042631630413,1.214049563028911
Batch_1,img_f1vzngrs,89,24447.0,1347.3943633165622,4134.939951732319,305.68899820064945,104.93461734124412,0.6315261457363499,False,176.42813593681853,2.9131377799430886
Batch_1,img_f1vzngrs,90,22443.0,1347.3955799135588,1429.6213964265028,213.594373787504,149.85797088754572,0.9476106026379836,False,169.04234706868945,1.4253120639661299
Batch_1,img_f1vzngrs,91,1914.0,1266.2884012539184,2821.3636363636365,82.53319546193285,31.990686647880146,-0.3904236193602987,False,49.36578256872974,2.5799132219439835
Batch_1,img_f1vzngrs,92,969.0,1267.7832817337462,4748.4984520123835,45.307909551964954,29.849193163631742,0.5119623999761593,False,35.1250497344612,1.5178939445226987
Batch_1,img_f1vzngrs,93,3454.0,1307.3196294151708,2705.3213665315575,153.6178406041618,34.225788777297225,-0.609474142313351,False,66.31567980135054,4.488365238380135
Batch_1,img_f1vzngrs,94,6601.0,1340.075897591274,4835.1949704590215,162.63381444741452,53.77317582081392,0.71491262638431,False,91.67690131541755,3.0244413123255414
Batch_1,img_f1vzngrs,95,896.0,1297.5926339285713,3968.2008928571427,66.36041144313012,19.992282030090504,-1.0009497624564851,False,33.77606596515802,3.3193014856058287
Batch_1,img_f1vzngrs,96,6411.0,1363.7357666510684,2816.712369365154,137.53920709282195,74.0692807375241,-0.918402021347089,False,90.34787613052742,1.8568994557975163
Batch_1,img_f1vzngrs,97,11320.0,1378.5933745583038,3931.43445229682,190.62214437312522,85.16685186440817,-1.0201311007843834,False,120.05445283870999,2.2382199200765287
Batch_1,img_f1vzngrs,98,2636.0,1438.1126707132019,3394.793247344461,106.76365806133504,33.86758949836951,0.3057547068305078,False,57.93323260376456,3.1523843191283207
Batch_1,img_f1vzngrs,99,408.0,1452.9019607843138,1501.4926470588234,42.983596910720884,12.910736505280545,-0.7925829208015213,False,22.792141940852034,3.3292908497621663
Batch_1,img_f1vzngrs,100,4890.0,1478.483435582822,6135.442126789366,128.1631927207271,53.53441466605804,1.4659635065431733,False,78.90590202104622,2.3940336981396997
Batch_1,img_f1vzngrs,101,14773.0,1567.7337710688419,6725.036214716036,249.61267905134437,79.71397402970888,-1.3301117777427158,False,137.1479777261501,3.1313540955606523
Batch_1,img_f1vzngrs,102,139.0,1570.388489208633,2553.251798561151,17.835131730646207,10.323041460528707,1.4630873589696478,False,13.303394180365686,1.7277012592500776
Batch_1,img_f1vzngrs,103,210.0,1589.5714285714287,2216.766666666667,18.32323517238264,15.458442738857311,0.8422587824928129,False,16.351767622932517,1.1853221881350444
Batch_1,img_f1vzngrs,104,161.0,1627.4968944099378,5123.770186335404,18.623100182783695,11.361351053237982,-1.2707698655733566,False,14.317526556719258,1.6391624636469724
Batch_1,img_f1vzngrs,105,33980.0,1726.5864920541494,2587.3534432018832,350.1246154239583,136.06573137612193,-1.2002105812086192,False,208.00163396017066,2.573202024366595
Batch_1,img_f1vzngrs,106,59260.0,1821.6636010799864,3325.330779615255,368.0423384602876,212.4880235141105,-0.64969541495554,False,274.6855937631345,1.7320615645702375
Batch_1,img_f1vzngrs,107,41667.0,1809.5542515659874,608.7453140374877,268.32163774304854,204.22313049885327,-0.032481964604241687,False,230.33035429677963,1.3138650704629915
Batch_1,img_f1vzngrs,108,1334.0,1735.4730134932533,1314.4730134932533,66.10516903416836,30.765778023430357,0.6984005115772138,False,41.21288090726863,2.1486591037556244
Batch_1,img_f1vzngrs,109,39.0,1715.7692307692307,1776.2820512820513,8.44651067462163,5.9715780773998475,-0.3270569589381003,False,7.046725639945928,1.4144520200763113
Batch_1,img_f1vzngrs,110,577.0,1757.426343154246,2757.258232235702,33.1469458172152,22.54334695634216,-0.5859149392543351,False,27.104597715372734,1.470364887760817
Batch_1,img_f1vzngrs,111,19863.0,1915.0927855812315,819.4231485676887,238.51427168857632,112.31321319905653,0.2692423120011486,False,159.029422048483,2.1236528178198353
Batch_1,img_f1vzngrs,112,1971.0,1822.8168442415017,295.283105022831,79.96878703804701,34.77584909721356,1.0953480288515134,False,50.09546030004122,2.299549518244677
Batch_1,img_f1vzngrs,113,1089.0,1809.998163452709,375.6189164370983,49.934683954783345,29.61171773470484,-1.2871595957426363,False,37.23651251415192,1.686315005504056
Batch_1,img_f1vzngrs,114,187.0,1818.6631016042782,2603.5454545454545,20.49856687891268,12.625935016837753,-0.6618594430935576,False,15.430353037616328,1.6235286219655103
Batch_1,img_f1vzngrs,115,111.0,1825.3513513513512,2883.2702702702704,18.740506221911264,7.768669679668051,0.7169405703852655,False,11.888212206450685,2.412318581514465
Batch_1,img_f1vzngrs,116,669.0,1850.6173393124066,1876.560538116592,72.58255978400942,14.866464467378892,0.641715936386638,False,29.185565874723483,4.882301366493392
Batch_1,img_f1vzngrs,117,27181.0,1966.9895515249623,460.8739192818513,266.64702322512807,155.59217915993247,1.2006767392397237,False,186.0320511778722,1.713755952675763
Batch_1,img_f1vzngrs,118,3651.0,1885.679265954533,307.4538482607505,108.41995115583123,48.233268136914894,-1.12837615917887,False,68.1806246512019,2.24782510793319
Batch_1,img_f1vzngrs,119,21448.0,1954.6956825811264,3566.138148079075,219.8621305076123,167.60813583989034,-0.6406762464075789,False,165.25266035825194,1.3117628771770258
Batch_1,img_f1vzngrs,120,18969.0,1960.056618693658,5050.782803521535,256.21055485280436,117.53442707739329,-0.47850911075653263,False,155.40939779846425,2.1798766644269816
Batch_1,img_f1vzngrs,121,38288.0,1990.4608493522774,6043.532777893857,258.09533817425074,194.82259547525248,0.12728192150076903,False,220.79355898399734,1.3247710695191695
Batch_1,img_f1vzngrs,122,669.0,1894.3318385650225,4312.596412556054,42.750525500190264,24.907855317983064,-0.5112809899747047,False,29.185565874723483,1.716347110356189
Batch_1,img_f1vzngrs,123,3497.0,1931.1366885902203,193.56019445238775,94.05330865792772,49.35273035745295,0.45628812295435384,False,66.72719601436032,1.9057366831929363
Batch_1,img_f1vzngrs,124,1168.0,1938.5890410958905,257.81164383561645,51.01855780261667,32.50713195317878,-1.3011695448093696,False,38.563503319209346,1.5694573694197502
Batch_1,img_f1vzngrs,125,121.0,1930.297520661157,306.3471074380165,17.36203895820885,9.163836528151467,-1.3626597426467435,False,12.412170838050638,1.894625564835466
Batch_1,img_f1vzngrs,126,286.0,1960.548951048951,2798.195804195804,35.7477919155308,10.307996612460284,0.5831124418427145,False,19.08262324195121,3.4679669832563724
Batch_1,img_f1vzngrs,127,5883.0,2029.3880673125957,1378.9447560768315,171.83819834277574,49.44608668840131,-0.3058154637775988,False,86.547491250047,3.475263865180341
Batch_1,img_f1vzngrs,128,10016.0,2015.2496006389777,1215.1805111821086,180.73840296361087,74.48064935917387,1.5168450880002196,False,112.9281509636432,2.4266491299239608
Batch_1,img_f1vzngrs,129,14635.0,2084.3587290741375,2173.111171848309,161.5010799759837,126.12531195346445,-0.5879625256981842,True,136.50590000875093,1.2804811141761268
Batch_1,img_f1vzngrs,130,27295.0,2089.882652500458,1031.4159736215424,281.8600189115107,135.78711099295012,1.4488331622192179,True,186.42176207070423,2.0757494349087704
Batch_1,img_f1vzngrs,131,31061.0,2081.0613309294613,5786.694375583529,291.0700444563591,142.51864466041283,1.5358531952955181,True,198.86702466477163,2.0423295853669394
Batch_1,img_f1vzngrs,132,2120.0,2116.298113207547,6610.1872641509435,82.29078146421438,34.34897092535436,-1.1232286122502066,False,51.95447848683061,2.3957277102433436
Batch_1,img_f1vzngrs,133,2607.0,2124.4614499424624,3165.861143076333,81.9380507257835,42.27040483921404,-1.3712925862590901,True,57.61367453239352,1.938425975276442
Batch_1,img_f1vzngrs,134,676.0,2110.2455621301774,2705.603550295858,37.60840990298826,23.59766573237432,-1.4875782132440718,False,29.33785834448333,1.5937343265012942
Batch_1,img_f1vzngrs,135,1034.0,2129.174081237911,2300.399419729207,40.573983235015476,34.310206355185535,-1.4775604647670333,True,36.2840142384516,1.1825630780236696
Batch_1,img_f1vzngrs,136,494.0,2131.2085020242916,5962.2307692307695,29.27234575750169,22.437207651295896,-0.15387361755828607,True,25.079480359432697,1.3046340798031977
Batch_1,img_f1vzngrs,137,138.0,2139.355072463768,6009.398550724638,18.701681818592842,10.032193814967645,1.3872953709220708,True,13.255453865237978,1.8641667180204051
Batch_1,img_f1vzngrs,138,55.0,2140.8727272727274,6405.472727272727,11.826179297287682,6.127245394218043,1.4286924897376747,True,8.368283871884005,1.9300972192899963
Batch_1,img_ffwubibz,1,31717.0,73.54393542894978,2966.2599237002237,285.70613190720456,158.25894601372826,1.4013487861979477,True,200.95606146709073,1.8053079405850512
Batch_1,img_ffwubibz,2,6957.0,24.980738824205837,3187.476211010493,158.03068400683225,71.43884089142652,-1.4515714468567364,True,94.11656343451203,2.2121115353342433
Batch_1,img_ffwubibz,3,437.0,5.938215102974828,3291.4691075514875,40.210510898383816,16.407832139666244,-1.3751995839964017,True,23.58825303088947,2.4506900458333036
Batch_1,img_ffwubibz,4,6766.0,66.77076559266924,5489.99142772687,160.15339094359814,55.42545833743991,0.3641889369645437,True,92.81561700316446,2.889527588000377
Batch_1,img_ffwubibz,5,8657.0,34.99422432713411,6088.107196488391,142.52729587130645,90.1190294120316,-1.252577178900161,True,104.98778375969418,1.5815449500644305
Batch_1,img_ffwubibz,6,3196.0,59.39424280350438,4165.420525657071,87.3247364560133,54.07205828489951,1.4263100970651361,False,63.79085816144489,1.6149697131170635
Batch_1,img_ffwubibz,7,171.0,50.97076023391813,2037.0350877192982,19.559995613142686,11.468445431095157,-1.5062091809618232,False,14.755472278097805,1.705548997958204
Batch_1,img_ffwubibz,8,37547.0,207.76296375209736,3229.1718645963724,286.66872194839294,184.44215240449327,-0.4939386198071056,False,218.64657597632566,1.5542473247639745
Batch_1,img_ffwubibz,9,817.0,93.96328029375765,5657.555691554468,50.85714841610667,23.153591598900444,-0.45842599129622147,False,32.252700786889584,2.196512286176882
Batch_1,img_ffwubibz,10,1113.0,89.25067385444744,6143.104222821204,66.1456701837075,23.750020683925797,-1.0723179763846822,False,37.64459607022283,2.785078424309559
Batch_1,img_ffwubibz,11,1256.0,119.04299363057325,1621.2261146496814,58.06706672728964,38.11253853162582,-0.22047311197501104,False,39.989859566987285,1.5235685935510574
Batch_1,img_ffwubibz,12,1363.0,116.36977256052825,6061.953778429934,60.15132310539408,36.51106571732038,-1.3300325930969819,False,41.658438514591815,1.6474819872721236
Batch_1,img_ffwubibz,13,101.0,113.65346534653466,1128.5247524752476,18.12165383160919,7.646342811953509,0.4919190209825928,False,11.340070282773887,2.3699766381491103
Batch_1,img_ffwubibz,14,17344.0,207.45133763837637,4194.2849400369005,250.9624850587542,94.97362063477513,1.0494583018057402,False,148.60372358688278,2.64244411639144
Batch_1,img_ffwubibz,15,248.0,127.65725806451613,6481.399193548387,21.450858270730347,16.06677056828112,1.2049571968988342,False,17.769732893161912,1.335107025993042
Batch_1,img_ffwubibz,16,816.0,131.80514705882354,6137.783088235294,86.13389982522749,13.649061840762887,-1.3662930902086576,False,32.23295624828558,6.310609537132349
Batch_1,img_ffwubibz,17,1496.0,168.32486631016042,2269.369652406417,59.688615061100975,33.99832811125543,1.2073196965708892,False,43.64362907600379,1.7556338319277693
Batch_1,img_ffwubibz,18,1231.0,201.39805036555646,4294.769293257515,83.75950865163158,20.91597231406575,0.3214579179967964,False,39.58987092134787,4.004571596956278
Batch_1,img_ffwubibz,19,627.0,174.94417862838915,4330.296650717703,41.517625945091474,20.28810396542458,1.3323197446166215,False,28.254578293596012,2.046402464017668
Batch_1,img_ffwubibz,20,539.0,194.25231910946198,1287.7996289424862,57.492456338852506,12.719284410178302,0.6097224249779473,False,26.196872229566885,4.520101484077638
Batch_1,img_ffwubibz,21,4395.0,202.21843003412968,2739.7285551763366,104.83796107350166,59.11233209342679,1.2870701666979425,False,74.8056668916937,1.7735378957440846
Batch_1,img_ffwubibz,22,1067.0,200.64573570759137,1679.2802249297094,52.373645817933756,29.46510205645985,-1.1253649747473538,False,36.85846706297507,1.7774805502990445
Batch_1,img_ffwubibz,23,164.0,196.92073170731706,4313.012195121952,26.56129816285033,11.133530463529137,0.7999959644759911,False,14.450303987687134,2.3857031019818002
Batch_1,img_ffwubibz,24,17092.0,283.221273110227,1388.1959981277791,256.6125485757683,97.32423876105945,-1.1002500148902683,False,147.52020301847946,2.6366766577622793
Batch_1,img_ffwubibz,25,86.0,202.2093023255814,6617.697674418605,13.253379840889895,8.454993604014827,1.1344850874534704,False,10.464157913908982,1.5675209777328003
Batch_1,img_ffwubibz,26,21904.0,279.6759495982469,751.5922205989774,287.7659973491472,107.0398914882892,1.204390562134602,False,167.00011673013586,2.688399561584295
Batch_1,img_ffwubibz,27,886.0,244.74604966139955,6594.047404063205,48.868185218202385,25.76043790623885,-0.9759813488472929,False,33.5870545989873,1.8970246311832741
Batch_1,img_ffwubibz,28,1339.0,256.3412994772218,2809.9895444361464,67.09428242129674,28.75679555168368,0.6127097542340122,False,41.29004420438882,2.333162688475157
Batch_1,img_ffwubibz,29,608.0,246.60197368421052,6117.75,37.715349156273874,22.977489142037015,0.09859196933253173,False,27.823185353208192,1.6414042858701274
Batch_1,img_ffwubibz,30,87.0,247.7816091954023,3807.7241379310344,13.266455191357748,8.73872321611548,-0.5335675707144941,False,10.524820207108489,1.5181228267869236
Batch_1,img_ffwubibz,31,28947.0,328.1706221715549,5626.853629046188,281.7312596674906,136.90046612961027,1.2956960610933725,False,191.98037686557643,2.057927687410224
Batch_1,img_ffwubibz,32,366.0,267.655737704918,6644.390710382514,26.82077037422984,19.085696806580973,0.3339318806960599,False,21.587164551489145,1.4052811718659244
Batch_1,img_ffwubibz,33,8415.0,322.33060011883543,2776.412240047534,139.97524079433293,85.70556060125027,0.6445529294952632,False,103.50995492679144,1.6332107253294248
Batch_1,img_ffwubibz,34,8383.0,357.875581534057,2886.098890611953,117.00869365119402,95.24409065171552,0.7485826279600607,False,103.31295709403962,1.2285139461204617
Batch_1,img_ffwubibz,35,141.0,317.6737588652482,4360.014184397163,19.658303184543133,10.11358890872108,0.7239421992932661,False,13.398760233979036,1.9437514577630814
Batch_1,img_ffwubibz,36,16498.0,383.2099648442235,4456.739422960359,154.112068724089,145.48872993778434,1.1472519716665321,False,144.93414369651038,1.0592715242616544
Batch_1,img_ffwubibz,37,7877.0,422.45106004824174,5155.824298590834,164.95507978726803,64.53849067209981,-0.9756492347795346,False,100.1464322573644,2.555917841731905
Batch_1,img_ffwubibz,38,32990.0,486.57341618672325,1267.714549863595,246.49150852139823,192.31322820715158,-1.277958140560319,False,204.94919512116417,1.2817189478816722
Batch_1,img_ffwubibz,39,226.0,426.6725663716814,4940.526548672567,24.482746281240185,13.612895746204169,1.260227880520136,False,16.96325844612841,1.7984965680844927
Batch_1,img_ffwubibz,40,1787.0,518.0251818690543,2116.681589255736,94.68295147720498,26.659702531992906,1.2977416452526367,False,47.69988539233334,3.5515381825277665
Batch_1,img_ffwubibz,41,4328.0,560.0288817005545,4534.353049907579,141.69072870791476,46.74993039215858,0.24615502429255492,False,74.23328599498869,3.0308222390782578
Batch_1,img_ffwubibz,42,15500.0,551.8846451612903,4861.011096774194,191.35400768689922,107.78979166278853,1.3953989270580438,False,140.48207338801282,1.7752516702651624
Batch_1,img_ffwubibz,43,1524.0,533.4370078740158,5467.05905511811,54.28793143906973,40.99533171383022,0.794664821317314,False,44.05016533653861,1.3242466683287042
Batch_1,img_ffwubibz,44,1221.0,537.3923013923014,6694.905814905815,52.87414258157868,35.235733377768604,-1.2898911175027081,False,39.42873931692001,1.5005830023375855
Batch_1,img_ffwubibz,45,38323.0,681.7104349868225,6914.641520757769,291.50720382311874,173.31179672449323,-0.2997971774394762,True,220.89445233614546,1.6819813153660623
Batch_1,img_ffwubibz,46,2168.0,539.6517527675277,2214.106549815498,138.46138112143328,22.700827386075357,1.3283378963602757,False,52.53935032892806,6.099397998434419
Batch_1,img_ffwubibz,47,4462.0,556.4175257731958,5541.218511878082,118.68859171613649,48.491804792119964,-1.1259893725811483,False,75.37370130627987,2.447601037431869
Batch_1,img_ffwubibz,48,2013.0,558.492300049677,6838.782911077993,76.51801212541325,37.62024777648871,-1.1678370705941379,False,50.626388411103186,2.0339582179263114
Batch_1,img_ffwubibz,49,5653.0,598.5306916681408,6534.4602865735005,95.70727902739024,77.9820679164877,1.3142812168221296,False,84.83880684208067,1.2272985518912474
Batch_1,img_ffwubibz,50,236.0,582.5932203389831,6734.004237288135,28.43584955104122,11.376845962594315,-1.3173515705698082,False,17.334489682638438,2.4994492888920914
Batch_1,img_ffwubibz,51,7093.0,641.2001973776963,6743.150570985478,129.03039172046024,72.4596625618329,-0.8625232149607449,False,95.03203718118701,1.780720295383009
Batch_1,img_ffwubibz,52,3027.0,693.3237528906508,849.2114304592005,101.80677426289755,41.775778886270245,1.0296360806154292,False,62.081366785158146,2.4369808768869343
Batch_1,img_ffwubibz,53,5252.0,767.6031987814166,4924.852246763138,146.98591811169004,51.55457107195428,0.6786019736770694,False,81.77440974381335,2.8510744063129345
Batch_1,img_ffwubibz,54,4571.0,749.2760883832859,3264.081820170641,131.8770632640707,49.1034021565137,1.3805091254618909,False,76.2887800333996,2.685701142330661
Batch_1,img_ffwubibz,55,786.0,768.2111959287532,4858.844783715012,53.1944306783355,22.807335034007814,0.8446366277022983,False,31.634890266315733,2.3323387234421626
Batch_1,img_ffwubibz,56,5725.0,818.0244541484716,5902.042445414847,124.92651600845157,65.7377271902869,-0.05113264998616691,False,85.37737635702332,1.900377779213975
Batch_1,img_ffwubibz,57,1990.0,841.3743718592965,4276.695979899498,68.43485625588715,38.290510566185205,-1.3701624871447866,False,50.33633572304378,1.7872536888114199
Batch_1,img_ffwubibz,58,32495.0,967.9555316202493,4369.566671795661,260.45788376704104,162.2581469638023,0.9189774683227832,False,203.40579885089096,1.6052068179057033
Batch_1,img_ffwubibz,59,1585.0,922.4914826498423,31.64794952681388,65.54279279107132,32.00966553519803,-0.16762338215119799,False,44.92309738213999,2.047593803159238
Batch_1,img_ffwubibz,60,186.0,893.8172043010753,4469.0053763440865,24.181336172865034,10.011656530117142,-1.5235312925836832,False,15.389040103942165,2.415318194359001
Batch_1,img_ffwubibz,61,9596.0,943.7211338057524,1632.2998124218425,148.0543439220259,89.247896895681,1.45390707146959,False,110.53509248776436,1.6589112917146034
Batch_1,img_ffwubibz,62,682.0,935.4677419354839,5631.951612903225,53.224066884145465,20.587863816633202,0.750483209493403,False,29.467768315727287,2.5852156084860565
Batch_1,img_ffwubibz,63,162.0,947.783950617284,5595.79012345679,15.767271635095337,13.608849931489061,0.7397152234779619,False,14.361922094451577,1.1586042696092913
Batch_1,img_ffwubibz,64,624.0,992.5352564102565,2269.915064102564,51.38831224682302,16.398980556892358,0.4514274572922038,False,28.18690255978371,3.1336284635830567
Batch_1,img_ffwubibz,65,4420.0,1025.522850678733,175.16674208144795,90.07655317369853,65.42468510769154,0.8045200812064076,False,75.01812306189365,1.3767976571141163
Batch_1,img_ffwubibz,66,8163.0,1072.5177018253094,1349.109763567316,151.94053985893134,76.33740239617487,1.3789751433531212,False,101.94829279430398,1.9903813214705983
Batch_1,img_ffwubibz,67,3478.0,1098.605807935595,3728.1538240368027,95.42812910829619,53.91953116021439,0.7194854209305046,False,66.54567706912971,1.7698249049077368
Batch_1,img_ffwubibz,68,988.0,1086.81983805668,6005.128542510121,78.85626025158065,18.089287010963147,-0.8355775766947307,False,35.467741261579384,4.359279622452186
Batch_1,img_ffwubibz,69,6548.0,1121.6847892486255,4353.748320097739,112.43618897739724,91.65053353103326,1.203891948701193,False,91.30811869119769,1.2267925198637917
Batch_1,img_ffwubibz,70,310.0,1079.967741935484,5855.612903225807,25.54854103043828,16.411831764662317,-1.364703751986487,False,19.867165345562018,1.5567147772894536
Batch_1,img_ffwubibz,71,3818.0,1115.8947092718702,6530.412519643793,92.23864325239094,58.10873842796553,-0.801156862838925,False,69.72251129871077,1.5873454793160677
Batch_1,img_ffwubibz,72,2709.0,1115.3540051679586,5563.406792174234,92.41570891274387,40.95646262910401,0.8283207247396179,False,58.72994063241981,2.256437762939822
Batch_1,img_ffwubibz,73,2720.0,1158.616911764706,3719.284191176471,69.68592035262931,53.47734363935059,0.22903209634864935,False,58.84905744087702,1.3030924053107202
Batch_1,img_ffwubibz,74,3936.0,1175.7083333333333,2418.301575203252,113.68226812228005,44.86385493033149,0.19885594390703445,False,70.79174279587698,2.5339389202915306
Batch_1,img_ffwubibz,75,4590.0,1187.2261437908496,1326.0727668845316,124.4238213887134,55.34092887807817,0.2564500703210851,False,76.44716809885372,2.248314654472679
Batch_1,img_ffwubibz,76,16671.0,1256.478135684722,5092.862515745906,229.26338532114272,96.70066289473002,-0.6099185776956535,False,145.69206035429625,2.3708563980654684
Batch_1,img_ffwubibz,77,3663.0,1214.3371553371553,4406.795522795523,78.10713681531554,64.47319508247335,-0.5844164998665093,False,68.29257977529404,1.211466823001432
Batch_1,img_ffwubibz,78,779.0,1191.1450577663672,2621.2965340179717,60.0269555702311,21.169205633097388,1.0418130061509119,False,31.493707392885515,2.8355790297761976
Batch_1,img_ffwubibz,79,210.0,1196.1714285714286,6487.866666666667,19.383905073310764,15.727593415091171,-1.4256168932336963,False,16.351767622932517,1.23247750381894
Batch_1,img_ffwubibz,80,235.0,1198.4212765957448,532.9829787234042,26.48742527718989,12.201750750588525,1.348500946162347,False,17.297725082009,2.1707889153458018
Batch_1,img_ffwubibz,81,749.0,1227.9385847797062,2375.086782376502,35.9555607077312,27.118776170458844,-0.009045688762496304,False,30.881327999401787,1.3258548424798935
Batch_1,img_ffwubibz,82,2669.0,1243.1491195204196,2736.814911952042,110.56169625477847,32.321890473099074,1.1933890669685019,False,58.29473685418049,3.420644480767515
Batch_1,img_ffwubibz,83,288.0,1250.2569444444443,4563.517361111111,38.40845814099191,11.783051584858024,-0.5129295666876805,False,19.149229459268767,3.2596359155678516
Batch_1,img_ffwubibz,84,104.0,1245.1346153846155,4521.5,13.078979827390022,10.570112058216107,-1.2349522118170264,False,11.507254783503184,1.2373548885154704
Batch_1,img_ffwubibz,85,2767.0,1323.019877123238,4629.653776653416,81.8140803774565,49.27868591401147,-1.0090707199108049,False,59.355318382451586,1.6602325906217845
Batch_1,img_ffwubibz,86,226.0,1373.4115044247787,739.9557522123894,40.05847599662572,8.744804514931197,0.9172085800178239,False,16.96325844612841,4.580831501519379
Batch_1,img_ffwubibz,87,972.0,1377.3497942386832,6061.622427983539,43.205814761053226,29.761437876494835,-1.1284917892888038,False,35.17938085701024,1.4517381498955253
Batch_1,img_ffwubibz,88,15966.0,1492.2863585118378,2830.064637354378,253.7706540227762,89.84961479324808,1.237391125532565,False,142.5781980922806,2.824393344442544
Batch_1,img_ffwubibz,89,236.0,1444.0,6231.974576271186,24.343997004000943,12.915769242753159,-1.3999978480228477,False,17.334489682638438,1.8848274962530776
Batch_1,img_ffwubibz,90,67.0,1481.6567164179105,4779.55223880597,10.229722080271303,8.484738662458113,0.5802866224993953,False,9.23618154310838,1.2056614219049677
Batch_1,img_ffwubibz,91,11503.0,1577.8004868295227,3195.554811788229,159.14996116425036,99.75645393118981,-1.2918013645219804,False,121.02096712177017,1.59538510935873
Batch_1,img_ffwubibz,92,17360.0,1701.9171658986174,5181.1502880184335,174.3346055952245,143.48071989459405,0.3340923635670407,False,148.6722519389628,1.2150385481986485
Batch_1,img_ffwubibz,93,2385.0,1694.6637316561844,5303.9568134171905,73.43938250386613,47.47382379502133,0.5666174592616647,False,55.10604607657279,1.546944750457785
Batch_1,img_ffwubibz,94,12932.0,1758.0602381688834,792.1125889266934,179.943008903488,98.78066521115099,0.10997464519699061,False,128.31809612254668,1.8216420037144565
Batch_1,img_ffwubibz,95,1706.0,1714.5398593200468,1442.3528722157093,86.05871118095702,29.947317439618722,-0.6467696779361682,False,46.60629424571522,2.87367011601199
Batch_1,img_ffwubibz,96,15228.0,1792.8482400840558,289.41555030207513,205.9627625290257,101.85085154398858,-0.6307314912631901,False,139.24400090211088,2.0221997107218295
Batch_1,img_ffwubibz,97,259.0,1729.984555984556,2048.1737451737454,21.636717667638372,16.140275439581515,-0.3910006375498782,False,18.159544104586082,1.340542034033551
Batch_1,img_ffwubibz,98,3104.0,1769.7503221649486,5344.757409793814,74.10195978842903,54.26027115568218,-0.09403177823086709,False,62.86601265276767,1.3656761790927578
Batch_1,img_ffwubibz,99,26691.0,1820.5280431606159,115.7456071334907,304.59731492470974,116.18271202485603,-0.921877674911944,True,184.3475974579713,2.6217094575959328
Batch_1,img_ffwubibz,100,420.0,1872.0357142857142,4350.402380952381,54.83506466694035,10.453978204336051,-0.8203622029934691,False,23.12489154112443,5.24537774951512
Batch_1,img_ffwubibz,101,564.0,1870.1063829787233,4385.209219858156,36.64687955725812,19.90502148965063,-0.7374988956182865,False,26.797520467958073,1.8410871636743629
Batch_1,img_ffwubibz,102,12006.0,1931.6471764117941,6326.927452940196,188.44965521059072,84.62261314681473,1.3049448724342718,False,123.63864272180588,2.226942045427536
Batch_1,img_ffwubibz,103,108.0,1898.6296296296296,498.43518518518516,16.039346103436714,8.685639688223791,0.38525948009646616,False,11.726460285670077,1.8466511021845935
Batch_1,img_ffwubibz,104,4156.0,1929.8683830606353,2364.7146294513955,126.8610757872628,46.808747166174946,1.4904062999668748,False,72.74327149585271,2.710200196918226
Batch_1,img_ffwubibz,105,5745.0,1954.603133159269,3583.354221061793,113.89948192973071,67.97643503603479,0.7303048579933757,False,85.52637712719691,1.675573040412487
Batch_1,img_ffwubibz,106,4246.0,1962.9286387187942,572.9891662741404,108.30180205976133,52.88600283066312,1.0317885942994824,False,73.52669655945044,2.047834895114598
Batch_1,img_ffwubibz,107,104.0,1977.75,3696.230769230769,13.759465651455297,9.666458430877842,-0.32381793338281567,False,11.507254783503184,1.4234236612969902
Batch_1,img_ffwubibz,108,1407.0,2002.63539445629,3769.10803127221,48.227140455835475,39.15024618157594,-0.3577982020440527,False,42.32550105364819,1.2318476934260278
Batch_1,img_ffwubibz,109,101.0,1989.6138613861385,3702.831683168317,13.449710572344435,9.570427411268067,-1.4258586129563424,False,11.340070282773887,1.4053406388631047
Batch_1,img_ffwubibz,110,394.0,2001.0583756345177,5986.248730964467,37.51230122726142,15.606393224033352,1.570402692451526,False,22.397686948112614,2.403649625430023
Batch_1,img_ffwubibz,111,2204.0,2034.1215970961887,1704.7667876588023,74.03297580443616,40.84587589512902,0.07401837217923873,True,52.97376668310739,1.8124957338291476
Batch_1,img_ffwubibz,112,2562.0,2039.5405932864949,2556.2599531615924,81.75195075472597,40.972769042619824,-0.5206126885969657,True,57.11426891426946,1.995275219736496
Batch_1,img_ffwubibz,113,2164.0,2052.362292051756,3719.3359519408505,60.875118766621846,50.66449167956913,0.10083225550474492,True,52.49085991681687,1.201534185946846
Batch_1,img_fzrt2k6r,1,1192.0,13.009228187919463,1706.505033557047,61.62869924502479,28.787738295896055,-1.251733986063701,True,38.95768906550174,2.140796842446303
Batch_1,img_fzrt2k6r,2,2869.0,36.94980829557337,5602.207737887766,94.60045363333752,43.60405634387031,0.36045229934510653,True,60.439426319623365,2.169533331653813
Batch_1,img_fzrt2k6r,3,548.0,6.802919708029197,5663.479927007299,41.981234666045076,19.038547397985223,-1.4538982976126584,True,26.414679072721462,2.2050650077688063
Batch_1,img_fzrt2k6r,4,1560.0,20.03397435897436,6943.465384615384,57.03437410457972,37.01914220727553,0.7789279589697272,True,44.56740613707347,1.5406724927670126
Batch_1,img_fzrt2k6r,5,2827.0,95.1853555005306,1542.7018040325434,73.75089938972921,57.933506621796084,0.15082824375227924,False,59.99540143182897,1.2730266764481026
Batch_1,img_fzrt2k6r,6,33102.0,143.73382272974442,1340.851549755302,316.07819427361517,136.75574014286823,1.2153847533864577,False,205.29679834284644,2.3112608943756907
Batch_1,img_fzrt2k6r,7,149.0,156.40939597315437,3863.0604026845635,16.991738966720842,11.397801439286383,0.6744181855987973,False,13.773623058786647,1.4907909264108654
Batch_1,img_fzrt2k6r,8,28513.0,224.84210710903798,95.25058745133799,238.080583973104,162.1355770370701,-1.1910519316157322,True,190.53576866046356,1.4684043337303454
Batch_1,img_fzrt2k6r,9,10657.0,223.82180726283195,606.9483907290983,149.0008630870312,103.61752779118498,0.6187569788939784,False,116.48568078627788,1.4379889798886623
Batch_1,img_fzrt2k6r,10,107.0,189.1214953271028,3898.5607476635514,14.340970215282011,10.649217669648147,-0.30020670905740665,False,11.67204486311899,1.3466688972050884
Batch_1,img_fzrt2k6r,11,7994.0,236.5946960220165,5095.023767825869,182.1847174071056,57.74238852661868,1.267368048549211,False,100.88744679400352,3.1551295686897367
Batch_1,img_fzrt2k6r,12,106.0,219.0754716981132,3677.9622641509436,16.220714732832555,8.618812445691763,-0.5765157076268947,False,11.617374563210365,1.8820127291365658
Batch_1,img_fzrt2k6r,13,12814.0,282.7604963321367,6643.08295614172,148.74912205873287,113.21714402053314,0.976596382052,False,127.73132554794996,1.313839201170413
Batch_1,img_fzrt2k6r,14,362.0,229.0331491712707,6243.903314917127,27.363615023766112,17.13431527324038,0.085590928577088,False,21.468877828012552,1.5970066260249924
Batch_1,img_fzrt2k6r,15,5285.0,271.65733207190164,6303.640491958373,108.38299561852997,65.20813644917145,1.0279573217112414,False,82.0309148670508,1.6621084656055543
Batch_1,img_fzrt2k6r,16,86.0,238.5581395348837,680.3255813953489,13.154658721471979,8.430022765666745,0.3839385764347931,False,10.464157913908982,1.5604535227410568
Batch_1,img_fzrt2k6r,17,25386.0,303.7500984794769,4194.101945954463,364.1077959673636,103.02511771303053,1.4014253222322228,False,179.7844795377144,3.5341652991997656
Batch_1,img_fzrt2k6r,18,1618.0,255.74103831891225,5619.1773794808405,58.99761721075224,39.12376416718207,-1.3180671026378061,False,45.38834193249951,1.507973950529045
Batch_1,img_fzrt2k6r,19,1946.0,295.4917780061665,5202.336073997944,63.06959973860667,44.314095511340966,0.9975642843718496,False,49.77674310413073,1.4232401453949513
Batch_1,img_fzrt2k6r,20,839.0,297.75923718712755,4664.187127532777,74.16308960459017,16.771702427351073,1.5138269376928208,False,32.684063058818154,4.421917806247622
Batch_1,img_fzrt2k6r,21,55.0,292.6363636363636,2.1818181818181817,11.469362958618929,6.352522315564192,0.1746332718410483,True,8.368283871884005,1.805481726607723
Batch_1,img_fzrt2k6r,22,23067.0,446.39974855854683,1305.5080417913036,246.79983015442022,128.1706643167338,0.4094117439671566,False,171.37624274795502,1.9255563000323652
Batch_1,img_fzrt2k6r,23,668.0,324.38473053892216,6760.541916167665,38.901962725369124,23.56240673308578,-1.5210120622820849,False,29.163744887841286,1.6510182158405702
Batch_1,img_fzrt2k6r,24,2286.0,349.7169728783902,6345.535433070866,85.28384675024415,37.9451962248423,0.6256545113871327,False,53.95021407987722,2.2475531881532285
Batch_1,img_fzrt2k6r,25,1859.0,346.7165142549758,3019.883270575578,76.14750680299525,33.61327394701856,1.3249136746603987,False,48.651334140624215,2.265399881101121
Batch_1,img_fzrt2k6r,26,86569.0,529.1729949520036,5873.339832965611,365.2007147608599,309.1946221384511,-1.1032033691825696,False,331.9986056419188,1.1811354034396186
Batch_1,img_fzrt2k6r,27,312.0,471.6121794871795,4821.160256410257,30.241919823545697,13.62477656832554,0.7578737368787918,False,19.931149940667517,2.21962684465969
Batch_1,img_fzrt2k6r,28,35163.0,635.7449307510735,4768.212808918465,250.11364122151713,202.69822110663733,0.7499514872268376,False,211.59140368059033,1.2339212443800138
Batch_1,img_fzrt2k6r,29,413.0,546.6101694915254,3210.7070217917676,35.790541895740354,16.714010706774822,-0.8987541640643721,False,22.93137440223813,2.141349704965373
Batch_1,img_fzrt2k6r,30,365.0,548.9945205479452,3141.33698630137,38.696509966798146,12.124737319408808,-1.3212890241069264,False,21.557653718072718,3.191533882128257
Batch_1,img_fzrt2k6r,31,648.0,619.3055555555555,572.7283950617284,48.73890802671814,17.58837349393701,0.7428549210899629,False,28.723844188903154,2.771086709269576
Batch_1,img_fzrt2k6r,32,226.0,622.2522123893805,519.137168141593,31.004286361487335,10.364994322966757,-1.2536213365015314,False,16.96325844612841,2.991249719528358
Batch_1,img_fzrt2k6r,33,11364.0,725.6948257655755,5579.050070397747,210.7994607880717,78.95220256045637,-0.5319106764598475,False,120.28754792733282,2.669963014985623
Batch_1,img_fzrt2k6r,34,6138.0,684.7836428804171,2608.07559465624,124.2934378987184,68.35041259494047,1.0548800591289418,False,88.40330494718187,1.818473849387107
Batch_1,img_fzrt2k6r,35,3321.0,689.4923215898825,4520.93315266486,98.00984283446826,44.79915447059086,-1.1153774206531983,False,65.02636794459211,2.1877609966681053
Batch_1,img_fzrt2k6r,36,9324.0,714.2768125268125,3805.6284856284856,177.94398642204013,71.46225751354241,-1.4552785164271558,False,108.9572646275165,2.490041493417962
Batch_1,img_fzrt2k6r,37,1520.0,703.8828947368421,1626.4756578947367,75.02742841728065,33.078905376912076,1.2367981236792958,False,43.992318738587166,2.268135162345704
Batch_1,img_fzrt2k6r,38,3285.0,735.3707762557077,5340.294672754947,79.76042707728112,55.877898538808594,-1.0273744059471144,False,64.67296115421814,1.42740563197604
Batch_1,img_fzrt2k6r,39,485.0,713.5298969072165,5282.119587628866,30.62333784860319,20.705221634254045,-1.3399768595334722,False,24.849973424463737,1.4790152160429395
Batch_1,img_fzrt2k6r,40,12084.0,789.8069347898047,687.8542701092354,171.0921458017614,100.68179652140358,0.5093218402343337,False,124.03961729455516,1.6993354480458593
Batch_1,img_fzrt2k6r,41,3146.0,794.256834075016,3088.955499046408,102.41726914464942,46.16773209348274,0.9241397299342256,False,63.28990130926751,2.2183734071509034
Batch_1,img_fzrt2k6r,42,8091.0,847.701643801755,71.24842417500928,141.87724952222658,90.09847158664614,-0.14691297249839663,False,101.4976903995958,1.5746909689337591
Batch_1,img_fzrt2k6r,43,2850.0,818.2126315789474,4701.455087719298,85.0206690822308,50.19041970500009,-0.2784104939935035,False,60.238963325203514,1.693962106353154
Batch_1,img_fzrt2k6r,44,485.0,806.1628865979382,5341.311340206185,40.5634790976558,18.06842279966252,-0.36372161982638673,False,24.849973424463737,2.2449928002799138
Batch_1,img_fzrt2k6r,45,9204.0,890.7168622338114,2457.7736853541937,121.32010842537018,105.46940319845241,0.08682124293932622,False,108.25385337133473,1.1502872373051443
Batch_1,img_fzrt2k6r,46,37.0,832.5405405405405,5332.405405405405,8.710197596674172,5.605573166259591,-0.04978199488358673,False,6.863662517577698,1.5538460275751236
Batch_1,img_fzrt2k6r,47,4184.0,939.8193116634799,4551.413479923518,171.19332462517468,43.089892465067656,0.09847218134909536,False,72.98790485533833,3.9729345986174973
Batch_1,img_fzrt2k6r,48,371.0,856.4177897574124,4247.504043126684,29.611255009543875,16.69588303631753,1.2814926090389684,False,21.73411767467788,1.7735662705070663
Batch_1,img_fzrt2k6r,49,1602.0,892.8870162297129,1221.1622971285892,67.15863879025646,33.1476914341985,-1.458435863374399,False,45.16336735304101,2.0260427162347976
Batch_1,img_fzrt2k6r,50,3954.0,951.9590288315629,5447.418057663126,81.19664997976238,71.48905133238328,1.1049302589314787,False,70.95342951459664,1.1357914039486174
Batch_1,img_fzrt2k6r,51,4290.0,967.9801864801865,4349.246153846154,103.66616447078134,56.58124932112576,1.1002879981914366,False,73.90668201802762,1.8321646431386849
Batch_1,img_fzrt2k6r,52,1142.0,969.8073555166375,4268.071803852889,53.62498014438823,33.74386527780455,0.8943937340197898,False,38.13187066074199,1.5891771645870318
Batch_1,img_fzrt2k6r,53,196.0,962.734693877551,2108.280612244898,19.348451385572428,13.838216568972852,-0.7072635259493727,False,15.797308339337176,1.3981896647689607
Batch_1,img_fzrt2k6r,54,115.0,962.3739130434783,4238.930434782608,15.43805238807459,9.736303825737567,1.1913060383135625,False,12.100518486599809,1.5856173620285614
Batch_1,img_fzrt2k6r,55,228.0,979.0964912280701,2093.8903508771928,23.622622777416417,13.032301547924945,1.1625991670418214,False,17.03815178355966,1.812620947309012
Batch_1,img_fzrt2k6r,56,21352.0,1086.6282783814163,1625.6688366429373,302.61826892447044,112.90394734886989,0.40152101480360347,False,164.8824149483055,2.6803161096696546
Batch_1,img_fzrt2k6r,57,10771.0,1084.4763717389285,2435.5343979203417,187.15103308547984,81.93320840792614,0.20914650178297417,False,117.10705843945718,2.284190216910571
Batch_1,img_fzrt2k6r,58,71.0,987.6197183098592,5432.12676056338,9.818452568168583,9.26368194037512,-0.2577136383986823,False,9.507891862878783,1.0598866229825459
Batch_1,img_fzrt2k6r,59,17865.0,1108.1806884970613,4114.155107752589,286.4979056539669,88.96676602604215,-0.7797908905758261,False,150.81917804673807,3.220280093918485
Batch_1,img_fzrt2k6r,60,440.0,1034.5704545454546,5.427272727272728,41.64549702040321,14.210027866727554,0.05174563997417788,True,23.66908109081279,2.9307118473648575
Batch_1,img_fzrt2k6r,61,5113.0,1063.9908077449638,57.82358693526305,96.49119559799902,80.04251841812358,1.4191215178768488,False,80.68502830284493,1.2054992459626441
Batch_1,img_fzrt2k6r,62,1134.0,1034.6860670194003,5249.632275132275,95.87974406195295,17.550658925654616,1.5594599669221292,False,37.99807421080277,5.463028167096397
Batch_1,img_fzrt2k6r,63,759.0,1047.038208168643,2172.2068511198945,38.24557076205281,26.834175456239866,1.0864059436028808,False,31.086794856562303,1.4252560442716864
Batch_1,img_fzrt2k6r,64,226.0,1041.4823008849557,4308.123893805309,22.79526136832287,13.465845388766947,-0.14462987656370754,False,16.96325844612841,1.6928206666726184
Batch_1,img_fzrt2k6r,65,1898.0,1112.8893572181244,2365.0979978925184,66.32708304893114,37.02369777253048,0.015477596749392608,False,49.15901398428714,1.7914764607370508
Batch_1,img_fzrt2k6r,66,560.0,1121.1232142857143,3024.442857142857,38.80215676863058,20.36412229980441,-1.0632372890073332,False,26.702324712498182,1.9054175867428993
Batch_1,img_fzrt2k6r,67,360.0,1125.6638888888888,6307.813888888889,30.1823494568257,16.35432826107485,-0.16198168013944597,False,21.409489393833255,1.8455266994159034
Batch_1,img_fzrt2k6r,68,24908.0,1277.6307210534767,1892.905853541031,453.9971273082335,72.42226344309105,0.7111331169955384,False,178.08383020438276,6.268750874722128
Batch_1,img_fzrt2k6r,69,6634.0,1213.6418450406995,3609.5560747663553,128.82348151165937,73.24060770674573,0.9180128764336288,False,91.90577315801804,1.758907872903876
Batch_1,img_fzrt2k6r,70,8963.0,1255.1482762467924,4724.235412250363,195.6675541283016,74.02299200432458,0.9681911420877689,False,106.82717837451884,2.643334845433839
Batch_1,img_fzrt2k6r,71,2525.0,1241.7156435643565,5311.6847524752475,102.97107126280619,32.87924796387714,-0.6761558821438214,False,56.700351413869434,3.1317952094261883
Batch_1,img_fzrt2k6r,72,18500.0,1300.961945945946,4311.340054054054,176.21514647838094,147.2564016289222,-1.4798583689992129,False,153.47615963921078,1.1966552525331506
Batch_1,img_fzrt2k6r,73,727.0,1244.165061898212,1653.1444291609353,46.42086507652422,23.826474033443105,0.7212414873061013,False,30.424416987387996,1.9482893277187123
Batch_1,img_fzrt2k6r,74,723.0,1250.5781466113417,3109.609958506224,39.22467194802705,26.148206256569342,-0.29035070160439463,False,30.340603007249587,1.5000903527817495
Batch_1,img_fzrt2k6r,75,14090.0,1315.3340667139817,2126.201703335699,191.0867463500035,98.67960466438342,0.6665771536487389,False,133.94008057828862,1.936436075113024
Batch_1,img_fzrt2k6r,76,2379.0,1282.2303488860866,3699.189155107188,71.79384589055142,45.1959664084008,1.0312431056831342,False,55.0366866455908,1.5885011782203367
Batch_1,img_fzrt2k6r,77,31.0,1256.225806451613,5270.5161290322585,7.576387497806449,5.654371908694495,-1.302046262609317,False,6.282549314314218,1.3399167264106822
Batch_1,img_fzrt2k6r,78,9146.0,1303.8498797288432,3927.3613601574457,144.76690081793905,87.02527637480414,1.2303552746096742,False,107.91222764889899,1.6635040628248148
Batch_1,img_fzrt2k6r,79,3608.0,1305.1197339246119,1739.8287139689578,100.76610286929252,52.803145767089454,1.3978055537674112,False,67.77793355808708,1.9083352214234341
Batch_1,img_fzrt2k6r,80,160.0,1322.88125,3603.53125,19.88027592263982,12.117482380416623,-0.7900481387941836,False,14.27299292922217,1.640627590659331
Batch_1,img_fzrt2k6r,81,375.0,1343.8,5168.322666666667,25.373499501746355,21.15245539546413,-1.4103730215336472,False,21.850968611841584,1.1995533864681909
Batch_1,img_fzrt2k6r,82,729.0,1367.2510288065844,1858.1412894375858,33.845549772285054,28.81270008300032,-1.0673408870373744,False,30.46623751157884,1.1746746981291818
Batch_1,img_fzrt2k6r,83,676.0,1403.4437869822484,5397.516272189349,50.90832490072544,22.775546768946867,-1.541585359820737,False,29.33785834448333,2.2352185621350693
Batch_1,img_fzrt2k6r,84,5313.0,1459.1221532091097,5576.112742330133,109.05709605437139,65.22436934376888,1.066986925372982,False,82.24792824854569,1.6720299046446816
Batch_1,img_fzrt2k6r,85,155.0,1457.6774193548388,5628.696774193549,24.586278365868566,8.320484506442796,1.0568540626058034,False,14.048207338801282,2.954909458317083
Batch_1,img_fzrt2k6r,86,21270.0,1514.4726375176306,6094.854536906441,288.35453842803844,102.21494079473358,1.5364556434933019,False,164.56550402960187,2.8210605630257857
Batch_1,img_fzrt2k6r,87,5088.0,1516.5862814465409,5453.429245283019,101.09527015152396,72.21591470355453,0.7438287473277218,False,80.4875319761546,1.3999029239817682
Batch_1,img_fzrt2k6r,88,9074.0,1541.9772977738594,4964.786973771214,175.9144971849275,68.6579836508092,-0.9791052148059818,False,107.48663000079064,2.5621856021816654
Batch_1,img_fzrt2k6r,89,464.0,1509.7478448275863,5511.642241379311,31.62960594157289,23.903240817091937,-0.9621298356647702,False,24.306031118985995,1.3232350451389938
Batch_1,img_fzrt2k6r,90,656.0,1536.0792682926829,6245.088414634146,40.43847452370829,24.49622713907295,0.5809032751553107,False,28.900607975374268,1.6508041950348549
Batch_1,img_fzrt2k6r,91,15518.0,1627.8439876272716,1418.8778837479056,308.8533705826264,79.21412101603225,-1.0732828733097228,False,140.56361995623283,3.8989686008144577
Batch_1,img_fzrt2k6r,92,659.0,1556.905918057663,4029.0880121396053,48.256512407641,23.458795219404447,-1.5104900491735693,False,28.96661630188228,2.057075478783522
Batch_1,img_fzrt2k6r,93,4531.0,1608.109688810417,1002.4919443831384,109.62679280589954,56.32004964395308,0.6326153727965338,False,75.95425187041883,1.9464967360459324
Batch_1,img_fzrt2k6r,94,298.0,1593.53355704698,1344.6208053691275,23.688400025970623,16.934262837020857,0.38844894515520256,False,19.47884453275087,1.3988444760751086
Batch_1,img_fzrt2k6r,95,34202.0,1698.1016899596516,6776.455850535056,234.80258935537637,198.3668605795898,0.5154371503763413,False,208.6799916355951,1.1836785069306859
Batch_1,img_fzrt2k6r,96,5104.0,1642.662225705329,6902.089537617555,116.65099232958899,59.40150639201457,0.8654924691957252,False,80.61398536437875,1.9637716181768508
Batch_1,img_fzrt2k6r,97,110.0,1668.2363636363636,6969.145454545454,17.023591481754917,10.198994157398664,-1.3166774318399066,False,11.834540545406394,1.669144154711127
Batch_1,img_fzrt2k6r,98,566.0,1681.9363957597172,5871.639575971732,38.243350572905534,21.63385701491573,-0.924749928708118,False,26.844991754889815,1.7677546147475314
Batch_1,img_fzrt2k6r,99,3576.0,1731.0500559284117,6947.142617449665,111.91850698027584,43.45676899054775,-0.4195501833634798,False,67.4766968069195,2.5753987141708383
Batch_1,img_fzrt2k6r,100,3823.0,1729.2236463510333,1419.2571279100182,125.41839549857598,40.77487326530106,-0.9099977654800048,False,69.7681501798817,3.0758745633013547
Batch_1,img_fzrt2k6r,101,2814.0,1721.858564321251,4976.28144989339,67.43099847911266,57.558958661542185,-1.3630283252429938,False,59.85729762430599,1.1715117862993314
Batch_1,img_fzrt2k6r,102,806.0,1720.7803970223324,2440.755583126551,53.637977143863864,19.49458832972044,-1.061984796709402,False,32.03484154879717,2.751429075426547
Batch_1,img_fzrt2k6r,103,3069.0,1732.268817204301,1290.9830563701532,77.50505765151541,52.93882157272038,-1.2775038157676222,False,62.51057640745456,1.4640495452859519
Batch_1,img_fzrt2k6r,104,21734.0,1860.8499585902273,5572.979111070213,328.219901453405,94.20650555135289,0.39877159707981447,False,166.35079881164992,3.484047089237262
Batch_1,img_fzrt2k6r,105,3737.0,1775.2245116403533,3612.5022745517795,125.94174095801961,42.45214876317204,-1.070741285133564,False,68.97895460700533,2.9666752950624775
Batch_1,img_fzrt2k6r,106,930.0,1791.6086021505375,1362.0784946236558,42.929459341012134,30.43823344605706,1.5626566424474833,False,34.41093978088511,1.4103794629570783
Batch_1,img_fzrt2k6r,107,6269.0,1843.9567714148986,4683.0677939065245,143.17250822945002,61.84770263103456,-0.7216476540200218,False,89.34169634579777,2.3149203954037816
Batch_1,img_fzrt2k6r,108,12683.0,1866.0898840968225,144.9139004967279,311.38310784328627,55.757322535567326,1.2761293174320565,False,127.0767372333586,5.584613709610186
Batch_1,img_fzrt2k6r,109,40175.0,1904.3401120099563,1374.0734536403236,326.14938090031825,161.4173921004129,1.469348228024145,False,226.16896053555882,2.020534321960985
Batch_1,img_fzrt2k6r,110,174.0,1835.4367816091954,9.908045977011493,40.99932164363402,6.62328357374508,0.7206141998724205,True,14.884343478431232,6.190180623725174
Batch_1,img_fzrt2k6r,111,2106.0,1862.824311490978,5670.0204178537515,85.35099713427294,36.29071983817616,0.030486478633610103,False,51.782646525764335,2.3518683981706983
Batch_1,img_fzrt2k6r,112,5716.0,1880.0797760671799,2456.7132610216936,137.03186154542982,55.222236398491646,-0.8700681523761031,False,85.31024110683424,2.4814616444829958
Batch_1,img_fzrt2k6r,113,578.0,1881.4948096885814,5027.0432525951555,33.47660745329317,23.936317374461968,-0.5264801710147194,False,27.128075067297424,1.3985696684073001
Batch_1,img_fzrt2k6r,114,471.0,1888.8237791932058,847.5498938428875,32.756321185469325,22.240685477577582,0.059090051614107984,False,24.488687706168772,1.4728107736829112
Batch_1,img_fzrt2k6r,115,91.0,1902.4175824175825,397.27472527472526,13.685056861736882,9.158955673171135,1.528982066572013,False,10.764051215546116,1.4941721905941554
Batch_1,img_fzrt2k6r,116,3866.0,1933.8786859803415,479.3041903776513,90.48744515298691,57.1564957346916,1.2198326727780842,False,70.15941903940012,1.5831524307055236
Batch_1,img_fzrt2k6r,117,1925.0,1949.6971428571428,3600.501818181818,67.28866905794168,37.264036862578465,0.49151754073369025,False,49.507435033691536,1.8057267736742377
Batch_1,img_fzrt2k6r,118,28892.0,2056.0750726844803,5244.991589367299,256.9844943552598,158.64220457735152,-0.83532207979787,True,191.79790647055646,1.6198999190657244
Batch_1,img_fzrt2k6r,119,105.0,1934.2380952380952,2429.6761904761906,15.588426436962443,9.870451551328344,1.1089491574325072,False,11.562445770562215,1.5793022594659905
Batch_1,img_fzrt2k6r,120,1617.0,1993.5504019789735,5738.706246134818,87.08011545765109,29.16849354982673,0.22571232438560193,False,45.37431370100002,2.985416963988816
Batch_1,img_fzrt2k6r,121,266.0,1980.9248120300751,4489.8421052631575,31.0668578259166,12.720835184095591,-1.04673042701519,False,18.403307281560924,2.4422026837324635
Batch_1,img_fzrt2k6r,122,27103.0,2096.7594362247723,4885.219274619046,342.7868178145448,108.35903790342913,1.372113599823908,True,185.76493582201437,3.163435412928274
Batch_1,img_fzrt2k6r,123,9406.0,2074.336274718265,1172.6234318520094,137.15291694111102,95.99392585013639,1.485971892028824,False,109.43532865477647,1.4287666196216533
Batch_1,img_fzrt2k6r,124,12054.0,2098.8278579724574,5987.372324539572,183.8274452998797,89.37109908342578,-1.1904619991377619,True,123.88554989278472,2.0569003535279475
Batch_1,img_fzrt2k6r,125,9570.0,2117.130303030303,2301.236154649948,174.6480313613501,74.3136791567861,-1.3142841335790005,True,110.38524558615389,2.3501464783203616
Batch_1,img_fzrt2k6r,126,8909.0,2125.328544168818,1283.1460321023683,189.1764347092585,67.67014209905612,1.4936185613896955,True,106.50488770026269,2.7955672744463937
Batch_1,img_fzrt2k6r,127,135.0,2111.5555555555557,4544.844444444445,16.91218957558602,10.187892441590407,-0.41502648305685325,False,13.110581167104948,1.6600282808782676
Batch_1,img_fzrt2k6r,128,1249.0,2141.827862289832,4743.867894315453,77.33623193016778,24.408519732726692,1.4274391388646541,True,39.87826715611172,3.168411389834352
Batch_1,img_fzrt2k6r,129,258.0,2138.3643410852715,6275.604651162791,30.84979909383772,12.778618108958511,-0.8817969602251629,False,18.12445316531431,2.4141733347685164
Batch_1,img_fzrt2k6r,130,207.0,2140.7874396135267,6424.251207729469,18.9257029235052,15.343038958724284,-0.687277169793696,True,16.23454913941803,1.2335041952522552
Batch_1,img_fzrt2k6r,131,374.0,2145.5802139037432,1073.125668449198,52.84013674830086,10.1102287593475,-1.415731118740254,True,21.821814538001895,5.2264036755298
Batch_1,img_fzrt2k6r,132,338.0,2146.792899408284,871.6686390532544,40.97723706426787,11.398506456759959,-1.47318747779151,True,20.7449985808745,3.594965464968092
Batch_1,img_fzrt2k6r,133,120.0,2148.766666666667,6318.883333333333,25.574758141099032,6.775656706332351,1.4780229140369714,True,12.360774464742066,3.7745061843522167
Batch_1,img_iv6g2oq0,1,103.0,3.0776699029126213,88.29126213592232,20.982659606558265,7.964871904101759,1.2366073093130072,True,11.451797811161432,2.634400133384768
Batch_1,img_iv6g2oq0,2,6770.0,35.25480059084195,839.9918759231905,162.6073650677498,61.001784394868096,-1.08775455764418,True,92.84304883973303,2.665616533693226
Batch_1,img_iv6g2oq0,3,2517.0,16.587206992451332,2164.3500198649185,84.78236915258525,45.063578884841924,-1.3499601654096196,True,56.610457815658094,1.8813944930837165
Batch_1,img_iv6g2oq0,4,1169.0,7.651839178785287,5220.261762189906,84.43128044249549,19.10463115695968,-1.4869929185436297,True,38.580008136279666,4.419414316289366
Batch_1,img_iv6g2oq0,5,115.0,3.617391304347826,5284.104347826087,16.404564128254705,9.964716191023708,-1.2311382397670871,True,12.100518486599809,1.6462650630262867
Batch_1,img_iv6g2oq0,6,2343.0,24.0734101579172,5575.779769526248,62.65683393735131,50.211935097004734,0.5133058600069403,True,54.61868044281633,1.2478474254438552
Batch_1,img_iv6g2oq0,7,2835.0,50.81199294532628,680.3809523809524,98.33559227402804,40.724996470363706,-1.3160498527676392,False,60.08023060312091,2.4146249428305926
Batch_1,img_iv6g2oq0,8,3600.0,70.54527777777778,2540.1669444444447,104.86190724919274,51.114897933750655,0.7325387053422535,False,67.70275002573075,2.0514940161888395
Batch_1,img_iv6g2oq0,9,2614.0,89.73603672532518,5425.206197398623,89.07640298581404,42.97017987904168,0.14043634889999665,False,57.690971303469276,2.0729818501239334
Batch_1,img_iv6g2oq0,10,185.0,58.2972972972973,2465.2486486486487,27.747439006012172,8.827507457997516,0.22073396053183378,False,15.347615963921077,3.1432926155019714
Batch_1,img_iv6g2oq0,11,3414.0,111.28236672524898,3867.5035149384885,103.08696048328284,44.55568045217563,-0.5748461192216002,False,65.93056806767136,2.313665944209571
Batch_1,img_iv6g2oq0,12,11146.0,139.01336802440338,3651.237304862731,165.06862999352927,88.8104560003361,-1.3636512615960292,False,119.12819970778591,1.8586621151106866
Batch_1,img_iv6g2oq0,13,5892.0,159.1427359131025,4931.305668703327,138.29336644540516,63.357644342411746,-0.6452877850289028,False,86.61366749872435,2.1827416072796013
Batch_1,img_iv6g2oq0,14,33700.0,203.96154302670624,6453.30474777448,266.7277941747507,178.1178487413529,-1.5645012895725456,False,207.1428798138497,1.4974793152934909
Batch_1,img_iv6g2oq0,15,401.0,146.2718204488778,2497.7431421446386,33.41167356948523,16.59930677692577,1.3061515270917217,False,22.595775212167435,2.0128354767158023
Batch_1,img_iv6g2oq0,16,2427.0,167.36835599505562,2740.9431396786154,127.87126714179055,27.85556763429919,1.2725455318941243,False,55.58913900279658,4.590510192452146
Batch_1,img_iv6g2oq0,17,6776.0,219.3888724911452,1864.7393742621016,123.48372856493047,73.1152013346231,-0.6758847852579649,False,92.88418140418455,1.6888926832026077
Batch_1,img_iv6g2oq0,18,192.0,180.22395833333334,1941.2239583333333,21.318746735409135,11.614904343526046,-0.15929954524564707,False,15.635280380893438,1.835464684415748
Batch_1,img_iv6g2oq0,19,101.0,183.17821782178217,2543.089108910891,16.07201630882889,9.131905255317143,0.04025107486101061,False,11.340070282773887,1.7599850041666603
Batch_1,img_iv6g2oq0,20,7936.0,263.00214213709677,4142.8292590725805,134.75498617553222,84.35291031319515,0.11813436182476772,False,100.52078902902748,1.5975143676157524
Batch_1,img_iv6g2oq0,21,358.0,215.91620111731842,1763.7374301675977,27.392789971479985,18.535653558836007,1.0297871695844898,False,21.349935761383176,1.4778432216878457
Batch_1,img_iv6g2oq0,22,22171.0,255.63758964412972,2724.254386360561,335.8215068037982,88.33089938274573,1.5530550826596634,False,168.01486227808329,3.8018576641980446
Batch_1,img_iv6g2oq0,23,3952.0,257.36462550607285,6813.012904858299,130.98171010605122,40.52891435830322,1.2848632477280988,False,70.93548252315877,3.231808998091675
Batch_1,img_iv6g2oq0,24,1281.0,258.72131147540983,3411.254488680718,52.529212783305496,32.177228161604646,-0.9406581224833529,False,40.38588685179197,1.63249651335679
Batch_1,img_iv6g2oq0,25,16096.0,323.1993663021869,3992.4730989065606,204.82910922461036,106.80027166414759,-1.187717407379637,False,143.15747871507511,1.9178706761040072
Batch_1,img_iv6g2oq0,26,1014.0,273.8431952662722,6904.318540433925,46.88585840209492,29.448567500818363,0.8064819367137194,False,35.93139154501889,1.5921269651161123
Batch_1,img_iv6g2oq0,27,151.0,411.49668874172187,6727.549668874172,22.84493689860484,8.960712933566752,0.20190610577023968,False,13.86575534383214,2.5494552797275656
Batch_1,img_iv6g2oq0,28,254.0,412.6062992125984,2253.5748031496064,21.111705222736347,16.47170059921934,0.2929884132677298,False,17.983404693292407,1.281695541730337
Batch_1,img_iv6g2oq0,29,55.0,425.1454545454545,6184.436363636363,11.345074432421203,6.47053309392023,1.515380278928274,False,8.368283871884005,1.7533446267481632
Batch_1,img_iv6g2oq0,30,212.0,433.7311320754717,6799.358490566037,23.351458016341326,13.355315267371969,1.0216967862969424,False,16.42944866646031,1.7484767337084643
Batch_1,img_iv6g2oq0,31,26737.0,560.1941878295994,2672.828776601713,280.11646823387065,143.79994010568845,-0.46384076674600333,False,184.50638392094743,1.9479595612348226
Batch_1,img_iv6g2oq0,32,41567.0,572.9011716024731,6059.0348353261,247.054805650394,223.4324200994672,0.21394544151544267,False,230.05379404827582,1.1057249683837762
Batch_1,img_iv6g2oq0,33,6722.0,518.0304968759298,5640.055935733412,101.49930408484936,90.40094216932458,-0.4282185696201665,False,92.51332995687575,1.1227682106978167
Batch_1,img_iv6g2oq0,34,301.0,493.45847176079735,2776.186046511628,26.691349262220804,19.8944165626588,-0.36218455970989705,False,19.576646877473273,1.341650265447826
Batch_1,img_iv6g2oq0,35,373.0,555.7640750670241,1688.5227882037534,25.78272245424147,22.2000063172223,1.079518209609812,False,21.792621462004423,1.1613835638524017
Batch_1,img_iv6g2oq0,36,227.0,552.9515418502202,1645.4361233480176,29.374184168514812,10.125938274671178,0.8873066345026268,False,17.000746355818674,2.900885169524568
Batch_1,img_iv6g2oq0,37,35758.0,681.582499021198,5067.646680463113,253.4824733017958,188.69123881836785,0.8509436161609929,False,213.37408380738265,1.3433717160858503
Batch_1,img_iv6g2oq0,38,279.0,586.5089605734767,2396.8279569892475,23.2926196741321,18.32689446232204,1.2920141925252138,False,18.847647942942654,1.2709529005047207
Batch_1,img_iv6g2oq0,39,4156.0,639.5931183830606,336.7473532242541,108.74447868064641,58.270154978135835,-0.8725291890445028,False,72.74327149585271,1.8662122783344164
Batch_1,img_iv6g2oq0,40,449.0,612.467706013363,1783.6481069042316,37.905639128580894,15.794821297626266,0.8738931174985122,False,23.90992587997897,2.3998776823310792
Batch_1,img_iv6g2oq0,41,345.0,628.6724637681159,401.2782608695652,31.90415743052565,14.51889729421051,-1.181514150344843,False,20.958712816717327,2.1974229023059215
Batch_1,img_iv6g2oq0,42,18947.0,709.8145880614345,4055.0675040903575,181.53228446308532,139.57504846627856,-1.4338719391414867,False,155.31925075178907,1.3006069957191786
Batch_1,img_iv6g2oq0,43,119.0,648.6302521008404,4975.806722689075,16.13418491198692,9.619418656084974,-1.0420752855398971,False,12.309163489997376,1.677251556338167
Batch_1,img_iv6g2oq0,44,12446.0,717.5829182066527,134.8135947292303,156.18016304678142,113.45796520194526,-0.7638347973215078,False,125.88383285304684,1.376546483702527
Batch_1,img_iv6g2oq0,45,13910.0,841.1301941049604,1030.3532710280374,273.3721003848059,72.38150664096193,0.7329556351922801,False,133.08178713582905,3.77682246572773
Batch_1,img_iv6g2oq0,46,126.0,759.1031746031746,6039.912698412699,20.03811048405981,9.506436733335928,-1.3823661608542637,False,12.666024736934256,2.1078466144725696
Batch_1,img_iv6g2oq0,47,190.0,760.4684210526316,6060.1,20.508426040347302,12.541597329035529,1.4086664198844436,False,15.553633450087505,1.6352323792813428
Batch_1,img_iv6g2oq0,48,139.0,772.3309352517986,6867.791366906475,21.205356498694844,8.671417055112508,-0.7660545658237952,False,13.303394180365686,2.4454315095123413
Batch_1,img_iv6g2oq0,49,3018.0,826.7223326706428,1810.28760768721,87.7099018821273,50.34046967209447,-1.0162605509306946,False,61.98900665449255,1.7423338012825105
Batch_1,img_iv6g2oq0,50,233.0,803.2231759656653,6016.188841201717,27.93845816572431,13.042599200625542,0.29842655986623773,False,17.22396045987371,2.1420928249013693
Batch_1,img_iv6g2oq0,51,49.0,808.6938775510204,6032.061224489796,12.168269254371213,5.230054007286962,-0.5129919568919755,False,7.898654169668588,2.3266048949814535
Batch_1,img_iv6g2oq0,52,7586.0,878.2565251779594,4451.8232269970995,129.66314026720949,83.54959393956095,-0.47543922877923384,False,98.27916964627319,1.5519302267466035
Batch_1,img_iv6g2oq0,53,219.0,825.7534246575342,5758.762557077625,23.477381074008047,12.238005208356238,1.4419402699210468,False,16.698486766680407,1.9183993366809033
Batch_1,img_iv6g2oq0,54,1535.0,850.8254071661238,1589.9667752442997,54.6192418812466,42.503770314276224,0.8631057812839142,False,44.20885319897447,1.2850446319794133
Batch_1,img_iv6g2oq0,55,44189.0,939.7363370974676,5985.45959401661,320.35037283195663,189.48124613384337,1.552213300683925,False,237.19861349152552,1.6906706039165036
Batch_1,img_iv6g2oq0,56,130.0,841.7538461538461,1543.823076923077,18.440615977218467,9.24268536068458,-0.7099030376677533,False,12.865501965161373,1.9951578202217002
Batch_1,img_iv6g2oq0,57,429.0,867.7482517482517,1456.4055944055945,35.10042506671416,16.862719594049963,-1.1785734348723864,False,23.371344948277684,2.081539983568214
Batch_1,img_iv6g2oq0,58,296.0,866.8412162162163,4533.986486486487,23.847569788575424,16.69505718876757,-1.2813189648999508,False,19.413369239820483,1.428420970286946
Batch_1,img_iv6g2oq0,59,1042.0,912.1103646833013,11.216890595009597,53.24232168127429,25.860851481899687,-0.23604438601058272,True,36.424107478619696,2.0588000251476335
Batch_1,img_iv6g2oq0,60,1303.0,934.2609363008442,4511.635456638526,104.54318725918903,17.93791501436312,-0.36148728409227443,False,40.73120581065477,5.828056782267055
Batch_1,img_iv6g2oq0,61,3133.0,936.674433450367,1844.6469837216725,75.43283957741058,55.28789766321849,0.7931069114912791,False,63.15900168349136,1.3643644046099073
Batch_1,img_iv6g2oq0,62,7071.0,1001.8534860698628,2379.4987979069438,201.52805934512952,47.031942598955,-0.3559051446233071,False,94.88454468891304,4.284918891477115
Batch_1,img_iv6g2oq0,63,215.0,950.0418604651163,4465.311627906976,18.469462174426873,15.482155501488533,-0.15186345174547888,False,16.545286401814263,1.1929515998370592
Batch_1,img_iv6g2oq0,64,16564.0,1038.2141994687274,1697.8141149480803,292.5171687590613,85.38010695323982,1.0184425611388486,False,145.2237577636429,3.4260576520390678
Batch_1,img_iv6g2oq0,65,40765.0,1088.4411137004784,5459.495891083037,331.7913056562021,179.20001426278435,-1.3498595707001149,False,227.82363802101156,1.85151383509185
Batch_1,img_iv6g2oq0,66,788.0,1029.0697969543148,2293.6065989847716,56.29728224266456,18.819498177125762,-0.7865841962975513,False,31.675112647807715,2.9914337626223917
Batch_1,img_iv6g2oq0,67,879.0,1046.5540386803186,6332.998862343572,43.42048790808395,26.534501836875783,-0.11886667422820177,False,33.454111254406506,1.6363784846995397
Batch_1,img_iv6g2oq0,68,97.0,1045.0618556701031,3521.257731958763,13.739954610957103,9.13286399405127,0.8536446064372184,False,11.11324596323283,1.5044519024817058
Batch_1,img_iv6g2oq0,69,2072.0,1091.7094594594594,2663.1245173745174,77.20442131066602,35.49531301464632,-0.5582181334833155,False,51.36294711843604,2.175059599525419
Batch_1,img_iv6g2oq0,70,206.0,1083.8495145631068,2285.3009708737864,21.72992310448551,12.23788228522622,0.45603506987662507,False,16.195287778099022,1.7756277269244731
Batch_1,img_iv6g2oq0,71,369.0,1105.6639566395663,2337.3550135501355,33.11903257644566,15.17986417086472,0.5811428013037913,False,21.675455981530703,2.1817739739735127
Batch_1,img_iv6g2oq0,72,590.0,1113.706779661017,3696.4525423728815,39.06681483302499,23.003745184319392,0.9763744465513203,False,27.408234736913393,1.6982806286541143
Batch_1,img_iv6g2oq0,73,11664.0,1190.8481652949245,4454.821844993141,137.8029225111836,116.7985871421226,0.2755172659327763,False,121.86495004631536,1.1798338137729574
Batch_1,img_iv6g2oq0,74,3396.0,1153.2564782096583,3388.1972909305064,87.64982840546956,53.82746972622379,1.322896351869962,False,65.75653194870159,1.6283475491467905
Batch_1,img_iv6g2oq0,75,3557.0,1185.8386280573518,3610.1610908068596,135.3319914652641,42.21841926687731,0.8394738163251853,False,67.29719950059567,3.20552009798812
Batch_1,img_iv6g2oq0,76,1086.0,1171.7651933701657,3001.2725598526704,63.73441924707102,26.43760498727691,-1.3861576700625584,False,37.18518717960671,2.4107486013859116
Batch_1,img_iv6g2oq0,77,3598.0,1218.1764869371873,3849.4060589216233,96.10242160504588,52.01796262681325,1.1502043947887504,False,67.68394109356454,1.847485306075959
Batch_1,img_iv6g2oq0,78,367.0,1312.316076294278,2546.0108991825614,32.64191337874424,17.245161232474935,0.7374944826058661,False,21.616635097022034,1.8928157840168622
Batch_1,img_iv6g2oq0,79,1442.0,1348.7725381414702,2885.0957004160887,67.48758982440216,29.73561424986021,0.8669023971463836,False,42.848703871973825,2.269587883987277
Batch_1,img_iv6g2oq0,80,4252.0,1365.5402163687677,2544.08231420508,86.26123299041497,67.28643029540021,0.575477875376265,False,73.57862831158184,1.2820004362203756
Batch_1,img_iv6g2oq0,81,25080.0,1422.7468500797447,5929.282854864434,218.8163063505544,159.09269547069871,0.27115843839723686,False,178.69764347063418,1.3754013388430861
Batch_1,img_iv6g2oq0,82,1006.0,1359.1699801192842,241.44831013916502,59.58951001718338,22.13685892305012,1.5524690244721735,False,35.78936967876878,2.6918683551411844
Batch_1,img_iv6g2oq0,83,209.0,1365.8947368421052,5050.358851674641,22.170271032329968,12.84513080919891,0.4734713381027651,False,16.312788383647018,1.725966933435427
Batch_1,img_iv6g2oq0,84,9223.0,1401.4730564892118,3977.457118074379,148.75063472803905,83.78303194317229,-1.5698123940430186,False,108.36553105620074,1.7754267335292004
Batch_1,img_iv6g2oq0,85,1535.0,1394.442996742671,307.9771986970684,70.5351065513115,30.046321442160284,0.9005232009637907,False,44.20885319897447,2.3475454952811066
Batch_1,img_iv6g2oq0,86,161.0,1418.944099378882,2344.285714285714,20.31267041827022,10.963612116538874,-0.574675673711698,False,14.317526556719258,1.8527352301736455
Batch_1,img_iv6g2oq0,87,941.0,1462.4102019128586,4133.403825717322,41.91640078396092,30.764553981637725,-1.428545209037387,False,34.61384710770804,1.3624901179773103
Batch_1,img_iv6g2oq0,88,122.0,1476.1639344262296,4018.8688524590166,15.21456118527448,10.480683567737229,-0.8683560623996011,False,12.463355264843006,1.4516764185219353
Batch_1,img_iv6g2oq0,89,8473.0,1580.269798182462,4399.985601321846,148.1789560201392,77.79889558831725,0.22438285447506673,False,103.86606116793413,1.904640867966134
Batch_1,img_iv6g2oq0,90,26094.0,1631.5273242891087,274.00475205027976,251.59435727390587,140.5662225662283,1.3469180547519832,False,182.27427871293122,1.7898635438920345
Batch_1,img_iv6g2oq0,91,2118.0,1587.704910292729,5331.488196411709,94.34944728442962,34.08500059042331,0.7420486757631609,False,51.929965874715094,2.768063536749314
Batch_1,img_iv6g2oq0,92,34689.0,1642.9046960131454,5760.255066447577,324.6263239652043,157.6301961340907,-1.4774996989889897,False,210.16043054609034,2.0594171163059114
Batch_1,img_iv6g2oq0,93,13742.0,1663.6002765245235,4324.884587396304,219.11716174931612,89.84725701058517,0.882141300335937,False,132.27568871017309,2.4387740821458945
Batch_1,img_iv6g2oq0,94,537.0,1572.756052141527,436.10614525139664,48.76059167909213,14.462383251335654,-1.48772363596459,False,26.148224328293928,3.3715460883384427
Batch_1,img_iv6g2oq0,95,2763.0,1604.5664133188563,454.86138255519364,94.41692643761003,39.79943082964598,-1.2617149530956724,False,59.31240057612957,2.3723185098235207
Batch_1,img_iv6g2oq0,96,38455.0,1697.2877129111948,6066.905083864257,311.54169791615755,169.80642912888283,-1.463780029135566,True,221.27455048602107,1.8346872937284244
Batch_1,img_iv6g2oq0,97,1179.0,1617.3104325699746,2513.1653944020354,62.139746892411615,25.89992835901055,1.2738056218818214,False,38.7446696107059,2.399224663136695
Batch_1,img_iv6g2oq0,98,164.0,1607.3597560975609,1879.75,32.453357501850356,7.424515459457116,1.1495180115371821,False,14.450303987687134,4.371107808862096
Batch_1,img_iv6g2oq0,99,183.0,1616.2349726775956,4450.508196721312,20.22282668028398,12.708149897879272,0.10071816064850202,False,15.26443044094783,1.5913273641554033
Batch_1,img_iv6g2oq0,100,119.0,1649.9663865546217,437.05882352941177,15.193435606721147,10.052485258774443,0.437146246440936,False,12.309163489997376,1.5114108815488547
Batch_1,img_iv6g2oq0,101,7338.0,1725.9626601253747,80.89602071409104,129.91869669611899,84.62476726864504,0.1634226298921738,True,96.6593595016366,1.535232543490328
Batch_1,img_iv6g2oq0,102,168.0,1668.5892857142858,5187.851190476191,24.878842642077213,9.615929039104415,-1.2351462884756867,False,14.625465582862905,2.5872531443300164
Batch_1,img_iv6g2oq0,103,367.0,1681.1716621253406,3611.3487738419617,40.777894251512556,11.670734922268702,-0.5932087133190777,False,21.616635097022034,3.4940296839151963
Batch_1,img_iv6g2oq0,104,159.0,1679.2955974842766,6500.7106918239,21.82357465030896,10.283436826665191,-0.04607301148521151,False,14.228319915326999,2.1222063224738172
Batch_1,img_iv6g2oq0,105,715.0,1724.7482517482517,1638.2265734265734,42.87896270151856,24.508962123550837,-0.5922378407139169,False,30.172276587716105,1.749521766175315
Batch_1,img_iv6g2oq0,106,2344.0,1743.1228668941978,1552.4735494880547,76.15386707445806,40.308299435036275,-0.5102296010325177,True,54.630334914397345,1.8892850391069724
Batch_1,img_iv6g2oq0,107,258.0,1737.8294573643411,1027.3139534883721,39.84797992732828,10.1639250637639,-1.216278926862575,False,18.12445316531431,3.9205306687465677
Batch_1,img_iv6g2oq0,108,968.0,1762.8192148760331,2702.744834710744,69.0719356391806,21.815125942738554,1.1530405683969707,True,35.10692067532608,3.1662405168085717
Batch_1,img_iv6g2oq0,109,563.0,1770.5079928952043,1652.2309058614564,62.9198151977503,12.453014355102988,-1.5200842099333063,True,26.77375326109316,5.052577103307286
Batch_1,img_uhdslk0o,1,236.0,12.809322033898304,1577.0084745762713,31.775576836038987,10.042334505561195,-0.43518069965548656,True,17.334489682638438,3.164162358706779
Batch_1,img_uhdslk0o,2,458.0,15.679039301310043,2907.906113537118,36.60125000941672,16.924447996834566,0.10119941011958523,True,24.148368712786887,2.1626259253041735
Batch_1,img_uhdslk0o,3,1490.0,18.048322147651007,2973.5885906040266,54.58238302657876,36.88107851944448,0.8688319814591123,True,43.55602049838107,1.4799562598962983
Batch_1,img_uhdslk0o,4,1119.0,23.59159964253798,4062.7193923145664,74.12904104640214,21.254881680074394,-0.7026573474411183,True,37.7459276023076,3.487624262613288
Batch_1,img_uhdslk0o,5,28321.0,132.88167790685358,5255.885491331521,296.0253618550859,129.6484389386356,-0.18967249410151155,True,189.89317298535127,2.2832929133469846
Batch_1,img_uhdslk0o,6,1481.0,44.78055367994598,6486.320054017556,89.73402149566391,26.490763381452794,0.712489356359224,True,43.424276226009525,3.387370163839452
Batch_1,img_uhdslk0o,7,1849.0,35.496484586262845,6423.133044889129,88.67123327226572,29.566358240931876,-0.42888864580145636,False,48.520304185107044,2.99905834021549
Batch_1,img_uhdslk0o,8,156.0,10.775641025641026,511.18589743589746,18.96745247506226,12.207836657791677,1.003062432918709,False,14.093451279891855,1.5537111944364232
Batch_1,img_uhdslk0o,9,453.0,32.00441501103753,4785.761589403974,38.57508268730686,16.568482689942893,1.297117461788209,False,24.016192740836935,2.3282205986624245
Batch_1,img_uhdslk0o,10,3872.0,86.5129132231405,3038.1337809917354,113.1419244020673,48.08768900946426,-0.3792691974575309,False,70.21384135065216,2.352825156139226
Batch_1,img_uhdslk0o,11,12934.0,95.63298283593629,6918.071130354106,162.30593946893612,106.95718671043124,-1.4856206736125361,True,128.32801826415226,1.517485121484659
Batch_1,img_uhdslk0o,12,131.0,73.58015267175573,2858.7251908396947,16.880219134629215,9.916009390506673,-1.547150924161495,False,12.914889870235298,1.7023198012286973
Batch_1,img_uhdslk0o,13,1179.0,117.43087362171332,5141.031382527566,84.73035540639127,19.710272605878753,-0.4502266412752715,False,38.7446696107059,4.29879165553092
Batch_1,img_uhdslk0o,14,428.0,101.30841121495327,7.985981308411215,29.210496434966583,22.858103640517136,-0.42905112335266676,True,23.34408972623798,1.2779055032014779
Batch_1,img_uhdslk0o,15,2446.0,146.48773507767785,626.5122649223222,67.86815343491708,48.60754972899729,-0.0983744981936319,False,55.8063072279667,1.3962471635230296
Batch_1,img_uhdslk0o,16,346.0,130.32947976878611,6537.063583815029,27.62772952780787,17.343670827778954,-1.0204376277574156,False,20.98906578384008,1.59295744263995
Batch_1,img_uhdslk0o,17,445.0,147.2067415730337,3123.008988764045,40.88018605666228,14.888327663306178,-1.4034889398024901,False,23.803184606416586,2.7457876385549818
Batch_1,img_uhdslk0o,18,2088.0,239.27298850574712,1366.1379310344828,85.53474918512799,35.224887187118675,-0.3968914003855355,False,51.56087828389873,2.4282476401061985
Batch_1,img_uhdslk0o,19,5432.0,265.6789396170839,6601.525220913108,123.57870207618556,72.14936962496992,0.2973749663719206,False,83.16391769873161,1.7128174884762493
Batch_1,img_uhdslk0o,20,50.0,243.8,6562.98,12.64637649028882,6.018534843786333,-0.06798171327303043,False,7.978845608028654,2.1012383941492363
Batch_1,img_uhdslk0o,21,150.0,273.28,4889.366666666667,21.53228932926384,9.95163328955401,-1.2599466300363262,False,13.81976597885342,2.1636940090895194
Batch_1,img_uhdslk0o,22,14759.0,352.6095263906769,4747.516633918287,190.92233363580306,108.85755278920368,-0.730714183751781,False,137.0829764804743,1.7538731006153798
Batch_1,img_uhdslk0o,23,92.0,277.70652173913044,2951.217391304348,11.564241541994964,10.247129709086545,-1.4288716353753643,False,10.823032759612019,1.128534708772202
Batch_1,img_uhdslk0o,24,112.0,299.2857142857143,699.8660714285714,14.755770432355224,10.701928310350254,-1.1235204541388846,False,11.941642642883693,1.3787954847430943
Batch_1,img_uhdslk0o,25,1751.0,338.18560822387207,276.07595659623075,61.763819609640905,40.76983324911899,1.255004187135168,False,47.21697197863571,1.5149392255847793
Batch_1,img_uhdslk0o,26,105.0,324.62857142857143,1178.6857142857143,35.20967646867678,4.61007946037513,0.6962668736220946,False,11.562445770562215,7.6375422096979895
Batch_1,img_uhdslk0o,27,130.0,338.94615384615383,485.7230769230769,18.353404761878732,9.859119524007145,1.2354717740305583,False,12.865501965161373,1.8615663109862741
Batch_1,img_uhdslk0o,28,3339.0,368.03414195867026,2593.9730458221024,100.6441383857608,47.56825740980727,1.1957163789613867,False,65.20235302403364,2.1157835890160386
Batch_1,img_uhdslk0o,29,3218.0,377.7436295835923,4638.035425730267,82.15303840588555,57.72398911160643,0.421659251656697,False,64.01003714229319,1.4232044539930666
Batch_1,img_uhdslk0o,30,560.0,372.30357142857144,4585.594642857143,39.08198942527774,19.661645313656468,-0.3987980165414082,False,26.702324712498182,1.9877273138546756
Batch_1,img_uhdslk0o,31,836.0,378.1674641148325,1221.3672248803828,52.568640375694805,22.32595847845937,0.7419868335281545,False,32.625576767294035,2.3545972472543255
Batch_1,img_uhdslk0o,32,11696.0,476.1794630642955,6632.962209302325,166.05358732378699,103.30295113013524,0.9012879071541008,False,122.03200283213606,1.6074428223701183
Batch_1,img_uhdslk0o,33,3073.0,447.74585095997395,2484.869183208591,105.61660754255733,40.881413292838474,-1.5609555808162263,False,62.551299914319564,2.5834871897899636
Batch_1,img_uhdslk0o,34,50117.0,543.6253367120937,6242.722888441048,360.05151047681557,190.29006360276242,-1.2717362410434232,False,252.60828621304597,1.8921193448567892
Batch_1,img_uhdslk0o,35,241.0,473.2863070539419,1053.6639004149379,33.0530576128156,10.664774902971944,-1.504822645036989,False,17.517155313611116,3.0992738162344833
Batch_1,img_uhdslk0o,36,249.0,476.02008032128515,385.7670682730924,39.121421266245825,8.39662345142026,1.4636821925088244,False,17.805522925178455,4.65918490838464
Batch_1,img_uhdslk0o,37,1901.0,489.80326144134665,5191.208837453972,79.89308074092818,37.117348146742785,-1.4805636284118426,False,49.197849287764036,2.152445816578067
Batch_1,img_uhdslk0o,38,16935.0,559.2226158842634,3939.5316209034545,225.22970668028276,106.10727260229734,0.8681579950129042,False,146.84111035432136,2.122660409192407
Batch_1,img_uhdslk0o,39,606.0,494.18151815181517,2468.3465346534654,43.83692887452913,19.52286945851701,0.4154719377980864,False,27.777385840094972,2.2454142290750663
Batch_1,img_uhdslk0o,40,361.0,506.55124653739614,765.4819944598338,24.929338598759543,20.438922881996277,-0.5899701760040065,False,21.43920417481474,1.2196992347732116
Batch_1,img_uhdslk0o,41,806.0,515.5248138957817,882.8101736972704,48.86477233880351,22.49598774073018,0.7705366365711794,False,32.03484154879717,2.1721550039045963
Batch_1,img_uhdslk0o,42,208.0,509.77403846153845,852.2980769230769,17.899066063698044,14.974346476242909,-0.06014243006598671,False,16.273715780512877,1.1953153409462816
Batch_1,img_uhdslk0o,43,328.0,526.6371951219512,656.0121951219512,26.954142064360205,22.41297431671707,1.131349769176813,False,20.435815879801165,1.2026133472279061
Batch_1,img_uhdslk0o,44,3215.0,584.1533437013996,3017.928460342146,137.7793422988265,33.537764632197934,-1.5070489814297787,False,63.980193312645966,4.108185020970402
Batch_1,img_uhdslk0o,45,3353.0,602.9862809424396,3785.1571726811812,82.43457336146706,60.022470641537204,-0.9271625123739536,False,65.33890260401533,1.3733952048355047
Batch_1,img_uhdslk0o,46,61904.0,740.8181539157405,5296.271888730938,345.8037967834161,234.51667611234942,-0.2641225731063034,False,280.74654187947806,1.4745381970950013
Batch_1,img_uhdslk0o,47,323.0,583.8266253869969,5260.8792569659445,28.585927747086995,16.602077721279176,-1.4830100954045036,False,20.279456919490165,1.7218283293812018
Batch_1,img_uhdslk0o,48,31288.0,704.937068524674,483.47299284070573,290.4939071928201,144.5040728480396,0.8803645979571482,False,199.5923818077077,2.010281796681975
Batch_1,img_uhdslk0o,49,47049.0,711.8725796510022,3196.0736678781695,363.8119953773034,180.86744197662753,1.284588729477088,False,244.75425908499463,2.011484164321386
Batch_1,img_uhdslk0o,50,1193.0,635.0100586756078,279.1986588432523,75.6521312902124,26.766593926839754,1.219985947753212,False,38.97402695217738,2.8263637688452206
Batch_1,img_uhdslk0o,51,441.0,664.6893424036281,6226.124716553288,43.62996691555043,14.934258674100123,-0.9247796697158618,False,23.695962509005764,2.921468542072069
Batch_1,img_uhdslk0o,52,505.0,673.6198019801981,3585.493069306931,55.104429739115574,12.477311230050367,-1.161306268232065,False,25.357168021907675,4.416370540345425
Batch_1,img_uhdslk0o,53,62.0,669.5483870967741,1183.3064516129032,25.427910724818954,3.332731640454503,-0.577600472449019,False,8.884866446580956,7.629750447399122
Batch_1,img_uhdslk0o,54,48.0,688.625,1170.75,21.137999399064263,3.0443907006972926,-0.5758122209030947,False,7.817640190446719,6.943261058517482
Batch_1,img_uhdslk0o,55,21235.0,782.5180598069226,126.49974099364258,270.04709107305314,113.54183632694327,-0.8910608618637732,True,164.43005118423815,2.37839284451463
Batch_1,img_uhdslk0o,56,1620.0,708.1388888888889,3501.846913580247,65.44599781641371,33.131827711758355,1.3767253407061204,False,45.416385396362884,1.97532108357509
Batch_1,img_uhdslk0o,57,239.0,710.7615062761506,3796.4518828451883,33.033083332114,12.182799126571817,0.551495823214836,False,17.44431859350499,2.711452679217683
Batch_1,img_uhdslk0o,58,1080.0,789.0833333333334,1102.4166666666667,189.8269791088009,8.05441233004735,-0.5966532949624225,False,37.0823233942262,23.568073166634736
Batch_1,img_uhdslk0o,59,2390.0,787.1058577405857,6713.708368200837,75.75749084269471,43.84768892329858,1.5334475622121775,False,55.16377898510071,1.7277419335649586
Batch_1,img_uhdslk0o,60,12281.0,860.0280107483104,6647.574871753114,152.74777456203807,116.49754789503402,-1.4187925401467265,False,125.04661070533872,1.311167293406605
Batch_1,img_uhdslk0o,61,91.0,810.1868131868132,4340.89010989011,12.813739294114551,9.328050665074954,0.6623684490403713,False,10.764051215546116,1.3736781407170442
Batch_1,img_uhdslk0o,62,73.0,817.1643835616438,1371.027397260274,13.423145233833084,7.129296303464809,-0.9208367997349235,False,9.640875829802336,1.8828148897822483
Batch_1,img_uhdslk0o,63,171.0,844.3976608187135,505.48538011695905,16.90442589603217,13.48550577567126,0.9695303025502935,False,14.755472278097805,1.2535255389923057
Batch_1,img_uhdslk0o,64,2278.0,857.1501316944689,4504.467515364355,101.46253415229492,29.666161271228383,1.5079502905563251,False,53.855730269923,3.4201436857520893
Batch_1,img_uhdslk0o,65,3940.0,887.6261421319797,961.5860406091371,87.21569776355857,64.54766696556483,-1.070211526771229,False,70.82770507546141,1.3511828058802928
Batch_1,img_uhdslk0o,66,10030.0,913.6094715852443,5704.066101694915,133.58199774344655,101.72082583680083,-1.4367428544170302,False,113.007046832017,1.3132217188028266
Batch_1,img_uhdslk0o,67,1635.0,913.2788990825688,20.19204892966361,63.11568181928147,34.5621791033435,-0.7141532204342779,True,45.626161964841955,1.826148797810487
Batch_1,img_uhdslk0o,68,33410.0,1005.8228973361269,2606.857826997905,265.0731921804739,170.03532736008611,-0.4548351350612237,False,206.24968652000854,1.5589301135000304
Batch_1,img_uhdslk0o,69,644.0,918.1475155279503,6699.478260869565,41.13881347999677,21.53979544053263,-0.5939136702047388,False,28.635053113438516,1.909898057926009
Batch_1,img_uhdslk0o,70,879.0,922.5358361774744,6770.5506257110355,43.726563144157176,28.169789526973766,1.2043674725708695,False,33.454111254406506,1.5522502609501978
Batch_1,img_uhdslk0o,71,80.0,923.3625,6724.9,11.90440090706179,9.023454939431264,-0.0169208908395256,False,10.092530088080641,1.3192730486236692
Batch_1,img_uhdslk0o,72,258.0,946.7248062015503,4626.53488372093,24.5409767894951,13.981631749994424,0.8089405030054113,False,18.12445316531431,1.7552298063854306
Batch_1,img_uhdslk0o,73,198.0,972.4040404040404,4336.348484848485,19.994209888290527,13.074756319418821,0.161768972879321,False,15.877702285203682,1.529222373238026
Batch_1,img_uhdslk0o,74,1065.0,989.5136150234741,900.9352112676056,44.8808278768746,33.04911464484962,0.6587372473121114,False,36.823906842470535,1.358003939263433
Batch_1,img_uhdslk0o,75,34225.0,1087.264426588751,5365.414404674945,233.40914240085672,210.31514382892283,-0.14197921545105296,False,208.75014591266984,1.1098066366096742
Batch_1,img_uhdslk0o,76,110.0,1024.1090909090908,1012.4454545454546,13.917323661528581,10.120954596033291,-0.3004194241665429,False,11.834540545406394,1.375099900851566
Batch_1,img_uhdslk0o,77,7672.0,1068.7778936392076,4421.372132429614,114.28728151129002,96.52205527639418,-1.0226337076308263,False,98.8346790717113,1.184053542830439
Batch_1,img_uhdslk0o,78,35901.0,1258.5354725495113,5066.119467424306,265.72284572588376,184.22502799953853,-0.2701544425291274,False,213.80031079382715,1.4423818989814423
Batch_1,img_uhdslk0o,79,215.0,1131.6883720930232,3459.186046511628,19.979999424213226,14.872916553423073,0.16188193070623436,False,16.545286401814263,1.343381397484862
Batch_1,img_uhdslk0o,80,2474.0,1215.444219886823,3045.086903799515,125.86468239879648,25.84231828608667,1.2713090166118197,False,56.12481299456411,4.870487276157464
Batch_1,img_uhdslk0o,81,552.0,1284.5652173913043,2247.0778985507245,106.88395572217806,7.508628568740249,-0.6152548199860681,False,26.510907730475957,14.23481728303287
Batch_1,img_uhdslk0o,82,4500.0,1281.6766666666667,199.83755555555555,162.29974710220304,36.29734381865052,-1.4142886205949488,False,75.6939756606048,4.471394598819355
Batch_1,img_uhdslk0o,83,126.0,1319.2460317460318,218.984126984127,18.186157492298122,9.85477221084853,1.4648322155185056,False,12.666024736934256,1.8454163224877047
Batch_1,img_uhdslk0o,84,6253.0,1463.3686230609308,3323.9325123940507,136.03385635832046,59.589070581435955,0.8676817275882639,False,89.22761272851007,2.2828658851527663
Batch_1,img_uhdslk0o,85,57593.0,1617.2026982445784,2197.30578368899,432.5086890812085,189.6858817464587,-0.8230390234291567,False,270.79454407342155,2.280131157358964
Batch_1,img_uhdslk0o,86,14849.0,1489.2569196578895,1270.1996094013066,229.42394915542565,89.17383705535039,1.3944745436109678,False,137.50030545337864,2.5727719780973617
Batch_1,img_uhdslk0o,87,21452.0,1671.6508017900428,6867.500932314003,326.836249013272,90.62630637332505,-0.8025836215373554,False,165.26806925010865,3.606416967573479
Batch_1,img_uhdslk0o,88,11202.0,1585.206391715765,1897.4090341010533,206.81599437508413,81.50483570958116,1.4173989351257308,False,119.42708813382035,2.5374690050540427
Batch_1,img_uhdslk0o,89,62315.0,1728.5370296076387,2505.8614458798043,372.4186388455225,229.74229457905065,0.37276258690526565,True,281.67698207374286,1.6210277673420694
Batch_1,img_uhdslk0o,90,21922.0,1647.2351519021986,3321.409725390019,241.7118134723037,137.33322720560344,0.8947823270267807,False,167.06872029103545,1.7600388368536164
Batch_1,img_uhdslk0o,91,22615.0,1639.2552288304223,211.89175326110987,196.59275491611982,148.85003063348066,-0.5912634786386419,False,169.6888691228323,1.320743798838698
Batch_1,img_uhdslk0o,92,20271.0,1655.7157022347196,5661.100389719303,163.40868154209673,160.1184134414643,-1.1563439074565458,False,160.65440800465603,1.020548967666578
Batch_1,img_uhdslk0o,93,128.0,1633.875,314.734375,18.058689728953123,9.151765896448781,-0.5284729588213737,False,12.766152972845846,1.973246467762091
Batch_1,img_uhdslk0o,94,18702.0,1766.5591380601006,5485.2238263287345,167.14653987371835,155.05795368619735,0.33650998452502245,False,154.3117816812346,1.0779617291479648
Batch_1,img_uhdslk0o,95,147.0,1739.6598639455783,6083.925170068027,17.603520925455708,11.27569796304487,0.930735366012234,False,13.680870333281758,1.5611912436063589
Batch_1,img_uhdslk0o,96,125.0,1849.808,3216.44,14.592323493349696,10.961052461576601,1.4896606738028508,False,12.6156626101008,1.331288536799028
Batch_1,img_uhdslk0o,97,217.0,1856.663594470046,3490.4147465437786,26.837045932284976,12.267482936635764,-0.7387558355511883,False,16.622063085174787,2.187657082622751
Batch_1,img_uhdslk0o,98,547.0,1868.5941499085923,4810.482632541133,46.25953282175324,16.94221852868141,1.4049334476366104,True,26.390567083147985,2.7304294737693695
Batch_1,img_uhdslk0o,99,224.0,1870.4419642857142,4276.325892857143,25.53700052252775,12.13177003195889,1.5070062302892857,True,16.88803298257901,2.1049690568857864
Batch_1,img_uhdslk0o,100,71.0,1872.3098591549297,4256.859154929577,12.240997255573149,8.151394407300943,-1.420175774841941,True,9.507891862878783,1.5017059221928066
Batch_1,img_uhdslk0o,101,195.0,1872.4205128205128,4861.292307692308,36.139799155531,7.9791752606038795,1.5029597580226977,True,15.756957549709801,4.52926498982501
Batch_2,img_3806gxp0,1,9574.0,59.756841445581784,38.519845414664715,136.56496829996362,96.79972541698142,-0.24778764853429214,True,110.40831219294337,1.4107991289405688
Batch_2,img_3806gxp0,2,21188.0,89.16188408533132,1156.7186143099868,205.0077833350099,158.72181275330024,0.9924487478782863,True,164.24798164315027,1.2916169477830466
Batch_2,img_3806gxp0,3,131.0,7.9541984732824424,3037.0992366412215,20.029703211694585,8.74891549396838,-0.4295496396331209,True,12.914889870235298,2.2893926939291314
Batch_2,img_3806gxp0,4,371.0,11.177897574123989,3177.7735849056603,43.360574723576,13.218473748994656,-0.7865958409165621,True,21.73411767467788,3.280301156317221
Batch_2,img_3806gxp0,5,2715.0,19.176058931860037,3591.4537753222835,78.68368949564527,48.13000257742457,1.315747898435065,True,58.79494335362495,1.6348158172040477
Batch_2,img_3806gxp0,6,1875.0,12.240533333333333,3674.9504,81.15413455686783,31.98676884611324,-1.4830026865236412,True,48.860251190292,2.537115735174639
Batch_2,img_3806gxp0,7,98.0,22.581632653061224,6270.581632653061,16.19872796638241,8.285727120302925,0.5972878211457858,False,11.170383851240114,1.9550158641707944
Batch_2,img_3806gxp0,8,89.0,25.719101123595507,6082.5842696629215,11.807067385997243,9.707126599561242,0.7208360346924242,False,10.645107772184812,1.2163298031500813
Batch_2,img_3806gxp0,9,361.0,40.39612188365651,2630.0360110803326,50.584604779371936,9.647323044959768,-1.3769496660711114,False,21.43920417481474,5.243382495188632
Batch_2,img_3806gxp0,10,12403.0,127.99733935338224,3215.8004515036687,209.28258689235156,104.70455637250467,-0.6329751463229077,False,125.6661850831409,1.9987915917220676
Batch_2,img_3806gxp0,11,26747.0,148.40221333233634,2757.179721090216,238.58622963587723,150.27227096993838,-1.1409802712116701,False,184.5408846381511,1.5876929795225219
Batch_2,img_3806gxp0,12,1648.0,82.1626213592233,6703.587985436893,58.40723939474784,37.34526410685327,-0.9149773987600556,False,45.80719124464573,1.5639798189037164
Batch_2,img_3806gxp0,13,105.0,66.2,5521.933333333333,13.541974908388223,10.458944437905146,1.0627186708027687,False,11.562445770562215,1.2947745337770038
Batch_2,img_3806gxp0,14,1311.0,86.52936689549962,2920.6979405034326,62.05898142526706,28.657146928633107,-1.3081967579861777,False,40.85605271129112,2.165567339268521
Batch_2,img_3806gxp0,15,55350.0,233.90018066847335,4350.695429087624,297.5400333698975,247.592874491989,-1.4667836323089427,False,265.46903548453867,1.2017310028828176
Batch_2,img_3806gxp0,16,37735.0,223.96483370875845,6828.570875844706,261.0162284361932,199.88828051753958,0.5700180119219073,False,219.1932805096483,1.3058105645832991
Batch_2,img_3806gxp0,17,317.0,111.49526813880126,5813.586750788643,33.75970785153721,14.11524780847713,0.8656431088051508,False,20.090219901261573,2.391719104730297
Batch_2,img_3806gxp0,18,137.0,116.86131386861314,4411.226277372263,14.668080382929732,12.111917907329858,0.4776866646243835,False,13.207339536360731,1.211045227944696
Batch_2,img_3806gxp0,19,824.0,135.25485436893203,49.90169902912621,46.14031121825694,24.73694998074811,1.1651316892027108,False,32.390575556198044,1.8652384895537366
Batch_2,img_3806gxp0,20,144.0,128.33333333333334,2909.9375,19.439373963500792,9.862578878234117,1.1462192723676425,False,13.540550005146152,1.9710234213083817
Batch_2,img_3806gxp0,21,41962.0,284.21059530050996,2261.1799961870265,291.5286952929602,190.59731146513923,0.8283981411146111,False,231.1442791335682,1.5295530301658091
Batch_2,img_3806gxp0,22,192.0,170.15625,36.953125,24.28006324055536,10.565797703816104,0.10155898934273819,False,15.635280380893438,2.2979867607900544
Batch_2,img_3806gxp0,23,130.0,166.2076923076923,166.83076923076922,16.38298404189496,11.362023823347009,0.9579410236922284,False,12.865501965161373,1.44190720743172
Batch_2,img_3806gxp0,24,13888.0,226.2897465437788,2525.6046947004606,160.85945178805724,116.82033228512753,1.4139157234883841,False,132.9765046813983,1.3769816318912864
Batch_2,img_3806gxp0,25,30243.0,318.9958998776576,1463.9848229342326,232.5324253003117,178.52904195561473,-0.24236514696676908,False,196.23094442881714,1.3024907474612624
Batch_2,img_3806gxp0,26,236.0,249.41101694915255,2041.0338983050847,29.37623025794301,10.886649678462568,0.8975603597728475,False,17.334489682638438,2.698371962501835
Batch_2,img_3806gxp0,27,5698.0,335.06897156897156,5195.104598104598,141.71402588374713,69.88607705078113,0.16987215113892432,False,85.17581185935921,2.0277862467623393
Batch_2,img_3806gxp0,28,8006.0,303.32900324756434,1136.3493629777668,110.75722759038632,96.85718689028046,1.292032379901101,False,100.96314077498636,1.1435106794486174
Batch_2,img_3806gxp0,29,4557.0,312.1650208470485,1969.9440421329823,105.7499992498116,63.96698435155736,-0.9768229067362143,False,76.17186229414466,1.6531965719787285
Batch_2,img_3806gxp0,30,195.0,281.34358974358975,2024.8102564102564,20.236490869722164,17.412021909320135,0.800060952588652,False,15.756957549709801,1.1622137265339745
Batch_2,img_3806gxp0,31,19505.0,366.66921302230196,4025.870699820559,225.81212598684226,122.04108812684738,-1.1380232832963835,False,157.58977542994137,1.8502959081464192
Batch_2,img_3806gxp0,32,21510.0,419.953509995351,1175.994839609484,214.41694181102335,133.61132954966942,-1.4088879968031265,False,165.49133695530213,1.604781140444492
Batch_2,img_3806gxp0,33,117.0,383.8376068376068,2024.08547008547,17.932595169653688,8.363706101630555,0.20139071812243264,False,12.205286835384658,2.1440967618598674
Batch_2,img_3806gxp0,34,452.0,393.02433628318585,2418.4535398230087,42.20495981946779,14.18736848714248,-0.7511970624906896,False,23.98967015655475,2.9748265055437644
Batch_2,img_3806gxp0,35,73.0,414.64383561643837,1756.8082191780823,11.721116250489436,8.04422994333595,1.3258346750170258,False,9.640875829802336,1.4570836901796318
Batch_2,img_3806gxp0,36,18743.0,480.8056341033986,1679.2663927866404,257.89771539693635,99.14844146660381,-1.5369786984950486,False,154.48083630978684,2.6011272752462182
Batch_2,img_3806gxp0,37,1185.0,454.30464135021094,593.5544303797468,58.86024260382967,27.248045655029134,-0.15197525930213357,False,38.8431314457417,2.1601638278584545
Batch_2,img_3806gxp0,38,519.0,437.8612716763006,5676.304431599229,54.940348935152485,12.40945739544973,1.3800800622673375,False,25.70625067405882,4.427296632268376
Batch_2,img_3806gxp0,39,512.0,441.54296875,3778.783203125,38.424492921677,19.39221592640235,1.5334089107612068,False,25.532305945691693,1.9814389994163768
Batch_2,img_3806gxp0,40,2137.0,475.90828263921384,3834.9312119794104,86.61063099884566,34.68723675154542,-1.3303720744150869,False,52.162370604670976,2.4969020051730384
Batch_2,img_3806gxp0,41,83.0,461.56626506024094,5661.566265060241,12.942780977028413,8.258288467033514,0.8339992169840722,False,10.280023453913834,1.5672473816693435
Batch_2,img_3806gxp0,42,2742.0,502.68563092633116,308.70459518599563,65.85552659285605,56.68029341986286,1.1053802877352503,False,59.08657065411578,1.1618769526302037
Batch_2,img_3806gxp0,43,1151.0,501.3848827106864,4715.242397914857,56.13052359007185,29.77378104055915,0.2273720675563846,False,38.28183271462029,1.8852333035434228
Batch_2,img_3806gxp0,44,307.0,494.00651465798046,1525.4592833876222,33.06486297265724,12.883479693189917,1.3481966247774868,False,19.77080019204319,2.5664543865532696
Batch_2,img_3806gxp0,45,1661.0,549.8157736303432,1569.0325105358218,104.2956224839593,22.648995053100137,-1.3513735377709302,False,45.98750791035654,4.60486755546726
Batch_2,img_3806gxp0,46,141.0,558.7943262411347,1908.4751773049645,18.612565254037676,10.07943196524249,-0.33992957300593246,False,13.398760233979036,1.8465887083935386
Batch_2,img_3806gxp0,47,952.0,579.6155462184873,1282.2983193277312,44.8638419559816,30.301313303579093,-0.828936409521339,False,34.815571898044055,1.4805906762688872
Batch_2,img_3806gxp0,48,168.0,602.6845238095239,840.1666666666666,23.041912476548003,9.506142997234608,1.0926460664482363,False,14.625465582862905,2.4238971035099124
Batch_2,img_3806gxp0,49,204.0,687.7107843137255,424.30392156862746,19.976459434499354,14.072896381350409,-0.22183290267629463,False,16.11647812414279,1.4194987935086643
Batch_2,img_3806gxp0,50,4524.0,788.4255083996463,5227.083112290009,149.01974869277782,42.366585554504375,-1.33960701880963,False,75.89555784353836,3.5173886859743453
Batch_2,img_3806gxp0,51,4231.0,835.9673835972583,1338.4920822500592,80.55554601740117,73.02503672440719,-0.7042564130177135,False,73.39670642320726,1.1031222938156642
Batch_2,img_3806gxp0,52,2104.0,832.4058935361217,1115.8873574144486,82.77781086104584,35.65869530611169,-0.03499720613663556,False,51.758052534101225,2.3213920237529893
Batch_2,img_3806gxp0,53,23871.0,920.5775627330233,3145.5737086841773,229.40088595250722,163.54371423581878,0.1584441935581832,False,174.33732007913014,1.402688492336226
Batch_2,img_3806gxp0,54,19018.0,977.9641918182774,2419.3542433484067,188.04900825907615,138.5729449874127,0.5584322380604622,False,155.60999216558469,1.3570398484073323
Batch_2,img_3806gxp0,55,2065.0,918.1980629539952,906.61598062954,81.71273952963864,40.837507496668394,-0.8681630917214704,False,51.27611198090307,2.0009237717631256
Batch_2,img_3806gxp0,56,1631.0,921.2630288166769,1978.883507050889,78.89759216984939,30.54741336631949,-1.3358840842032869,False,45.57031596843553,2.582791257109812
Batch_2,img_3806gxp0,57,428.0,919.7406542056075,4338.8317757009345,33.12920833593405,20.16454421828298,1.4656915361570628,False,23.34408972623798,1.642943573497493
Batch_2,img_3806gxp0,58,132.0,936.6666666666666,4345.272727272727,17.52209876757901,9.789094757687355,1.5184734687842139,False,12.964089628857149,1.7899610945965094
Batch_2,img_3806gxp0,59,1612.0,1033.4044665012407,322.1495037220844,62.460525820079134,33.21806153266771,-1.5228044763605042,False,45.30410738678208,1.8803182045602944
Batch_2,img_3806gxp0,60,405.0,1048.6617283950618,5854.133333333333,26.26530665341027,19.775745434587773,-0.8105404437934007,False,22.708192698181442,1.3281576029731985
Batch_2,img_3806gxp0,61,428.0,1077.978971962617,5544.827102803738,40.11417710669395,15.203699282755538,-0.10870594945761455,False,23.34408972623798,2.638448469721614
Batch_2,img_3806gxp0,62,2282.0,1119.8777388255917,2406.374671340929,82.69094429115451,38.348320371897046,-1.2326500224501975,False,53.902992876886174,2.1563120232966773
Batch_2,img_3806gxp0,63,19327.0,1222.336937962436,4823.096600610545,171.41180312570538,148.8302561441954,-1.3418808086982756,False,156.86905584307087,1.151726856934464
Batch_2,img_3806gxp0,64,31934.0,1244.6749859084362,6254.806757687731,268.19455797145224,164.21364117824774,1.4643596022965564,False,201.6423358860254,1.6332051104106333
Batch_2,img_3806gxp0,65,427.0,1170.463700234192,2335.2622950819673,37.816813354156075,14.902289791116287,-0.09060011983758176,False,23.31680264534386,2.537651185437277
Batch_2,img_3806gxp0,66,2246.0,1220.620213713268,2719.3321460374,72.99551414996277,40.49074033335489,0.09471429653685974,False,53.4761256774944,1.8027705482537586
Batch_2,img_3806gxp0,67,253.0,1209.8853754940712,2688.98814229249,28.567887556494338,12.7677370388896,0.09415765951691345,False,17.94796937867892,2.237505947175966
Batch_2,img_3806gxp0,68,3822.0,1255.6776556776556,5233.020146520146,152.1511218369291,41.6931402864653,0.6472046406220571,False,69.7590247923363,3.6493082744914127
Batch_2,img_3806gxp0,69,1620.0,1249.714197530864,5395.431481481482,77.25890848778576,28.689052440006172,-1.4665864064698348,False,45.416385396362884,2.6929752611853477
Batch_2,img_3806gxp0,70,728.0,1266.392857142857,2753.3214285714284,51.48105371517518,18.49373461027318,0.0875489618290142,False,30.445334430207833,2.783702415983503
Batch_2,img_3806gxp0,71,7281.0,1329.3459689603076,596.7210548001648,183.970117142442,52.022663821684894,-0.9712808042920514,False,96.2832131018524,3.536345577631815
Batch_2,img_3806gxp0,72,6581.0,1337.9393709162741,2036.9527427442638,156.1807196688248,70.29881758400322,1.0732163454441643,False,91.53791260402492,2.221669226259708
Batch_2,img_3806gxp0,73,119.0,1316.81512605042,5030.285714285715,19.24753830693955,9.7074154380516,-0.8666397403590476,False,12.309163489997376,1.982766518005618
Batch_2,img_3806gxp0,74,3338.0,1393.0212702216897,4955.039544637508,126.52096173489291,40.68817056502712,-0.23040969741216055,False,65.19258853831448,3.109526920918927
Batch_2,img_3806gxp0,75,1045.0,1337.7330143540669,5038.111961722488,93.2348353953597,17.03008872943093,1.535476936618145,False,36.47650372840365,5.474712250572942
Batch_2,img_3806gxp0,76,5936.0,1395.39673180593,4822.63679245283,96.83173713099156,82.31143064272132,-0.914036125297763,False,86.93647069871152,1.176406926412161
Batch_2,img_3806gxp0,77,787.0,1398.1893265565438,4072.3176620076238,54.4531221019525,20.64348689325193,-0.058654213578720214,False,31.655007845624887,2.6377870358593576
Batch_2,img_3806gxp0,78,33769.0,1527.6814830169683,675.2506440818502,265.70060980937757,173.91358218180082,0.41141020421857016,False,207.35483159589435,1.527773774055364
Batch_2,img_3806gxp0,79,38666.0,1491.7842290384317,2376.2176072001243,262.45376256519455,195.9129633800105,-1.323057149856224,False,221.88077933144592,1.3396446975084313
Batch_2,img_3806gxp0,80,1417.0,1430.878616796048,5262.428369795342,63.95794914737626,30.29968097928128,-0.6621103910008405,False,42.47564519686223,2.110845628741447
Batch_2,img_3806gxp0,81,1582.0,1443.5410872313528,6470.974083438685,67.69588200080926,31.59303428787816,0.3046348220809858,False,44.88056327377173,2.1427470810166307
Batch_2,img_3806gxp0,82,21257.0,1534.459942607141,5843.461118690314,206.5214477730705,142.69107921013438,-0.7422961106367275,False,164.5152059915294,1.4473325796978251
Batch_2,img_3806gxp0,83,166.0,1467.7289156626507,2208.259036144578,16.03632872983555,13.591591375090609,-0.6417513214740685,False,14.538148590038452,1.179871310671201
Batch_2,img_3806gxp0,84,2486.0,1490.5844730490749,491.157280772325,69.74995101413654,51.30228367443671,0.886620164056479,False,56.260763487635096,1.3595876444169304
Batch_2,img_3806gxp0,85,93.0,1480.8064516129032,2.3655913978494625,18.013497374034642,7.160352452099856,-0.09914527898880204,True,10.881694613449236,2.5157277514673146
Batch_2,img_3806gxp0,86,126.0,1485.857142857143,5927.3015873015875,20.878462920342134,7.8004909847827495,-0.25874250528305764,False,12.666024736934256,2.6765575347849233
Batch_2,img_3806gxp0,87,5205.0,1534.4587896253602,6735.434197886648,90.23640627679616,76.08847930282569,-1.5510058307958325,False,81.40768901244232,1.1859404617309135
Batch_2,img_3806gxp0,88,8943.0,1582.7826232807784,4118.220060382422,212.91631903573568,59.50925393015869,1.0531995678506694,False,106.70792495670864,3.5778690703401983
Batch_2,img_3806gxp0,89,22328.0,1600.6932551056968,283.9492117520602,240.73437871062472,126.35283460967828,-0.9701495345863814,False,168.60869655758185,1.9052550696965933
Batch_2,img_3806gxp0,90,2791.0,1601.7538516660695,4471.354353278395,70.55471660166243,55.486003820312916,-1.4975608363324522,False,59.612176351445505,1.2715768255747588
Batch_2,img_3806gxp0,91,241.0,1594.551867219917,453.63900414937757,18.7423045586341,17.687242643473912,1.4734310749059651,False,17.517155313611116,1.059651011546985
Batch_2,img_3806gxp0,92,11058.0,1695.1153915717127,3006.7524868873215,184.58302479195635,84.93898835960789,-0.5066051180434505,False,118.656996783508,2.1731248317967187
Batch_2,img_3806gxp0,93,2109.0,1708.07728781413,1729.0047415836889,56.19978793978883,51.38702978090474,1.4814999934072732,False,51.819515627285234,1.0936570605346116
Batch_2,img_3806gxp0,94,225.0,1690.0044444444445,3318.28,20.50383385347217,15.254590315844942,1.209047531080484,False,16.925687506432688,1.3441091126632774
Batch_2,img_3806gxp0,95,5997.0,1738.7268634317159,4553.574287143571,144.92683567483368,59.76679889311947,1.0494822492687113,False,87.38202074670035,2.4248719750576786
Batch_2,img_3806gxp0,96,482.0,1720.6078838174274,5356.921161825726,34.90330612017846,18.48214636997441,-1.5610679944786139,False,24.77299861870477,1.8884877016709176
Batch_2,img_3806gxp0,97,26068.0,1822.6735844713826,5747.482315482584,205.92898483129204,175.10915715150244,-1.0690028709102157,False,182.18344725072095,1.1760035179263906
Batch_2,img_3806gxp0,98,783.0,1748.2145593869732,6717.24521072797,51.918107695127496,20.60754676175336,0.3864268450482966,False,31.574460621325464,2.5193735234649606
Batch_2,img_3806gxp0,99,113.0,1727.0973451327434,4839.929203539823,16.931912453556592,9.051413523253723,1.1555842514379482,False,11.994835078277376,1.870637377251333
Batch_2,img_3806gxp0,100,29499.0,1838.1781077324656,4852.284484219804,255.1394351904927,171.35494690505277,1.1204342380457353,False,193.80220156165038,1.488952842031836
Batch_2,img_3806gxp0,101,2817.0,1811.8359957401492,5341.113951011715,79.14889625936054,55.03693965390986,-0.48649827756667935,False,59.8891959999377,1.4381049665383738
Batch_2,img_3806gxp0,102,904.0,1840.1814159292035,2898.29203539823,47.476450775454325,24.50984796559222,0.48308638451808333,False,33.92651689225682,1.9370357107927976
Batch_2,img_3806gxp0,103,31870.0,1959.5119861939127,1160.4081581424537,377.772607609001,119.630397533869,-1.2351584025246767,True,201.44017546336093,3.1578312485507576
Batch_2,img_3806gxp0,104,116.0,1885.8706896551723,5999.439655172414,19.95803773708262,8.516063695297023,-1.523561477565416,False,12.153015559492998,2.343575441797647
Batch_2,img_3806gxp0,105,70.0,1919.4571428571428,5845.6,10.233574249018854,8.867210805973507,0.9804839152252188,False,9.440697438826296,1.1540916837259445
Batch_2,img_3806gxp0,106,5006.0,1954.4272872552935,2049.1328405912905,115.7574473839636,59.19079987352909,-1.3944694226528482,False,79.83631480062331,1.955666212169771
Batch_2,img_3806gxp0,107,904.0,1946.787610619469,2665.548672566372,51.4095157275392,23.517669983205696,0.35430884385451705,False,33.92651689225682,2.1859952862784224
Batch_2,img_3806gxp0,108,397.0,1951.3501259445843,6991.48362720403,54.303051974155125,10.369192405862574,-0.01373544502887846,True,22.48279562821002,5.236960589472046
Batch_2,img_3806gxp0,109,152.0,1942.6644736842106,2596.125,19.7333319597275,11.996365461356728,1.1514012416528463,False,13.911592676604096,1.6449425472484531
Batch_2,img_3806gxp0,110,244.0,1951.3934426229507,3483.9918032786886,25.750661253925003,12.518813778154215,-0.39582065888860596,False,17.625846048215095,2.056956969745875
Batch_2,img_3806gxp0,111,294.0,1975.9625850340135,15.459183673469388,23.268992864225098,16.26737122061133,-0.5395377626366081,False,19.347672370394786,1.430408917867594
Batch_2,img_3806gxp0,112,9190.0,2024.057236126224,3304.7542981501633,267.1087432305686,54.046731338590874,-1.5464443808694375,True,108.17149077329084,4.942181268228621
Batch_2,img_3806gxp0,113,236.0,2002.7627118644068,6763.737288135593,25.421563578675904,11.943792886881974,1.0242488891685144,False,17.334489682638438,2.128433054678698
Batch_2,img_3806gxp0,114,755.0,2025.5456953642383,3672.2794701986754,61.24606465128294,17.177281937343633,0.7545990742493862,True,31.004771508189638,3.5655271232483647
Batch_2,img_3806gxp0,115,5000.0,2020.4968,4673.7526,158.77967852970457,43.87099969232155,-1.5008975575921928,True,79.78845608028654,3.619240036545024
Batch_2,img_3806gxp0,116,2298.0,2032.2967798085292,6706.210182767624,125.07839784677772,28.52676174172667,-1.4843428827154794,True,54.09163034889413,4.384598538705605
Batch_2,img_3806gxp0,117,831.0,2034.6317689530686,6607.862815884477,67.61492763955745,17.96851885284177,-1.3865313576426557,True,32.52786592561707,3.7629661183155325
Batch_2,img_3806gxp0,118,610.0,2038.0868852459016,5577.824590163935,64.1950826200384,14.251301567827088,1.502225978694001,True,27.868909599918855,4.504506645551695
Batch_2,img_3806gxp0,119,809.0,2037.6946847960446,410.3114956736712,77.13511051769814,13.989259372126254,-1.5478970317073366,True,32.09440436728413,5.513880932924201
Batch_2,img_3806gxp0,120,162.0,2039.2777777777778,1176.9197530864199,20.972991561203628,11.912478126289738,-1.5471239976096218,True,14.361922094451577,1.7605901424421653
Batch_2,img_3806gxp0,121,135.0,2040.148148148148,4413.77037037037,24.84232847571592,8.246491035326343,1.3879130194804175,True,13.110581167104948,3.0124726225125666
Batch_2,img_3806gxp0,122,117.0,2039.7350427350427,5523.555555555556,17.600684894372826,9.53180133599387,1.3656928493357807,True,12.205286835384658,1.8465224225676353
Batch_2,img_avn74qx1,1,8972.0,38.97224699063754,1004.911725367811,126.11892584692188,107.19117177902041,1.2994243802670584,True,106.88079900227112,1.1765794118467323
Batch_2,img_avn74qx1,2,139.0,2.827338129496403,1265.0647482014388,27.513070412398434,7.913960459633732,-1.4179917517337994,True,13.303394180365686,3.476523613269578
Batch_2,img_avn74qx1,3,7253.0,69.8976975044809,2021.2581000965117,136.2976512241138,76.34658067774293,0.01509545873410352,True,96.09790017458309,1.7852489268566312
Batch_2,img_avn74qx1,4,4438.0,20.06782334384858,3531.9673276250564,135.20462552404783,52.50777138609557,-1.3509231812546039,True,75.17071969546821,2.5749450406088075
Batch_2,img_avn74qx1,5,9739.0,25.316562275387618,4226.489167265633,219.4318777440922,62.83892779120446,-1.472653152544782,True,111.35564613514552,3.4919736134454857
Batch_2,img_avn74qx1,6,1828.0,15.76531728665208,5975.748358862144,63.38596915472912,40.53181230564644,-1.3414382931516702,True,48.243982917830046,1.5638572654176357
Batch_2,img_avn74qx1,7,144.0,3.8333333333333335,6057.729166666667,17.98732131166223,11.404404355234357,-1.5262316364955715,True,13.540550005146152,1.5772258463815751
Batch_2,img_avn74qx1,8,692.0,7.062138728323699,6185.630057803468,55.035562941729886,18.247576409081493,1.4017810648199343,True,29.683021493047715,3.016047814127232
Batch_2,img_avn74qx1,9,360.0,5.930555555555555,6273.9,35.364624234205536,13.833757947364909,-1.3128145520025012,True,21.409489393833255,2.5564003916189586
Batch_2,img_avn74qx1,10,7332.0,55.36047463175123,1333.970676486634,129.89785020411722,76.30412370676517,-1.2859283126553427,False,96.61983410251858,1.7023699885908055
Batch_2,img_avn74qx1,11,101.0,19.14851485148515,6062.207920792079,14.284732333681216,9.035180792444669,-0.930996477582512,False,11.340070282773887,1.5810123407410164
Batch_2,img_avn74qx1,12,1530.0,49.213725490196076,1522.862745098039,56.934727656885215,37.136146752629706,1.2912461619223115,False,44.13679308065777,1.5331350351488344
Batch_2,img_avn74qx1,13,12313.0,87.31089092828718,3308.1849265004466,143.7962957982669,113.77092842263492,0.8022807868271565,False,125.20941863264144,1.2639107177195046
Batch_2,img_avn74qx1,14,1701.0,69.17754262198707,6096.532039976484,72.1611690765928,35.9085371593916,-0.6395983939243024,False,46.5379465124377,2.0095825334315967
Batch_2,img_avn74qx1,15,7293.0,90.92623063211299,4918.082133552722,130.72902125386267,77.15710250443038,1.0072955166555322,False,96.36252383449461,1.6943225835412388
Batch_2,img_avn74qx1,16,311.0,45.69131832797428,4325.881028938907,22.1296486365706,19.405977019857687,-0.6401672551586911,False,19.899183360445615,1.1403522025160517
Batch_2,img_avn74qx1,17,141.0,64.91489361702128,5630.482269503546,21.070983674361717,8.664296422010818,-0.58777606384814,False,13.398760233979036,2.431932455684791
Batch_2,img_avn74qx1,18,5133.0,99.26300409117475,6386.503604130138,109.76215192112613,66.43046601871775,-0.9628602973926641,False,80.84267798091297,1.652286345397593
Batch_2,img_avn74qx1,19,35298.0,197.70052127599297,6748.715649611876,241.55624518618103,193.5354853455502,0.9979276601365688,False,211.997192080607,1.2481237988728093
Batch_2,img_avn74qx1,20,1606.0,141.59713574097137,1244.7179327521794,67.44240635049417,31.78634678137909,0.020356907331009592,False,45.21971593060566,2.1217413505978273
Batch_2,img_avn74qx1,21,1163.0,147.36285468615648,1445.4746345657782,49.04148078005108,35.708686885847605,-0.98651403200673,False,38.48087304787918,1.373376762265869
Batch_2,img_avn74qx1,22,8877.0,219.24907063197026,4886.570575644925,188.30512824662125,63.447826880419306,1.1788922311812897,False,106.31343959544363,2.967873566442577
Batch_2,img_avn74qx1,23,226.0,181.19026548672565,5826.486725663717,26.102234329158055,12.028108712806818,-1.0964752470263064,False,16.96325844612841,2.1701029606895674
Batch_2,img_avn74qx1,24,2460.0,203.0630081300813,5002.722357723577,83.69832083396128,44.15574682646857,1.1619803486935265,False,55.965786691946896,1.895524973519176
Batch_2,img_avn74qx1,25,621.0,212.9098228663446,2416.1996779388082,35.83215527751369,22.441701849823577,0.1458968204025029,False,28.11906394744562,1.5966772715053865
Batch_2,img_avn74qx1,26,434.0,245.7995391705069,4708.702764976959,33.462185637068224,18.540148917373227,0.899971669249503,False,23.507147049675353,1.8048498847661443
Batch_2,img_avn74qx1,27,451.0,287.9911308203991,470.60753880266077,35.757942373578565,17.36944666711907,-0.7449282622073887,False,23.96311821686732,2.0586690560079566
Batch_2,img_avn74qx1,28,184.0,288.4945652173913,5878.228260869565,30.94229698963981,8.172124220960548,0.6223263481304738,False,15.306079714651624,3.786322399539207
Batch_2,img_avn74qx1,29,336.0,287.4672619047619,654.4583333333334,45.65887612126588,9.630468034464931,-1.3063421992218984,False,20.683531783305643,4.7410858909312275
Batch_2,img_avn74qx1,30,365.0,344.34794520547945,6580.621917808219,23.888087251811665,20.386290705235307,1.5178206677917387,False,21.557653718072718,1.1717721284959934
Batch_2,img_avn74qx1,31,1293.0,371.2374323279196,2488.3464810518176,68.43154200002674,28.275951609278863,-1.5140875996753975,False,40.57460697705605,2.4201322362417206
Batch_2,img_avn74qx1,32,166.0,377.54819277108436,2525.909638554217,19.92641951471798,12.077016971411572,0.5423776485954734,False,14.538148590038452,1.6499454759306316
Batch_2,img_avn74qx1,33,204.0,380.5735294117647,1110.985294117647,27.11153452999153,11.338474524421576,-1.1168816857397506,False,16.11647812414279,2.391109533438283
Batch_2,img_avn74qx1,34,5907.0,445.26866429659725,6778.199593702387,122.64029062956259,70.15408713601258,1.1783562293953453,False,86.7238490309938,1.748156032474507
Batch_2,img_avn74qx1,35,4142.0,434.3474167069049,6621.560598744568,120.64665438633175,48.05085300709564,-1.1979198236168742,False,72.62064578543105,2.51081191770968
Batch_2,img_avn74qx1,36,10225.0,528.68097799511,6664.20195599022,157.62341790425836,93.60230564639801,-0.4716245785481918,False,114.10028196686036,1.6839693938706306
Batch_2,img_avn74qx1,37,25807.0,566.929050257682,1829.529468748789,260.1783264816877,136.2825499827229,-0.1411264452859801,False,181.26911742208145,1.9091096146547855
Batch_2,img_avn74qx1,38,30462.0,598.0509487229991,6205.686987065853,309.8425574858692,141.3319982761405,-0.7370905350478608,False,196.94015083705642,2.192302955205413
Batch_2,img_avn74qx1,39,122.0,550.3524590163935,405.1475409836066,17.875171066202636,8.891589337097582,0.5631254203148393,False,12.463355264843006,2.0103460009813614
Batch_2,img_avn74qx1,40,416.0,578.5552884615385,6585.170673076923,27.077983812787522,20.141769826577864,-0.21816403834336368,False,23.014509567006368,1.3443696381167582
Batch_2,img_avn74qx1,41,4689.0,671.4064832586905,3347.746641074856,181.6959776440981,36.15074354771144,-0.013671212501390428,False,77.26720019039888,5.026064744817691
Batch_2,img_avn74qx1,42,20693.0,653.6952109408979,6849.7662011308175,250.00182123879318,113.240401247699,1.3124554380707147,False,162.31803935239213,2.2077087195403515
Batch_2,img_avn74qx1,43,9671.0,667.7222624340812,5631.832799090063,132.95853870317117,94.68749852610306,1.5675593382190907,False,110.96620943843111,1.4041826088215617
Batch_2,img_avn74qx1,44,1244.0,662.6350482315113,2881.4541800643087,51.05204199276702,39.11299823607662,-1.007396532227444,False,39.79836672089123,1.305244913331093
Batch_2,img_avn74qx1,45,146.0,641.0,6678.006849315068,19.43927693860919,10.056214999905448,-1.4747774578737753,False,13.63425735166143,1.9330609915153927
Batch_2,img_avn74qx1,46,1325.0,671.177358490566,2812.4445283018867,77.49839469656045,27.08444283860442,0.8357989706390486,False,41.07362166615078,2.8613619692445447
Batch_2,img_avn74qx1,47,1076.0,674.3243494423792,1228.653345724907,64.31263828867621,21.82653356587611,-1.206883795173692,False,37.013588722725,2.9465346888258717
Batch_2,img_avn74qx1,48,148.0,674.3243243243244,2768.972972972973,16.62997981848507,12.5469031745623,-1.5556368179277935,False,13.727325035155395,1.3254250540644033
Batch_2,img_avn74qx1,49,7046.0,760.7333238717002,5673.488362191314,175.56847933331042,55.76283546476123,-0.8134338276795757,False,94.71666079525797,3.148485507776217
Batch_2,img_avn74qx1,50,4018.0,741.9345445495271,6047.850174216028,83.11214005374161,77.09461784329895,-1.4212191178170668,False,71.52535557930406,1.078053726430991
Batch_2,img_avn74qx1,51,197.0,793.1725888324873,3049.248730964467,18.901494738893465,14.797723352846663,0.9537910047144108,False,15.837556323903858,1.2773245105475872
Batch_2,img_avn74qx1,52,12329.0,845.5720658609782,6280.471733311704,197.07671204504987,88.64399929683889,-1.5170684119535278,False,125.29074326158266,2.2232380489186454
Batch_2,img_avn74qx1,53,148.0,801.3918918918919,3035.8783783783783,17.650295274719877,11.098583014970105,1.152198898402038,False,13.727325035155395,1.5903197057599716
Batch_2,img_avn74qx1,54,10412.0,853.255570495582,1232.270553207837,186.2648988411533,75.20036156967184,-1.4390100829254084,False,115.13891670405152,2.476914937019047
Batch_2,img_avn74qx1,55,176.0,817.0681818181819,3056.1647727272725,23.201397654890034,9.936388700799817,1.0055688436178198,False,14.96964127403822,2.334992959063937
Batch_2,img_avn74qx1,56,235.0,879.2085106382979,2387.68085106383,20.408248771398796,15.393953458734343,1.5614515602509385,False,17.297725082009,1.3257314845147465
Batch_2,img_avn74qx1,57,93.0,874.6559139784946,2428.569892473118,14.544593783218053,8.400495867426356,-1.5393348116232088,False,10.881694613449236,1.73139705235925
Batch_2,img_avn74qx1,58,5335.0,910.7265229615745,2458.425679475164,109.8971465693056,64.84128282231673,-1.4525151348822645,False,82.4180378992493,1.6948638550297432
Batch_2,img_avn74qx1,59,3090.0,968.6126213592233,3404.412297734628,92.63569082689658,45.67456145458513,0.2582798425597376,False,62.72407985161403,2.0281681504267004
Batch_2,img_avn74qx1,60,87.0,936.2873563218391,2525.4137931034484,12.000000317880776,9.645862658991547,-0.7588362727781007,False,10.524820207108489,1.2440567258849349
Batch_2,img_avn74qx1,61,73.0,952.082191780822,2520.6027397260273,10.797267396511723,8.920784600604744,0.7734686093920384,False,9.640875829802336,1.210349524164026
Batch_2,img_avn74qx1,62,150.0,989.7933333333333,6414.513333333333,17.419042066482255,11.414497416176467,1.4741373068628674,False,13.81976597885342,1.5260454693166106
Batch_2,img_avn74qx1,63,81.0,1028.5185185185185,6801.271604938272,11.247649255222676,9.571480207285136,-0.036300994112482166,False,10.155412503859614,1.1751211945945161
Batch_2,img_avn74qx1,64,66.0,1031.8181818181818,6789.939393939394,9.78411307418324,8.762097083995132,0.8880484301618233,False,9.166995688475081,1.1166405690773418
Batch_2,img_avn74qx1,65,2000.0,1069.076,5533.363,90.32778005814284,30.129909222693925,-1.2710678940856077,False,50.4626504404032,2.997943982855007
Batch_2,img_avn74qx1,66,157.0,1064.7898089171974,3662.9936305732485,23.61832521290924,8.785609004844009,1.3146772242562148,False,14.138550439257221,2.6882968727480483
Batch_2,img_avn74qx1,67,184.0,1090.6304347826087,6426.663043478261,32.21741771139946,7.526274065047709,-0.4475744690334032,False,15.306079714651624,4.280659650838165
Batch_2,img_avn74qx1,68,779.0,1089.661103979461,5963.636713735558,53.69934166293472,20.24370493362349,1.532557877749161,False,31.493707392885515,2.6526439621110844
Batch_2,img_avn74qx1,69,804.0,1125.2885572139303,6146.674129353234,44.10164153876047,24.498836849085905,-0.2128291139514829,False,31.99507140118726,1.8001524648059355
Batch_2,img_avn74qx1,70,8304.0,1204.4755539499038,2079.0092726396915,179.89278235876458,61.97317309658045,-0.2836479184037762,False,102.82500269623527,2.9027524874095993
Batch_2,img_avn74qx1,71,13231.0,1236.4722999017458,3346.4309575995767,232.8488432402022,83.44473967371827,-0.6523622365361836,False,129.79303685633886,2.7904556254915156
Batch_2,img_avn74qx1,72,116.0,1237.5172413793102,2268.612068965517,17.446186910004844,9.320575662058792,0.7950945635945589,False,12.153015559492998,1.8717928529911438
Batch_2,img_avn74qx1,73,7464.0,1328.1195069667738,6075.456725616292,133.49407868410785,74.71514053823499,-0.8644883952535136,False,97.48569106234645,1.78670718842847
Batch_2,img_avn74qx1,74,3553.0,1333.8708133971293,2271.9783281733744,98.49521339599612,49.793699260409696,1.0578487013763664,False,67.25934955412544,1.978065796656091
Batch_2,img_avn74qx1,75,208.0,1316.7163461538462,1109.5288461538462,19.843722640312947,14.51004447647362,-1.3266147855630648,False,16.273715780512877,1.367585238796978
Batch_2,img_avn74qx1,76,2794.0,1348.9903364352183,1053.3697208303508,104.90022292485013,34.95438516949339,-1.114390713237843,False,59.64420582076724,3.0010604511047814
Batch_2,img_avn74qx1,77,19829.0,1410.772202329921,5876.8526400726205,181.51828962306848,147.39102098075674,-0.9440487337517208,False,158.89325640993562,1.2315423857927368
Batch_2,img_avn74qx1,78,44397.0,1453.4344662927676,5511.889924994932,325.1012357042567,186.83029262375993,-1.4590119269728068,False,237.75621141750855,1.7400884574909257
Batch_2,img_avn74qx1,79,4773.0,1401.046511627907,5282.918290383407,158.70181888283028,41.40622400735964,0.9915952366811185,False,77.95622070765701,3.832801050745952
Batch_2,img_avn74qx1,80,7828.0,1412.2724833929483,3641.9343382728666,155.58238706016675,65.57788649383191,-1.0365978079798455,False,99.83445876142592,2.3724824842410928
Batch_2,img_avn74qx1,81,118.0,1392.915254237288,6352.85593220339,14.826953656514151,10.326165867144795,-0.013704516701022951,False,12.257335203001883,1.4358624340608073
Batch_2,img_avn74qx1,82,943.0,1406.9098621420997,810.6489925768823,47.469355109878144,26.17955708211719,0.999217281428636,False,34.65061169280073,1.8132222390539852
Batch_2,img_avn74qx1,83,94.0,1397.4468085106382,593.3829787234042,12.561672582514793,9.590753990261643,-0.5270331960931939,False,10.940041919714261,1.3097690333074743
Batch_2,img_avn74qx1,84,1091.0,1536.3675527039413,3593.5737855178736,44.05593103600059,33.71212450213008,0.9398847813095116,False,37.2706901372387,1.306827489712698
Batch_2,img_avn74qx1,85,675.0,1535.5288888888888,5836.678518518518,54.025133971672,18.006176307421562,1.4030251640121076,False,29.316150714175198,3.0003668213225585
Batch_2,img_avn74qx1,86,755.0,1549.825165562914,3673.61059602649,37.369285054911494,31.803641694796077,1.077333741413701,False,31.004771508189638,1.175000190655088
Batch_2,img_avn74qx1,87,71.0,1541.338028169014,1012.8028169014085,10.881478078166923,8.800737838989832,1.1973374960153143,False,9.507891862878783,1.236427931071734
Batch_2,img_avn74qx1,88,4433.0,1563.463568689375,229.41755019174374,129.3450019377927,45.87746285744614,1.3713323826330532,False,75.1283628319623,2.8193582182106076
Batch_2,img_avn74qx1,89,457.0,1604.0853391684902,3871.3501094091903,37.50926733552938,19.86896577802149,0.9489765351217928,False,24.121991458915023,1.8878318959621498
Batch_2,img_avn74qx1,90,133.0,1606.4135338345864,3653.6315789473683,17.931034338602107,9.87471256807068,-0.11471230506910458,False,13.013103375051497,1.815853799793736
Batch_2,img_avn74qx1,91,60831.0,1767.3370485443277,4869.277933948151,357.03884961975064,224.90838350032422,1.486510795523241,False,278.30277531096357,1.587485731136545
Batch_2,img_avn74qx1,92,88.0,1693.159090909091,5615.215909090909,14.224609150320376,7.952165793141736,0.5875638633475938,False,10.585134856802455,1.7887717032494774
Batch_2,img_avn74qx1,93,1456.0,1731.8976648351647,237.11813186813185,91.1172256469514,21.389041999248764,0.6900649949564921,False,43.056204862184465,4.259995639362981
Batch_2,img_avn74qx1,94,1560.0,1759.3666666666666,5857.912820512821,55.13065669380132,38.62269198496795,-1.25025755769475,False,44.56740613707347,1.4274162120873997
Batch_2,img_avn74qx1,95,6049.0,1809.7206149776823,5907.439246156389,140.9491802116129,64.02463373732664,-1.2808607073153973,False,87.76004789255188,2.201483585050779
Batch_2,img_avn74qx1,96,9172.0,1813.8349324029655,6787.417139119058,144.6729785014445,86.9243665179874,-1.5569412884011884,False,108.06550376651614,1.6643547062434685
Batch_2,img_avn74qx1,97,1744.0,1793.1530963302753,2331.793577981651,65.86679450062971,35.830185369565456,1.523901102361402,False,47.12249745098538,1.8383045976808614
Batch_2,img_avn74qx1,98,53063.0,1922.3008499330983,1440.6231649171739,312.74615684242787,220.4044773772272,-1.0864437479738107,True,259.92673960614735,1.4189646261457556
Batch_2,img_avn74qx1,99,6888.0,1874.446718931475,6962.436846689896,141.25921374455598,68.8244537663556,0.344423507323363,True,93.6486731573694,2.052456736149349
Batch_2,img_avn74qx1,100,599.0,1826.263772954925,254.64607679465777,44.39107365839816,18.328243872696984,-1.088794164294915,False,27.616489409343153,2.422003655490757
Batch_2,img_avn74qx1,101,176.0,1824.2102272727273,6900.9375,20.220559652334252,11.622676626943173,-0.4108367513114477,False,14.96964127403822,1.7397506875016937
Batch_2,img_avn74qx1,102,285.0,1831.9929824561405,2135.8,25.573280082717396,17.73147355318696,-1.0985526214333539,False,19.04923279949934,1.4422535163819474
Batch_2,img_avn74qx1,103,331.0,1878.3021148036253,3981.0060422960723,28.777427616977562,15.164951078126117,-0.22019686347501563,False,20.529059630371258,1.897627461422282
Batch_2,img_avn74qx1,104,2725.0,1904.79376146789,6383.927339449541,71.80283283200066,49.05917706194564,0.5359536349993527,False,58.90312181373173,1.4635963571369583
Batch_2,img_avn74qx1,105,12876.0,1935.0192606399503,2487.8463031997517,172.71013623070584,108.6608843600895,1.12030329897177,False,128.03996398785011,1.5894416583097613
Batch_2,img_avn74qx1,106,99.0,1891.2727272727273,1648.0,13.456042559596499,10.322447229110955,0.039081607880336676,False,11.227230955528665,1.3035709711984096
Batch_2,img_avn74qx1,107,4856.0,1962.1863673805601,3969.832990115321,108.41696477535234,63.13309555103344,-0.49019175689858063,False,78.63110853367101,1.7172762372742174
Batch_2,img_avn74qx1,108,218.0,1925.7568807339449,3.0779816513761467,33.51231736793409,9.138632408962701,-0.045875282980957735,True,16.66031874701878,3.6671042086195444
Batch_2,img_avn74qx1,109,111.0,1970.1081081081081,5236.603603603604,15.064489980482756,9.760172286952688,0.7864139410927031,False,11.888212206450685,1.5434655800718633
Batch_2,img_avn74qx1,110,330.0,1976.990909090909,2575.2484848484846,29.491027847563295,15.070914468067171,-0.8847673661445794,False,20.49802550887777,1.95681741211192
Batch_2,img_avn74qx1,111,4629.0,2022.1451717433572,2593.2047958522357,124.94399309133861,52.960452367609896,-1.4597694027945651,True,76.77125668229658,2.359194219567376
Batch_2,img_avn74qx1,112,1661.0,2024.7489464178207,6404.58880192655,57.05183162280802,42.49100489533754,0.7903821485437721,True,45.98750791035654,1.3426802158088809
Batch_2,img_b3esycq1,1,12552.0,55.78720522625876,2298.051545570427,149.48007740564879,114.97943392518098,-0.6473351842353122,True,126.41875954744914,1.3000592567094906
Batch_2,img_b3esycq1,2,11080.0,26.49485559566787,2670.2455776173283,232.43701168487766,81.97200933190396,1.5492602380719285,True,118.77497276642754,2.835565622696184
Batch_2,img_b3esycq1,3,2159.0,24.516905974988422,3491.025474756832,57.09130083487039,50.80554981463459,1.0480957486998874,True,52.43018383606161,1.1237217399116737
Batch_2,img_b3esycq1,4,26475.0,57.05559962228517,4221.7427006610005,257.53996986814496,137.11994098183652,-1.45227019231741,True,183.60015508398524,1.8782094568014713
Batch_2,img_b3esycq1,5,145.0,42.689655172413794,6721.9034482758625,15.682125429110853,12.362125342225065,-0.1821844273181351,False,13.58748446131949,1.2685622411176927
Batch_2,img_b3esycq1,6,2274.0,97.0386983289358,3943.0496921723834,124.48560531901016,24.724385222011453,-1.432086590917144,False,53.80842614988623,5.034932282489434
Batch_2,img_b3esycq1,7,15558.0,199.46580537344133,3214.360586193598,259.3446959077557,78.95479671543069,0.6314215605981639,False,140.74466539442858,3.2847237494953885
Batch_2,img_b3esycq1,8,8912.0,193.995960502693,3094.784447935368,133.06540081854868,97.89548048671192,0.6817127844065278,False,106.52281831926796,1.3592598979746633
Batch_2,img_b3esycq1,9,621.0,145.97101449275362,6482.869565217391,40.17784137835043,20.038280928956713,-0.7365724914351555,False,28.11906394744562,2.0050543018533413
Batch_2,img_b3esycq1,10,181.0,145.67403314917127,5021.022099447514,22.140486859063838,11.061970907701323,0.3403282312205655,False,15.180789096653193,2.0014956687012866
Batch_2,img_b3esycq1,11,25089.0,241.84367651161864,2538.7163298656783,230.38707197868126,151.43912123447873,0.9418988169389102,False,178.7297035689941,1.521318072243463
Batch_2,img_b3esycq1,12,243.0,174.21399176954733,6471.111111111111,30.70680537720316,10.67425270457858,-0.9600625066565993,False,17.58969042850512,2.8767171086395473
Batch_2,img_b3esycq1,13,33237.0,300.8563648945452,6236.243162740319,254.0842527084732,179.04638434506742,1.143668224424377,False,205.71500370260455,1.4190973676340144
Batch_2,img_b3esycq1,14,1104.0,254.59057971014494,5023.730072463768,46.77394110523794,38.008426894298275,0.6592206449446718,False,37.492085263260826,1.2306202841626839
Batch_2,img_b3esycq1,15,867.0,281.7497116493656,4592.404844290658,60.830419879741626,19.25745644978953,-1.1439923544741537,False,33.224970809398556,3.1587982576175815
Batch_2,img_b3esycq1,16,30006.0,344.7239552089582,2186.6993934546426,315.59038511353737,126.77810505517068,-1.492547507756426,False,195.46054788453677,2.4893130006652195
Batch_2,img_b3esycq1,17,15537.0,344.1950183433095,3195.9461285962543,198.3606087126312,106.04790150565557,1.282887910903147,False,140.6496455969592,1.8704812249590113
Batch_2,img_b3esycq1,18,4245.0,337.8944640753828,6973.119434628975,104.34151183489554,54.8773861425778,0.024758368280644,True,73.51803770096673,1.901357174042587
Batch_2,img_b3esycq1,19,10407.0,363.03805131161715,5842.356490823484,136.39028649398372,128.73761823224146,-0.5078551217013297,False,115.11126765898653,1.059443916757392
Batch_2,img_b3esycq1,20,340.0,304.9529411764706,4450.458823529411,28.85268472692275,15.869357078451573,1.2866445564195192,False,20.806283791440396,1.8181382260344225
Batch_2,img_b3esycq1,21,9582.0,354.16134418701733,5976.791797119599,127.8779240061009,112.00725285244945,-1.3934698261710698,False,110.4544309552692,1.1416932452986626
Batch_2,img_b3esycq1,22,1438.0,332.6404728789986,422.095966620306,61.24218122208527,31.16545254024855,0.9125856651422081,False,42.78923305376207,1.965066322813513
Batch_2,img_b3esycq1,23,13636.0,400.15891757113525,3073.481372836609,180.36060956931064,102.53778043734583,0.893551227946356,False,131.76454163396417,1.7589673659799694
Batch_2,img_b3esycq1,24,24486.0,420.9380053908356,281.91897410765336,251.57801069893296,125.32432419985118,-1.2410056440172461,False,176.5688066799603,2.007415657775649
Batch_2,img_b3esycq1,25,1261.0,367.8651863600317,4536.270420301348,63.56502508132119,26.31667907056779,-1.1069018628029044,False,40.06937815727916,2.4153893016239816
Batch_2,img_b3esycq1,26,748.0,395.7927807486631,166.8114973262032,59.142174351596175,17.031774234838874,-0.6290683919786514,False,30.860706075232656,3.4724611503256977
Batch_2,img_b3esycq1,27,23304.0,535.8859852385857,4057.7963868863712,266.3090480435037,114.22281589364803,-0.5300649095338565,False,172.2543884796792,2.3314873299171857
Batch_2,img_b3esycq1,28,41371.0,562.8300742065699,6747.405936525585,297.6601677508462,182.58034849113415,0.40706245774585387,False,229.51076925765034,1.630296854019315
Batch_2,img_b3esycq1,29,483.0,457.4782608695652,4179.192546583851,49.240509660029694,14.878014347495576,0.41289151371620486,False,24.798683434954437,3.309615685934486
Batch_2,img_b3esycq1,30,1812.0,484.4988962472406,3261.360375275938,71.71135570953405,33.26665936856309,0.09979985325785555,False,48.03238548167387,2.1556524481475616
Batch_2,img_b3esycq1,31,2726.0,480.06713132795306,650.1449009537785,66.71146337441252,55.51156254755204,-1.3056259307405695,False,58.913928734621436,1.2017579818126445
Batch_2,img_b3esycq1,32,12614.0,524.560012684319,5745.167829395909,169.2596457157117,103.1902976558865,-1.0942370654230087,False,126.73059463795371,1.64026705572795
Batch_2,img_b3esycq1,33,77.0,462.8051948051948,5852.285714285715,11.069963806404749,9.117401463002244,-0.22769040203000784,False,9.901487006738307,1.2141577675750994
Batch_2,img_b3esycq1,34,161.0,467.37888198757764,2090.285714285714,18.06770411443179,11.530885993552989,0.12221155166489897,False,14.317526556719258,1.566896431421973
Batch_2,img_b3esycq1,35,5929.0,509.8952605835723,4232.642941474111,165.59571781143626,48.551555665476386,-1.0013143413099883,False,86.88519586635447,3.4107190911121847
Batch_2,img_b3esycq1,36,49562.0,642.6008837415762,111.9271821153303,274.2445532865418,241.25486990140573,-0.7332155986960366,True,251.205689259149,1.1367420413051892
Batch_2,img_b3esycq1,37,65.0,497.61538461538464,687.1076923076923,9.408066901084496,8.820282853217002,-0.8879084300887695,False,9.09728368293446,1.0666400451832576
Batch_2,img_b3esycq1,38,162.0,502.5679012345679,3194.8395061728397,19.172418768712056,11.330353104037963,1.5212653133168808,False,14.361922094451577,1.6921289736221286
Batch_2,img_b3esycq1,39,2722.0,550.7049963262307,350.18772961058045,74.76615702225082,61.28423006219775,1.4435163910439393,False,58.870689148073616,1.2199901499353125
Batch_2,img_b3esycq1,40,861.0,547.2717770034843,1206.117305458769,51.60387046961956,23.242818056437336,-1.3561334837458083,False,33.109805919349256,2.22020713427765
Batch_2,img_b3esycq1,41,2554.0,566.6785434612373,4660.739624119029,93.95063052624776,37.912118499203544,1.5321644241254455,False,57.02502781457985,2.4781160812266787
Batch_2,img_b3esycq1,42,2381.0,590.7282654346913,5591.511969760605,79.03823486739192,45.75897441660813,0.3849658670729318,False,55.059816164008595,1.727272865597817
Batch_2,img_b3esycq1,43,12788.0,669.05716296528,2444.247106662496,193.5739580249423,88.1753005176358,0.016245542588570232,False,127.60167435450548,2.1953308566975154
Batch_2,img_b3esycq1,44,164.0,592.9878048780488,4769.926829268293,24.393496194613675,9.0844833181137,1.252636129057422,False,14.450303987687134,2.6851825624441497
Batch_2,img_b3esycq1,45,1002.0,619.6417165668663,2310.7714570858284,45.336304443249766,33.21275662670738,-0.5736342579665701,False,35.71814698195629,1.3650268465458681
Batch_2,img_b3esycq1,46,386.0,642.4326424870467,1773.738341968912,26.985700666027856,19.41189183947067,1.441043682376689,False,22.16913314200113,1.3901633539476652
Batch_2,img_b3esycq1,47,35646.0,793.9183639117994,3289.5064523368683,315.0362558183823,151.55658026518623,0.3951043213274189,False,213.03966018474028,2.078670917931425
Batch_2,img_b3esycq1,48,142.0,653.9295774647887,3245.830985915493,14.920024918095132,12.3041320784275,0.16150245260543977,False,13.446189622059965,1.2126027925410525
Batch_2,img_b3esycq1,49,65.0,653.276923076923,2382.0461538461536,9.848614596879841,8.417328420648694,0.8793801740651738,False,9.09728368293446,1.1700404338174608
Batch_2,img_b3esycq1,50,23714.0,792.8190098675888,2336.74571982795,265.9772412898536,121.72212221907374,-0.23502646258348053,False,173.7630644407771,2.185118337085444
Batch_2,img_b3esycq1,51,7668.0,691.3699791340637,4803.68544600939,170.652863277595,77.14742895913444,1.386328051436594,False,98.80891067626051,2.2120356514795985
Batch_2,img_b3esycq1,52,206.0,681.5436893203884,5479.252427184466,35.47011097484286,7.919854052374732,-0.32778985187683096,False,16.195287778099022,4.478631896531895
Batch_2,img_b3esycq1,53,653.0,708.542113323124,2283.2771822358345,62.63377604204901,14.284697948233111,-0.6504221008908858,False,28.834448541840736,4.384676264701575
Batch_2,img_b3esycq1,54,14848.0,785.2106007543103,4602.3073141163795,177.21268528543524,114.44828079471179,-1.3435140669455072,False,137.49567542372995,1.548408451877973
Batch_2,img_b3esycq1,55,256.0,742.80859375,5512.3984375,26.54064967457499,13.96084503704405,0.761943718050667,False,18.0540666735282,1.9010775926637231
Batch_2,img_b3esycq1,56,18687.0,859.9937389629154,1706.101567934928,214.9542320198787,112.89794916636652,0.049094983453447025,False,154.2498861343696,1.9039693245722467
Batch_2,img_b3esycq1,57,196.0,831.5663265306123,3966.923469387755,26.282302045567913,10.262621441539302,1.5419870301051335,False,15.797308339337176,2.5609735480631546
Batch_2,img_b3esycq1,58,872.0,863.9977064220184,2247.537844036697,55.26938611978135,21.23236311483895,-0.22583367348496727,False,33.32063749403756,2.603072763066796
Batch_2,img_b3esycq1,59,1933.0,868.3414381789963,5857.27470253492,76.35896869067152,34.118602000365485,1.5144613037908912,False,49.6102009668684,2.238045060868952
Batch_2,img_b3esycq1,60,127.0,870.0314960629921,5096.771653543307,18.14515405187174,9.207028862007258,-0.2307695011964642,False,12.716187407449045,1.9707936538298032
Batch_2,img_b3esycq1,61,2578.0,917.878588052754,5054.7754072924745,91.82716263459687,37.356667271717996,-0.29226346659228547,False,57.292334097392555,2.45811977729923
Batch_2,img_b3esycq1,62,198.0,899.6060606060606,2668.813131313131,17.22718635090863,15.060165424777386,-0.19747924136934805,False,15.877702285203682,1.1438909112223963
Batch_2,img_b3esycq1,63,16500.0,965.2511515151515,5910.756545454546,216.1583803756801,110.24131742898204,-1.5417989162206498,False,144.94292838262302,1.9607746479892199
Batch_2,img_b3esycq1,64,828.0,941.1304347826087,4081.00845410628,63.979582977429594,17.14393437896973,-0.7593441831050216,False,32.46909827883606,3.731907831840084
Batch_2,img_b3esycq1,65,5441.0,970.7890093732769,2295.131225877596,105.5475012183324,69.12936799055761,-1.3908579417164957,False,83.23278418330135,1.526811314588456
Batch_2,img_b3esycq1,66,198.0,945.2424242424242,3274.0050505050503,23.839856054690237,11.27853675978573,0.6300089953390678,False,15.877702285203682,2.1137366098493033
Batch_2,img_b3esycq1,67,16784.0,1013.1650381315538,2629.2176477597714,169.31453473221032,129.0370138280903,0.9822592937310114,False,146.18499416436345,1.3121392824370517
Batch_2,img_b3esycq1,68,98.0,957.3877551020408,3359.5714285714284,16.522942710219766,8.112409610231412,1.501003099088803,False,11.170383851240114,2.0367490676729325
Batch_2,img_b3esycq1,69,777.0,980.7657657657658,4592.060489060489,45.82781190293752,27.342954619134797,-0.6853984604630415,False,31.453253031430968,1.6760373025257074
Batch_2,img_b3esycq1,70,406.0,987.7216748768473,464.1502463054187,30.456180791061005,18.531367013893327,-1.0634251857249022,False,22.736210219877808,1.6434934761276603
Batch_2,img_b3esycq1,71,7951.0,1085.9613885045906,1060.0315683561817,172.5211565668177,65.68040388652021,0.9906253053336345,False,100.61574240738513,2.6266762437224407
Batch_2,img_b3esycq1,72,298.0,1036.9832214765102,506.6577181208054,31.841225251900866,13.288322228555018,-1.3591575056620089,False,19.47884453275087,2.3961810004484896
Batch_2,img_b3esycq1,73,6500.0,1096.5087692307693,4109.802461538461,103.36437700252654,83.6061222979282,-0.7871898639260028,False,90.9728368293446,1.2363254527484282
Batch_2,img_b3esycq1,74,432.0,1058.0555555555557,491.75,41.37799448246014,16.79277746766847,-1.4033378666864906,False,23.452920571340155,2.464035181918308
Batch_2,img_b3esycq1,75,215.0,1077.4790697674418,4726.1906976744185,29.489119986145496,10.605753785919147,-0.6058981085227912,False,16.545286401814263,2.780483177470806
Batch_2,img_b3esycq1,76,2101.0,1106.4521656354118,4673.225130890052,86.69286560250535,33.574743824226275,-0.9300422774469042,False,51.72113961900469,2.582085690850485
Batch_2,img_b3esycq1,77,167.0,1137.6407185628743,1001.5149700598803,19.330637762217986,11.296495963748692,1.4091749069440314,False,14.581872443920643,1.7112065391119036
Batch_2,img_b3esycq1,78,258.0,1164.4767441860465,5416.201550387597,25.12620637089786,13.873725361998195,-0.09048107950444077,False,18.12445316531431,1.811064131319881
Batch_2,img_b3esycq1,79,587.0,1178.449744463373,5720.3339011925045,35.53667618919087,25.030035521616494,-1.1743867640146217,False,27.33846397952051,1.419761316698916
Batch_2,img_b3esycq1,80,99.0,1228.3838383838383,5313.474747474747,12.652594584611018,10.102949533858704,-0.6139070131136471,False,11.227230955528665,1.252366404702658
Batch_2,img_b3esycq1,81,126.0,1272.357142857143,2047.9285714285713,17.189883953806714,9.94132210118509,0.9550393539384461,False,12.666024736934256,1.7291345938542253
Batch_2,img_b3esycq1,82,3850.0,1314.0145454545454,3647.795844155844,107.33199449354561,52.66574551947717,-1.266440561033532,False,70.01408606295148,2.0379849071699065
Batch_2,img_b3esycq1,83,595.0,1321.057142857143,4065.8268907563024,32.635251257197666,25.252644544196663,0.290611658116773,False,27.524126309792685,1.2923498447887356
Batch_2,img_b3esycq1,84,1058.0,1328.5661625708885,3747.692816635161,47.7987446296414,30.049719306143334,1.105665874842913,False,36.70268979693181,1.5906552784294883
Batch_2,img_b3esycq1,85,1407.0,1351.1911869225303,3707.6204690831555,68.23431692744963,26.66952928986732,1.3953134521026591,False,42.32550105364819,2.558512232661497
Batch_2,img_b3esycq1,86,426.0,1347.086854460094,3648.974178403756,52.71740330475639,13.061515092059766,-1.5108264129079392,False,23.28948359361322,4.036086390682491
Batch_2,img_b3esycq1,87,32620.0,1477.8912323727775,1869.5332004904967,271.75628390234215,158.74268817575788,-0.9629758835726563,False,203.796648523132,1.7119294565646832
Batch_2,img_b3esycq1,88,7747.0,1471.5351749064155,5076.931715502776,190.2691794846723,59.83697208612123,-0.9343413620861302,False,99.3165985777972,3.179792908150911
Batch_2,img_b3esycq1,89,16697.0,1448.256333473079,5826.717254596634,229.03530966901099,98.05570051917468,-1.5152889995848922,False,145.80562636072386,2.335767410322293
Batch_2,img_b3esycq1,90,24484.0,1528.8980558732233,3976.7395441921253,281.1277532502137,115.35667831810495,-1.4986431005016199,False,176.56159552206057,2.437030585043219
Batch_2,img_b3esycq1,91,730.0,1490.13698630137,4124.306849315069,41.34026785146989,24.234304887560707,1.1051243526576577,False,30.487126261041215,1.7058573804066297
Batch_2,img_b3esycq1,92,9914.0,1548.6791406092395,480.933326608836,130.50419337545728,111.19282066414023,1.383311022722977,False,112.35166597120136,1.1736746365095583
Batch_2,img_b3esycq1,93,5028.0,1521.7786396181384,2049.532020684169,121.05536014402261,63.554565698933814,-0.9642496394526304,False,80.01155185926841,1.9047468708617645
Batch_2,img_b3esycq1,94,5711.0,1530.0642619506216,2183.7315706531253,148.3858127058866,55.38796346727775,-1.1680043695742923,False,85.27292090683018,2.6790263338270304
Batch_2,img_b3esycq1,95,5771.0,1540.3065326633166,5548.445849939352,101.38756230462901,75.63143958061414,-0.6678935509755041,False,85.71969092726958,1.3405478312568928
Batch_2,img_b3esycq1,96,680.0,1513.570588235294,4159.542647058824,37.15716273094001,24.405181926084182,1.2920995297688822,False,29.42452872043851,1.5225111963302576
Batch_2,img_b3esycq1,97,16059.0,1601.7891525001558,3583.4244971666976,232.67610446313273,108.61528765353205,0.037073176337550535,False,142.99284544655364,2.1422040072787705
Batch_2,img_b3esycq1,98,8755.0,1595.4838378069674,5373.834037692747,127.94055414652608,90.73695671994413,0.8403977202894608,False,105.5803590359322,1.4100159270429282
Batch_2,img_b3esycq1,99,2614.0,1576.495791889824,4587.414690130069,78.16958637708443,52.348170388736584,0.8770172003323422,False,57.690971303469276,1.4932630079828668
Batch_2,img_b3esycq1,100,340.0,1578.5382352941176,371.2352941176471,35.48755153526564,13.059403175160076,0.08034313997988435,False,20.806283791440396,2.717394589881834
Batch_2,img_b3esycq1,101,12249.0,1661.7759000734754,2113.964895093477,166.34083042281824,97.73163939436633,0.029709513517115014,False,124.88359052918445,1.7020161684958581
Batch_2,img_b3esycq1,102,8443.0,1619.2319080895415,3184.10422835485,155.47805129909176,71.8724744285278,-1.3829657003106106,False,103.68202098820692,2.1632489007137763
Batch_2,img_b3esycq1,103,362.0,1611.5828729281768,497.95580110497235,38.63259316852751,16.465612903021125,1.1070877776036108,False,21.468877828012552,2.346259042773875
Batch_2,img_b3esycq1,104,1444.0,1629.2181440443214,6678.063019390582,58.216216797081415,35.59525584687794,-1.0062325238610275,False,42.87840834962948,1.6355049405323367
Batch_2,img_b3esycq1,105,649.0,1633.4314329738058,623.6070878274268,36.94470001723723,28.59883925813331,0.8758844916104314,False,28.745999104799274,1.2918251570902626
Batch_2,img_b3esycq1,106,413.0,1648.1234866828088,4515.946731234867,38.43558202499525,13.86043164188549,0.12282512725396864,False,22.93137440223813,2.773043655353774
Batch_2,img_b3esycq1,107,292.0,1644.7602739726028,6702.123287671233,30.997107837938177,12.95683698641094,-0.81888081453101,False,19.281751659604673,2.3923360207778934
Batch_2,img_b3esycq1,108,409.0,1649.0097799511002,6727.498777506113,27.922814777665693,21.043253743251775,-1.2807342544085718,False,22.820056393372074,1.326924776859666
Batch_2,img_b3esycq1,109,160.0,1646.5625,2515.79375,23.544519789905056,9.220220326151068,-0.8510863101077822,False,14.27299292922217,2.553574530440054
Batch_2,img_b3esycq1,110,135.0,1648.237037037037,6178.0,20.022946196456356,8.948683534424124,1.0575061259508478,False,13.110581167104948,2.237529813120707
Batch_2,img_b3esycq1,111,119.0,1651.1680672268908,3630.840336134454,14.476917036220572,10.66429154092398,-0.610237224860375,False,12.309163489997376,1.3575132469574493
Batch_2,img_b3esycq1,112,45271.0,1748.859313909567,440.0740650747719,307.8462059351014,191.25037234618785,1.555779641203401,False,240.08504207823017,1.609650230525356
Batch_2,img_b3esycq1,113,46295.0,1776.3802138459878,4016.497181121071,309.0066606383146,195.6308777337434,-1.169841834269218,False,242.78514106821768,1.5795393049295487
Batch_2,img_b3esycq1,114,645.0,1667.617054263566,5538.908527131783,35.15293819225124,24.97685756990443,-1.509115865616846,False,28.65727667372076,1.4074203727937482
Batch_2,img_b3esycq1,115,594.0,1670.8989898989898,641.6195286195286,34.2141792738185,23.7637384734368,-0.9886016069708541,False,27.500987065425246,1.4397641731356052
Batch_2,img_b3esycq1,116,263.0,1687.148288973384,6545.376425855513,22.02213899554977,15.543253492706693,-1.3308002369428718,False,18.29923496393627,1.4168294305875628
Batch_2,img_b3esycq1,117,145.0,1694.8,2690.289655172414,26.146252334189935,8.583346992581626,-1.481938070562962,False,13.58748446131949,3.046160472923615
Batch_2,img_b3esycq1,118,122.0,1700.844262295082,6480.6557377049185,18.52720855301574,8.946059554691763,1.1753813165451674,False,12.463355264843006,2.070990969795092
Batch_2,img_b3esycq1,119,73.0,1705.6986301369864,3037.972602739726,9.983628600060632,9.393180106997596,-0.6152278083828119,False,9.640875829802336,1.062859275169564
Batch_2,img_b3esycq1,120,285.0,1741.3824561403508,993.6947368421053,22.095449495650616,17.12457318993875,-1.075744926588109,False,19.04923279949934,1.2902773838843713
Batch_2,img_b3esycq1,121,1777.0,1765.1913337084975,804.0123804164322,63.516978847820305,38.895891916974406,-1.5207954647034854,False,47.56623456817225,1.6329996747060351
Batch_2,img_b3esycq1,122,8829.0,1818.0101936799185,5676.579001019368,141.58392347407175,92.2538788843731,1.0935767356373616,False,106.02561926471711,1.5347205471059568
Batch_2,img_b3esycq1,123,216.0,1784.3796296296296,193.41666666666666,20.113197141790504,14.887406883868936,1.283099816487453,False,16.583719174624104,1.3510208526364593
Batch_2,img_b3esycq1,124,124.0,1790.5806451612902,236.66935483870967,13.919525323797945,11.606727254903555,0.6035620242439189,False,12.565098628628435,1.199263583790796
Batch_2,img_b3esycq1,125,214.0,1805.3644859813085,5585.0046728971965,29.806187677279492,12.161214282473242,-0.8879611031999588,False,16.50676414605009,2.450922003753869
Batch_2,img_b3esycq1,126,104.0,1809.5096153846155,601.6442307692307,19.408758343299073,8.478729678900509,0.09693603410475651,False,11.507254783503184,2.289111586090327
Batch_2,img_b3esycq1,127,61718.0,1906.0951100165269,2930.6745681972843,489.8333643614547,174.61334798822986,-1.4252751534649786,False,280.32445170188913,2.805245818861871
Batch_2,img_b3esycq1,128,8080.0,1856.1727722772278,5368.118069306931,274.06028139793824,47.39741528283138,1.3023072065180639,False,101.4286720876307,5.782177778314638
Batch_2,img_b3esycq1,129,1689.0,1843.0988750740082,5828.063943161634,71.81493877909075,39.64138621772922,-0.7897076610139377,False,46.37350095752627,1.811615224166208
Batch_2,img_b3esycq1,130,1626.0,1850.2644526445265,2381.589790897909,60.426918379001094,35.78188457236051,1.0174738509146453,False,45.500412083182,1.6887572888119338
Batch_2,img_b3esycq1,131,879.0,1850.0967007963595,583.0784982935154,45.4211045755357,26.712163326951323,0.4681083776568806,False,33.454111254406506,1.7003903435147063
Batch_2,img_b3esycq1,132,486.0,1848.5761316872429,1464.358024691358,33.90574043378327,19.8772447499053,1.5432599592650238,False,24.875578761936154,1.7057565502857133
Batch_2,img_b3esycq1,133,1059.0,1877.3673276676109,523.7148253068933,47.14222106418786,29.798090295830846,-0.9078283701090556,False,36.72003101679705,1.5820551114573838
Batch_2,img_b3esycq1,134,1243.0,1900.1255028157684,5529.868865647627,72.56265098001609,26.171801014380417,-0.15053222980277828,False,39.7823673768393,2.7725509199823755
Batch_2,img_b3esycq1,135,134.0,1879.6940298507463,6972.835820895522,14.344265361995717,12.380150036891482,1.3027540900631394,False,13.061933202803933,1.158650365242052
Batch_2,img_b3esycq1,136,1719.0,1906.9877835951133,1510.0983129726585,90.70786851902989,33.965557847073306,-0.61200228948312,False,46.783531048861036,2.670583799254334
Batch_2,img_b3esycq1,137,1001.0,1906.6623376623377,4063.5794205794205,95.163736550936,15.267577054055126,-1.1332129832854823,False,35.700319106135424,6.233060833032452
Batch_2,img_b3esycq1,138,5464.0,2009.1531844802344,5798.911420204978,191.05484469239136,43.50785358838756,0.09841872800608169,False,83.40851798487328,4.391272584942796
Batch_2,img_b3esycq1,139,12697.0,2038.0158305111443,4636.669134441207,189.45891523591118,90.86299402667272,0.1049451225032168,False,127.14685406844465,2.0851053530141845
Batch_2,img_b3esycq1,140,44785.0,2082.0018756280006,5340.5926537903315,388.9288445892298,176.4906979489635,1.4506805205178308,True,238.79286633181542,2.203678999001397
Batch_2,img_b3esycq1,141,17918.0,2082.2328942962386,2655.7513115303045,166.34541073614395,160.83769621770205,0.8346133323877332,True,151.04272959187625,1.034243928183272
Batch_2,img_b3esycq1,142,32303.0,2093.082778689286,3650.646070024456,355.254992100504,129.0304583729144,1.4796863667090878,True,202.80398668068622,2.753264590239399
Batch_2,img_b3esycq1,143,310.0,2026.0935483870967,5470.5741935483875,24.649604317599465,16.97021703134291,0.4170421226521813,False,19.867165345562018,1.4525214540316849
Batch_2,img_b3esycq1,144,5757.0,2056.432690637485,293.9289560535001,151.8919447649599,59.10666828672743,1.4143603249700352,False,85.6156531192768,2.569793716474249
Batch_2,img_b3esycq1,145,107.0,2031.747663551402,3039.8598130841124,15.782242748264606,9.355828247336412,1.4803186717643428,False,11.67204486311899,1.6868888922536371
Batch_2,img_b3esycq1,146,254.0,2035.3228346456692,3253.527559055118,31.859514463860773,11.001086956851044,-1.1059336870636263,False,17.983404693292407,2.8960333273267986
Batch_2,img_b3esycq1,147,10901.0,2101.577561691588,473.0510962297037,199.81133095445395,74.13851116468574,1.0200455321123707,True,117.81164745965489,2.6951084910594982
Batch_2,img_b3esycq1,148,199.0,2049.5879396984924,3146.5628140703516,31.058072505171303,8.70240664188747,-1.069374667108642,False,15.91774699517169,3.5689061409379397
Batch_2,img_b3esycq1,149,86.0,2049.453488372093,2632.3953488372094,12.710093275853108,8.877039218992628,-0.46937864634514115,False,10.464157913908982,1.4317942010056206
Batch_2,img_b3esycq1,150,289.0,2063.546712802768,3175.6020761245672,31.290572265590292,14.67123628588447,0.05985616704793157,False,19.182445840623714,2.1327836084063114
Batch_2,img_b3esycq1,151,7275.0,2098.372233676976,1839.345704467354,130.8084651787519,73.81292762462253,-1.499178551750851,False,96.24353322664494,1.7721619963914936
Batch_2,img_b3esycq1,152,188.0,2084.909574468085,3186.9893617021276,20.49566427541924,12.505632786344524,-1.302406024543893,False,15.471555655790098,1.6389146095669305
Batch_2,img_b3esycq1,153,10676.0,2121.4087673285876,2436.97583364556,218.4808752849289,65.70038707578453,-1.4156736515550037,True,116.58947370836098,3.325412299822741
Batch_2,img_b3esycq1,154,317.0,2093.3817034700314,1732.6971608832807,24.01822788411945,17.72186092201154,1.1573699064420548,False,20.090219901261573,1.3552881376180688
Batch_2,img_b3esycq1,155,100.0,2097.45,350.01,12.069891855891028,10.652516631627261,-1.4836645567621323,False,11.283791670955125,1.1330554340610544
Batch_2,img_b3esycq1,156,3136.0,2135.6320153061224,5920.857780612245,125.73794766283402,40.29456243091945,1.4664179406920235,True,63.189233357348705,3.120469365522898
Batch_2,img_b3esycq1,157,108.0,2117.935185185185,3830.972222222222,14.42789247525302,9.709525024352727,-0.7700269201523888,False,11.726460285670077,1.4859524476291093
Batch_2,img_b3esycq1,158,1433.0,2139.9916259595257,3128.7201674808093,141.7572536009038,15.261972262319553,1.3962212002381853,True,42.714778093834084,9.28826570802319
Batch_2,img_b3esycq1,159,186.0,2139.8010752688174,3922.1666666666665,28.146066832702566,10.345163889209056,-0.8856385031815301,False,15.389040103942165,2.7206980125333216
Batch_2,img_b3esycq1,160,173.0,2146.092485549133,5023.369942196532,24.792270272955673,10.849975305763895,-1.4341868471132004,True,14.841510746523857,2.2850070690746302
Batch_2,img_b3esycq1,161,63.0,2148.2698412698414,3451.4285714285716,10.792998676201675,8.144201005094786,1.289256212511806,True,8.95623198216277,1.3252372663014917
Batch_2,img_b3esycq1,162,165.0,2148.090909090909,3895.3151515151517,26.69898168712294,8.414308859511527,-1.513773832680961,True,14.494292838262302,3.1730451226475287
Batch_2,img_epqdaau9,1,1028.0,12.566147859922179,120.14299610894942,47.65200811756801,28.406475635747505,-1.2574233993084973,True,36.17858830838687,1.6775051128694538
Batch_2,img_epqdaau9,2,11047.0,123.731329772789,191.28958088168733,254.54896407902598,59.17432548439402,-0.1814069165123468,True,118.59796478308277,4.301679182573157
Batch_2,img_epqdaau9,3,216.0,5.162037037037037,1349.8333333333333,21.677905540384707,13.617124995313363,1.3213483609652699,True,16.583719174624104,1.5919590624192435
Batch_2,img_epqdaau9,4,3576.0,22.770693512304252,1425.7488814317674,84.53831198771468,64.94923710121515,-1.4534512927801284,True,67.4766968069195,1.3016059273486529
Batch_2,img_epqdaau9,5,19889.0,52.70566644879079,2458.51118708834,237.56907131783626,111.9124341749135,-1.3274389049024482,True,159.13347009739232,2.1228121170747456
Batch_2,img_epqdaau9,6,386.0,6.204663212435233,2722.937823834197,32.520025894450356,15.751825748277748,1.4367202974091924,True,22.16913314200113,2.0645242281204124
Batch_2,img_epqdaau9,7,5395.0,48.524559777571824,5686.456533827618,134.99798985675073,62.42232600879261,-0.8264751222840547,False,82.88019874400763,2.162655551120209
Batch_2,img_epqdaau9,8,120.0,16.225,867.9166666666666,19.97459191435484,9.3360180703845,-0.8644559238746151,False,12.360774464742066,2.139519414354796
Batch_2,img_epqdaau9,9,295.0,57.945762711864404,5750.108474576271,22.715203880412986,17.111036433478684,1.306480298241389,False,19.38054864282415,1.3275177087443657
Batch_2,img_epqdaau9,10,5236.0,93.23395721925134,303.9140565317036,96.49610003300276,72.4864778487747,1.3172375485010426,False,81.64975355892577,1.331228980863414
Batch_2,img_epqdaau9,11,6721.0,117.0348162475822,5797.710162178248,124.02569610477804,76.06734840010617,-0.24069638667902735,False,92.50644831667158,1.6304721896235432
Batch_2,img_epqdaau9,12,115.0,85.15652173913044,5129.565217391304,15.33470883838837,10.182878515466887,-0.5366517026344639,False,12.100518486599809,1.5059306477138374
Batch_2,img_epqdaau9,13,424.0,98.19575471698113,5588.327830188679,33.67166500029119,16.902591996306505,-0.3697087954745756,False,23.23474912642073,1.9921006794489866
Batch_2,img_epqdaau9,14,1850.0,139.04594594594596,243.73513513513512,80.8334554683337,31.936973874767006,-0.13892501791369846,False,48.53342309955121,2.5310305160815245
Batch_2,img_epqdaau9,15,232.0,117.92672413793103,764.7974137931035,23.382171628659314,15.185534138586425,-0.23560442693672212,False,17.186959427966244,1.5397661626695924
Batch_2,img_epqdaau9,16,7839.0,172.15269804822043,1196.9997448654165,119.97774815130316,87.50837940337138,-0.32334049834140477,False,99.90457842951413,1.3710429671913322
Batch_2,img_epqdaau9,17,468.0,131.58760683760684,6496.643162393162,40.47570181385321,16.364496641967666,0.5174318657410197,False,24.410573670769317,2.473385078649533
Batch_2,img_epqdaau9,18,26691.0,211.14570454460306,4094.467985463265,308.9385391076596,123.73636710069832,-1.4629690344221016,False,184.3475974579713,2.496748097155958
Batch_2,img_epqdaau9,19,72.0,149.63888888888889,3510.2638888888887,9.968780075262993,9.278441312728964,1.2711899508883788,False,9.574614729634384,1.074402449642804
Batch_2,img_epqdaau9,20,5110.0,196.5720156555773,2386.1818003913895,120.01484005761284,60.280142996544356,0.8973364370907061,False,80.6613542757415,1.9909514823893644
Batch_2,img_epqdaau9,21,10226.0,242.64922745941718,6451.863485233718,182.04197026109895,83.68961453264285,-0.667165780094076,False,114.10586130634033,2.175203832371508
Batch_2,img_epqdaau9,22,6014.0,252.9235118057865,5815.902560691719,99.9794305283582,82.06234081777666,-1.2689094348660521,False,87.50578622032528,1.2183351039226056
Batch_2,img_epqdaau9,23,476.0,227.0903361344538,93.32563025210084,39.634239347516115,17.46080675181526,1.0613842778016527,False,24.61832697999475,2.269897371345437
Batch_2,img_epqdaau9,24,2987.0,286.8721124874456,150.4007365249414,87.0014785777003,45.13802055082778,0.3191276814253404,False,61.669818551086486,1.9274544500623827
Batch_2,img_epqdaau9,25,6733.0,318.0455963166493,4439.34486855785,111.27527940698074,82.47478852634232,1.2402627385603153,False,92.5889942417664,1.3492035735434422
Batch_2,img_epqdaau9,26,4095.0,326.82710622710624,1342.6888888888889,102.26687927890349,55.160395477936234,0.9099623987692289,False,72.20745069375107,1.853991045437836
Batch_2,img_epqdaau9,27,24671.0,405.9106643427506,6662.246726926351,247.81207768281257,141.92913503837838,0.7676722233301371,False,177.23457001432087,1.7460268296273551
Batch_2,img_epqdaau9,28,691.0,361.94500723589,1299.0332850940665,38.90492565376773,23.48498878747337,-0.48183690505148263,False,29.661566469288122,1.6565869375470674
Batch_2,img_epqdaau9,29,16877.0,465.94021449309713,2089.323161699354,207.9241211095515,127.24217913930516,-0.2620463134975715,False,146.58943958039862,1.6340817370151721
Batch_2,img_epqdaau9,30,6976.0,423.2488532110092,3048.5210722477063,170.66797468107663,63.83694444496584,0.38478923946581606,False,94.24499490197076,2.6734984915860185
Batch_2,img_epqdaau9,31,6619.0,396.3192325124641,3332.311376340837,176.37498020376907,49.19993045606549,1.2735569292627638,False,91.8018112381343,3.5848623883984603
Batch_2,img_epqdaau9,32,140.0,369.34285714285716,2613.85,15.993187863465286,11.939369925117687,1.4346836559331353,False,13.351162356249091,1.3395336574519983
Batch_2,img_epqdaau9,33,2024.0,395.06571146245057,4763.749011857708,56.716440545232565,51.8903753207108,-1.0120594739329658,False,50.76452342476948,1.0930050167240852
Batch_2,img_epqdaau9,34,2380.0,391.85546218487394,4490.806722689075,75.59431925020637,42.17812028850347,1.5434726344887186,False,55.04825261958537,1.7922638262002202
Batch_2,img_epqdaau9,35,314.0,381.0636942675159,2192.519108280255,36.81125877382967,11.628839187998148,-1.3217089590407178,False,19.994929783493642,3.165514474722611
Batch_2,img_epqdaau9,36,79.0,414.75949367088606,4566.696202531645,10.775979591742805,9.373144164890824,-0.7935614438002296,False,10.02925341359355,1.1496654059911517
Batch_2,img_epqdaau9,37,587.0,440.4565587734242,4547.098807495741,33.46085170060865,25.493313298406477,0.016571378894675224,False,27.33846397952051,1.312534440264389
Batch_2,img_epqdaau9,38,19257.0,497.9825517993457,2955.558550137612,179.0934289919054,141.8768826946046,1.0561789284450287,False,156.58471800582913,1.262315788100665
Batch_2,img_epqdaau9,39,537.0,442.7858472998138,3948.5214152700187,42.94328505657764,16.730891200397046,-1.2291363401640987,False,26.148224328293928,2.5667063721960335
Batch_2,img_epqdaau9,40,139.0,443.48201438848923,4571.395683453237,18.873510043205787,9.945887812588563,0.07883806171234499,False,13.303394180365686,1.8976194381880607
Batch_2,img_epqdaau9,41,53951.0,595.9193712813479,1362.7128505495727,297.69082131680676,237.11336211866558,-1.52083602712436,False,262.0926299574385,1.2554788926986942
Batch_2,img_epqdaau9,42,8277.0,576.0979823607587,6281.571946357376,143.18294991235996,94.64052536912003,-0.7286207832874353,False,102.65770166808207,1.5129137264814752
Batch_2,img_epqdaau9,43,9243.0,579.5734069025208,4777.171913880775,174.45404905888748,73.82167881914465,0.5121735305034788,False,108.48296231200136,2.3631818166352128
Batch_2,img_epqdaau9,44,7371.0,579.968253968254,1117.052503052503,168.24402334158165,58.39332486651042,0.8098589834223331,False,96.87646093991505,2.881220134770447
Batch_2,img_epqdaau9,45,8389.0,606.0483967099774,3244.7543211348193,152.2821053795592,88.28850097683754,0.2912003784333351,False,103.34992279040793,1.7248237731379126
Batch_2,img_epqdaau9,46,814.0,577.3304668304668,342.7997542997543,42.552135362343755,27.12348845921998,1.3692251291107305,False,32.19343084255579,1.5688297405520186
Batch_2,img_epqdaau9,47,272.0,572.8933823529412,437.99632352941177,40.52939797559164,9.003785828843244,-1.265278249602827,False,18.609705966725112,4.501372949782684
Batch_2,img_epqdaau9,48,1803.0,603.549084858569,713.2978369384359,89.80485853141045,28.68191530193778,1.0230781033688523,False,47.9129512674548,3.131062120016202
Batch_2,img_epqdaau9,49,20555.0,654.0197032352226,6842.210800291899,223.9601574933774,122.72060545092107,1.1466691866663903,False,161.77589079350258,1.8249596852172023
Batch_2,img_epqdaau9,50,1620.0,657.0537037037037,1746.9993827160495,60.53705187452503,42.86100923240163,-1.1681593034942177,False,45.416385396362884,1.4124037898006574
Batch_2,img_epqdaau9,51,680.0,662.1220588235294,6969.6867647058825,34.709219893334996,26.327407911476868,0.7090636158528278,False,29.42452872043851,1.3183682955056224
Batch_2,img_epqdaau9,52,2253.0,673.5596981802041,1608.058144695961,77.42806933147511,42.065343561791444,-1.5634092019824484,False,53.559394080668255,1.840661760380917
Batch_2,img_epqdaau9,53,366.0,672.4972677595629,2076.530054644809,27.51075983865111,20.06318766530232,-0.10029930531682235,False,21.587164551489145,1.3712058271891048
Batch_2,img_epqdaau9,54,664.0,676.9593373493976,5435.390060240964,46.06268775691444,18.953571406025837,1.338043019184731,False,29.076297180076903,2.4302906702992084
Batch_2,img_epqdaau9,55,685.0,720.6817518248175,1705.7357664233577,49.99128820060081,19.93615489057814,0.2376146217263523,False,29.53250900522315,2.5075692115648027
Batch_2,img_epqdaau9,56,1205.0,704.0829875518672,5636.195850622406,116.25384475275361,13.714008409219359,-1.4403455530633718,False,39.16955005365611,8.477014253148699
Batch_2,img_epqdaau9,57,311.0,703.3183279742765,6984.15112540193,31.472506160826452,13.537470196520385,1.0552900027033665,True,19.899183360445615,2.324843985172061
Batch_2,img_epqdaau9,58,73.0,719.6027397260274,4089.095890410959,10.694056268615675,8.833656238235458,1.0471034037582057,False,9.640875829802336,1.2106036255211847
Batch_2,img_epqdaau9,59,793.0,728.312736443884,6950.247162673392,46.31999240662648,22.904632435157623,-1.2730775989356218,False,31.775445850136926,2.0222980018455696
Batch_2,img_epqdaau9,60,383.0,741.1305483028721,1636.8381201044385,31.79911941210494,17.446636749268293,-1.1956683831300132,False,22.082815618339236,1.8226503978446496
Batch_2,img_epqdaau9,61,6764.0,821.7828208160852,3486.286073329391,126.55023295970886,73.45362977690986,-0.39197242898418877,False,92.80189804410598,1.7228588068971087
Batch_2,img_epqdaau9,62,54406.0,871.0173877881116,6763.713358820718,355.4953539806815,218.47441571126566,-1.0521936097847642,False,263.19549895631053,1.627171551521629
Batch_2,img_epqdaau9,63,8787.0,866.3235461477183,5832.700238989416,133.06784551594157,97.88166001720974,-0.7749434036912843,False,105.77313401610012,1.3594767956790408
Batch_2,img_epqdaau9,64,114.0,896.3245614035088,1737.2719298245613,16.28124590598688,9.229044577863524,0.7297287212341163,False,12.047792665040703,1.7641312455070948
Batch_2,img_epqdaau9,65,184.0,909.2173913043479,5854.20652173913,19.5069048121651,12.715906386693062,0.9804214005458348,False,15.306079714651624,1.5340553963639336
Batch_2,img_epqdaau9,66,10879.0,971.1129699420902,897.7408769188345,175.08070118966327,83.77669782453683,1.4056547282398213,False,117.6927058367418,2.089849632846056
Batch_2,img_epqdaau9,67,26909.0,1115.2903861161692,995.7459957634992,291.83108444341025,174.5654869873211,1.2528020100449857,False,185.09890034594613,1.6717570550735856
Batch_2,img_epqdaau9,68,1134.0,1065.6208112874779,4850.791005291006,48.775192200277615,30.38272482401672,-0.17930335211999268,False,37.99807421080277,1.6053593771721932
Batch_2,img_epqdaau9,69,512.0,1168.681640625,414.408203125,38.1963994578574,20.37148371447765,-0.3780657260405308,False,25.532305945691693,1.8749934954768122
Batch_2,img_epqdaau9,70,52.0,1160.326923076923,977.9423076923077,10.033047898153354,6.997088798100855,1.375548830144708,False,8.136857890256438,1.433888891173786
Batch_2,img_epqdaau9,71,9148.0,1218.3066243987757,479.72409269785743,185.9421911003735,66.01038794756299,-1.2326839761140873,False,107.9240258479884,2.8168625709044663
Batch_2,img_epqdaau9,72,8820.0,1232.3697278911566,2067.7232426303854,146.75430793205817,80.01941857121933,-1.4788705345993478,False,105.97156592484673,1.833983682366338
Batch_2,img_epqdaau9,73,8047.0,1290.2088977258607,6852.406238349696,125.09308941221545,85.11003575077501,0.8539636114406246,False,101.22133478908414,1.4697807174998907
Batch_2,img_epqdaau9,74,103.0,1269.0388349514562,445.36893203883494,13.476216271570191,9.756022868990534,-1.0225754500235815,False,11.451797811161432,1.3813227431440604
Batch_2,img_epqdaau9,75,4287.0,1364.1721483554934,6966.716351761138,85.27349574918136,71.52683856348426,0.56305565396177,True,73.88083600149393,1.1921887988030695
Batch_2,img_epqdaau9,76,45304.0,1493.0186297015716,399.87049708635,415.9284368566575,158.03249721974314,-0.8666235669376674,False,240.17253034991703,2.631917132071335
Batch_2,img_epqdaau9,77,1087.0,1382.3321067157315,1315.6780128794849,50.145456837930126,28.194365266637263,-0.9895180291369006,False,37.202303492218356,1.778563069737479
Batch_2,img_epqdaau9,78,53745.0,1512.1155270257698,1470.1838496604335,368.42756286400794,202.23289200913678,1.3013278145343188,False,261.5917799392621,1.82179841866358
Batch_2,img_epqdaau9,79,464.0,1439.9525862068965,674.9181034482758,36.75036122072283,18.37048080183923,-0.08053070387076194,False,24.306031118985995,2.0005116696261664
Batch_2,img_epqdaau9,80,4643.0,1454.0417833297438,6332.091751023046,112.8810621538234,54.95109307472441,-1.327551631497613,False,76.88726296471582,2.0542095859735454
Batch_2,img_epqdaau9,81,416.0,1466.9447115384614,3060.96875,29.84070835434922,20.29982698208013,-0.771843905864555,False,23.014509567006368,1.4699981620873614
Batch_2,img_epqdaau9,82,85.0,1462.764705882353,2.8117647058823527,14.997673990270135,7.679957499876788,0.23959436457398375,True,10.403141895720198,1.9528329408737937
Batch_2,img_epqdaau9,83,137.0,1505.007299270073,4324.3722627737225,19.094478443754518,9.278355286221416,-0.6261015542482777,False,13.207339536360731,2.057959396328602
Batch_2,img_epqdaau9,84,7331.0,1591.0188241713272,2965.0879825398993,153.42635248599055,67.4940418215713,0.3372778976967422,False,96.61324496389446,2.2731836521450552
Batch_2,img_epqdaau9,85,808.0,1542.8118811881188,48.116336633663366,54.611422446252824,20.574372931061866,0.9100806848816589,False,32.07456238432586,2.654342012232315
Batch_2,img_epqdaau9,86,29777.0,1598.0291164321457,4341.99385431709,259.42809053626775,159.42908305300455,-1.4102795359900677,False,194.71326077999655,1.627231905047193
Batch_2,img_epqdaau9,87,1526.0,1543.5681520314547,1206.494757536042,51.24295857642442,44.005516584884276,1.0178681635642755,False,44.07906016767892,1.1644666976600424
Batch_2,img_epqdaau9,88,23194.0,1642.6098991118392,3102.621540053462,215.4491156449516,158.1913141694788,1.1079651939347737,False,171.84736832604497,1.3619528782353338
Batch_2,img_epqdaau9,89,842.0,1569.146080760095,5222.463182897863,44.24509843485172,25.73690328296209,-1.1386790545701269,False,32.74244487919323,1.7191306175573233
Batch_2,img_epqdaau9,90,1834.0,1586.70719738277,5271.74318429662,60.894884314934195,43.36720311128025,-0.9081024343018932,False,48.32309308233785,1.4041690481785951
Batch_2,img_epqdaau9,91,184.0,1571.6630434782608,4987.190217391304,22.061125108469557,11.392136169739665,-0.8779262159438028,False,15.306079714651624,1.9365222447980712
Batch_2,img_epqdaau9,92,30635.0,1677.909090909091,504.4386812469398,276.01782718472145,149.58960205097836,1.5696485324614422,False,197.49859101513033,1.8451672001283743
Batch_2,img_epqdaau9,93,118.0,1631.2881355932204,708.0677966101695,15.129783149904512,10.43752859244498,1.4974122568429657,False,12.257335203001883,1.449556091358249
Batch_2,img_epqdaau9,94,10568.0,1684.4917676003029,5224.00633989402,200.19647419722358,77.81075160260984,-1.2809061359897134,False,115.99825649017833,2.572863904716592
Batch_2,img_epqdaau9,95,6028.0,1687.9095885865959,1031.9945255474452,95.03002305000928,86.5220391169258,1.224383077934537,False,87.60757944186999,1.098333141704922
Batch_2,img_epqdaau9,96,1060.0,1687.5,345.5933962264151,105.9467085309047,14.961608383072596,0.5478179764091716,False,36.73736405104852,7.081237913617073
Batch_2,img_epqdaau9,97,385.0,1714.1896103896104,2190.205194805195,29.334642204232424,17.043450509570608,0.9712384104553609,False,22.140398025397776,1.7211680338884312
Batch_2,img_epqdaau9,98,38488.0,1867.9817605487424,108.68356370816878,267.997187241013,194.9895849399795,-0.058623514040368585,False,221.3694730484918,1.374417958392528
Batch_2,img_epqdaau9,99,11284.0,1865.827366182205,1691.1452499113789,257.7793978950099,61.590826173768164,-0.21796762345408935,False,119.86340151518968,4.185353792263293
Batch_2,img_epqdaau9,100,4753.0,1785.7582579423522,2207.928255838418,106.56877707338136,59.53489429050046,1.3529409937171282,False,77.79272174262981,1.7900221096115347
Batch_2,img_epqdaau9,101,1058.0,1802.6843100189035,4711.303402646503,46.13489871630655,29.554424535295727,0.9085853092513675,False,36.70268979693181,1.5610149560249225
Batch_2,img_epqdaau9,102,5774.0,1874.8728784205057,1144.3647384828541,188.73392181383392,41.13192523591327,0.7040610503636427,False,85.74196831949234,4.5885020147086575
Batch_2,img_epqdaau9,103,103.0,1832.7961165048544,4723.0873786407765,14.444027392161084,9.733352782932357,1.1171020532793576,False,11.451797811161432,1.4839724516601305
Batch_2,img_epqdaau9,104,453.0,1862.1479028697572,3083.2582781456954,42.62520315127786,19.673867032875258,-0.33326149594053844,False,24.016192740836935,2.1665899784750327
Batch_2,img_epqdaau9,105,150.0,1866.84,4768.68,21.465945414189584,9.605129921472516,0.6887734022151969,False,13.81976597885342,2.234841755362612
Batch_2,img_epqdaau9,106,115.0,1871.0782608695652,6712.347826086957,18.386593931722256,10.245862601653325,-0.8032466082135005,False,12.100518486599809,1.7945384050685298
Batch_2,img_epqdaau9,107,3203.0,1932.01436153606,3180.2026225413674,72.59462156559393,71.34005316492245,-0.767027823600462,False,63.86067852588732,1.017585750851225
Batch_2,img_epqdaau9,108,204.0,1912.0588235294117,3252.2401960784314,24.429217538074415,12.641340439570381,1.5528229672742093,False,16.11647812414279,1.932486325706821
Batch_2,img_epqdaau9,109,6585.0,1942.4121488230828,5230.8028853454825,131.43224857816605,66.34667967160009,1.377545799146772,False,91.56572722411507,1.980992104333234
Batch_2,img_epqdaau9,110,21466.0,2013.3911301593216,1132.1599739122332,225.54697309370644,124.57138503955346,1.0229835383074182,False,165.32198906160366,1.8105841323197263
Batch_2,img_epqdaau9,111,227.0,1999.7312775330397,4792.127753303965,25.98093277228058,11.459839157345268,-0.6331013917260128,False,17.000746355818674,2.267128920010008
Batch_2,img_epqdaau9,112,3800.0,2048.6665789473686,3077.7681578947368,109.28669299852396,52.51112170218268,-0.0697533721262203,False,69.55796338302048,2.0812104075465094
Batch_2,img_epqdaau9,113,2339.0,2052.809747755451,467.89311671654553,102.988828846787,32.37920109752857,-0.8366028922842889,False,54.572037667064855,3.180709386145043
Batch_2,img_epqdaau9,114,5023.0,2104.0893888114674,3927.3278916981885,107.64993558028131,70.6810057552084,0.2624973439722144,True,79.97175897280691,1.5230391026566386
Batch_2,img_epqdaau9,115,484.0,2073.5888429752067,1374.301652892562,46.27775344576596,15.430801968566975,-1.429974215720753,False,24.824341676101277,2.9990504408024408
Batch_2,img_epqdaau9,116,7732.0,2109.2031815830314,4488.799663735127,154.27020779000986,67.80816799014283,-1.3501226320677546,True,99.2204019337368,2.2750977111258317
Batch_2,img_epqdaau9,117,3983.0,2116.385638965604,4749.566407230731,98.63141643179321,55.38425996055168,1.39269298325335,True,71.2131526242179,1.7808564473380164
Batch_2,img_epqdaau9,118,1064.0,2117.4868421052633,6870.078947368421,56.23081916827062,30.026679888839652,-1.1213964152108424,False,36.80661456312185,1.872695195620697
Batch_2,img_epqdaau9,119,134.0,2117.2014925373132,843.2985074626865,16.275383872432972,10.779645807885577,-0.026560995638865523,False,13.061933202803933,1.509825476874864
Batch_2,img_epqdaau9,120,476.0,2133.361344537815,5953.056722689075,26.997732152606655,25.34946363493365,0.5038147845401891,True,24.61832697999475,1.0650218301030068
Batch_2,img_epqdaau9,121,6460.0,2137.1808049535603,770.553560371517,570.9835211247979,17.839292858408538,-1.5678272237815338,True,90.69248843751699,32.00707144934084
Batch_2,img_epqdaau9,122,989.0,2141.051567239636,1229.948432760364,231.45365189310033,6.382609583047219,-1.5705103129738145,True,35.485685983831225,36.263169301136934
Batch_2,img_i9jiqjwl,1,1120.0,14.391964285714286,962.01875,50.50296551240733,33.27269733156452,0.889205337199112,True,37.762789755305185,1.5178500561328738
Batch_2,img_i9jiqjwl,2,86.0,4.348837209302325,1018.2441860465116,12.995855109399779,8.622427574455559,-0.9171224228279283,True,10.464157913908982,1.507215340132372
Batch_2,img_i9jiqjwl,3,929.0,4.059203444564047,5960.997847147471,142.26980978821456,12.494419339056687,1.5266274122846772,True,34.39243429969688,11.386668393903589
Batch_2,img_i9jiqjwl,4,98.0,13.285714285714286,2701.785714285714,14.709702593267025,8.733711172355262,-1.4070649907389854,False,11.170383851240114,1.6842442236729234
Batch_2,img_i9jiqjwl,5,2263.0,54.20680512593902,5351.126380910296,92.69956245754865,34.36747059956071,-1.3637312305310683,False,53.678124871642765,2.6973053541721383
Batch_2,img_i9jiqjwl,6,331.0,50.9607250755287,1564.8640483383685,47.384532623129786,10.409972872944923,-1.421609741999275,False,20.529059630371258,4.551840163414851
Batch_2,img_i9jiqjwl,7,64.0,56.203125,5291.171875,20.88022938231453,4.047617625459331,1.2540580611552994,False,9.0270333367641,5.158646718746067
Batch_2,img_i9jiqjwl,8,224.0,68.89285714285714,3365.933035714286,30.25246160427743,11.779109969672513,1.4812336303295814,False,16.88803298257901,2.5683147268484596
Batch_2,img_i9jiqjwl,9,11917.0,153.5289921960225,2718.0245028111103,205.52252412471228,77.53319029889434,-0.5433869115457838,False,123.17952611781284,2.6507683139622222
Batch_2,img_i9jiqjwl,10,85.0,78.08235294117647,1394.4235294117648,17.50099088280759,7.688513640185476,1.3546737876441302,False,10.403141895720198,2.276251522964769
Batch_2,img_i9jiqjwl,11,11604.0,161.68372974836262,3902.0757497414684,214.27383634256032,75.25985870706685,1.5246297212231181,False,121.55110726400984,2.8471198328524117
Batch_2,img_i9jiqjwl,12,3634.0,169.1012658227848,3600.8222344523942,78.90868091205344,63.020851003750344,-1.0528303769636744,False,68.02170613537697,1.2521043377747727
Batch_2,img_i9jiqjwl,13,1148.0,180.92595818815332,3015.974738675958,108.98166842283561,15.90824435984949,-0.9184267191412022,False,38.231910720705116,6.850640834880078
Batch_2,img_i9jiqjwl,14,138.0,209.7391304347826,1368.536231884058,21.445234095398167,9.326954686386461,-0.4785430868892555,False,13.255453865237978,2.2992750384752525
Batch_2,img_i9jiqjwl,15,27686.0,289.686303546919,1540.7524741746731,239.15259378645325,160.99631166104052,-1.5281891517091153,False,187.75225707175323,1.4854538673529485
Batch_2,img_i9jiqjwl,16,2607.0,263.3663214422708,1967.3057153816646,97.39493189751114,42.862401687603764,-1.3503455161170779,False,57.61367453239352,2.27226958972947
Batch_2,img_i9jiqjwl,17,56143.0,450.2256915376806,1770.8013999964376,346.86652702806043,235.51869804853814,-0.07688374975928126,False,267.3639612215271,1.4727770232347945
Batch_2,img_i9jiqjwl,18,492.0,288.0365853658537,1894.111788617886,35.50633920885134,18.72667266596526,-1.3971127012585154,False,25.028660691489268,1.8960303222142734
Batch_2,img_i9jiqjwl,19,6332.0,355.1869867340493,6084.330543272268,129.94621614399503,67.43820035595914,-1.2630234654875248,False,89.78949157481097,1.9268932957596696
Batch_2,img_i9jiqjwl,20,86313.0,515.9574108187643,6280.68820455783,381.49604375445483,296.73801546699167,-1.0978936081734822,False,331.50735259527215,1.2856325238748907
Batch_2,img_i9jiqjwl,21,47.0,339.6170212765957,1817.1063829787233,10.551849131100456,6.916123691938307,-0.27707524719173365,False,7.735777827895049,1.5256883192242623
Batch_2,img_i9jiqjwl,22,4161.0,370.85267964431625,6705.752463350156,135.60559910210935,41.48773849905294,-1.3959873259531672,False,72.78701632601114,3.2685705224738846
Batch_2,img_i9jiqjwl,23,37.0,351.7027027027027,1820.0,11.764064032763883,4.246229426583608,0.7607244526292137,False,6.863662517577698,2.770473012860472
Batch_2,img_i9jiqjwl,24,13347.0,424.2140555930172,5243.943283134787,145.934754895022,126.53379262765071,1.0729843619696797,False,130.3607617482355,1.1533263317607356
Batch_2,img_i9jiqjwl,25,35587.0,447.43501840559753,3944.473262708292,267.11950444041037,187.2920487162504,-1.1582414777167227,False,212.86327930972556,1.4262191388866672
Batch_2,img_i9jiqjwl,26,453.0,393.31346578366447,1631.4128035320089,36.41059390981216,17.165625884293494,-0.22548737260568633,False,24.016192740836935,2.121134070801797
Batch_2,img_i9jiqjwl,27,3643.0,425.6253088114192,1101.1880318418885,100.86979243040194,48.76876900191701,-0.9768744454086193,False,68.10588565953898,2.0683276304644256
Batch_2,img_i9jiqjwl,28,5244.0,447.62356979405035,3381.3356216628526,107.30859652211002,67.66491616409046,0.6941260394930333,False,81.71210542258224,1.5858823538904838
Batch_2,img_i9jiqjwl,29,3862.0,429.27369238736406,5521.671154842051,120.93931893057521,42.67261752532189,1.0984884996170905,False,70.12311403358524,2.834120003508337
Batch_2,img_i9jiqjwl,30,12307.0,530.198992443325,3723.6042089867556,159.95566586778313,115.81730042123843,-0.9725308603470856,False,125.17890827553836,1.381103386851613
Batch_2,img_i9jiqjwl,31,322.0,478.19565217391306,2001.0807453416148,30.42167387358113,15.329628566267743,-0.9059216152420284,False,20.248040236149336,1.9845016950066783
Batch_2,img_i9jiqjwl,32,1108.0,497.97833935018053,5533.413357400722,49.998708031771905,36.00242856214035,0.53938240270861,False,37.55994429663814,1.388759315096589
Batch_2,img_i9jiqjwl,33,3957.0,547.260550922416,4070.5231235784686,108.62222461297544,49.30931918775432,0.06750000077824482,False,70.98034149338139,2.2028741504091003
Batch_2,img_i9jiqjwl,34,990.0,499.8454545454546,5717.228282828283,54.400193803849085,24.455627246567506,-1.2798680545773156,False,35.50362163621919,2.224444838620301
Batch_2,img_i9jiqjwl,35,1963.0,514.4253693326541,743.8074375955171,78.90074496175926,33.973188139801344,-1.2542847375492692,False,49.9936918652256,2.32244158649694
Batch_2,img_i9jiqjwl,36,2112.0,526.6922348484849,1327.4966856060605,98.41612893993005,31.05334900716129,-0.7231446278416926,False,51.856358515428596,3.169259744487915
Batch_2,img_i9jiqjwl,37,3614.0,532.9950193691201,5609.288876591035,96.80956398458585,51.121397676141534,-1.2355857299767623,False,67.83426652270133,1.8937190371414099
Batch_2,img_i9jiqjwl,38,1430.0,531.8636363636364,1396.7636363636364,75.2442826587816,26.916892644198157,-0.8034182834235136,False,42.67004275802032,2.795429756822255
Batch_2,img_i9jiqjwl,39,4551.0,565.497692814766,5973.03647549989,104.41625727437257,63.55789280913989,-0.7470467147164828,False,76.12169971886942,1.6428527230744987
Batch_2,img_i9jiqjwl,40,1455.0,533.4247422680412,5779.27147766323,90.46733679768143,29.059757426460028,1.498427913081938,False,43.04141653790755,3.1131483814557734
Batch_2,img_i9jiqjwl,41,17274.0,604.0349079541508,2639.328702095635,181.98048947265505,131.1591378756619,0.8995355504476222,False,148.3035397276653,1.3874785426324736
Batch_2,img_i9jiqjwl,42,319.0,532.9843260188088,6020.090909090909,32.881746114891065,12.843258196357365,-0.18644296041603053,False,20.153496341094687,2.5602339851905387
Batch_2,img_i9jiqjwl,43,46.0,545.1521739130435,1791.5652173913043,9.955920442445596,6.022223158700074,-0.19863098209978047,False,7.653039857325812,1.6531968643610726
Batch_2,img_i9jiqjwl,44,13138.0,633.825620337951,6554.028162581823,184.97328576647254,113.36691466201488,0.8586994362892112,False,129.33607825634178,1.631633764735862
Batch_2,img_i9jiqjwl,45,210.0,567.1047619047619,3796.614285714286,22.032614845329768,12.363088984762454,1.3488143278341413,False,16.351767622932517,1.782128630836924
Batch_2,img_i9jiqjwl,46,2831.0,607.0250794772165,3756.569056870364,116.71407887314697,35.66583524935127,-1.5594854584430686,False,60.03783099967258,3.2724336345177814
Batch_2,img_i9jiqjwl,47,1663.0,652.8069753457606,1662.3884546001202,111.44283217782646,22.938609320821023,0.9549811102898131,False,46.01518622036181,4.858308131028306
Batch_2,img_i9jiqjwl,48,277.0,645.8339350180505,4546.563176895307,38.872478237364476,9.296134309256246,1.0679494998839802,False,18.77997214831907,4.181574506583752
Batch_2,img_i9jiqjwl,49,810.0,654.2358024691358,4224.461728395062,40.98718559726872,27.5138888509386,1.3826745915204888,False,32.11423409074988,1.4896907456202977
Batch_2,img_i9jiqjwl,50,150.0,657.02,4089.86,19.378337681507265,10.484275306451833,-0.2407541848331537,False,13.81976597885342,1.8483240009523774
Batch_2,img_i9jiqjwl,51,321.0,663.9158878504672,1588.127725856698,35.40158947729335,11.98277461067822,-0.36489568507300724,False,20.216574731145414,2.9543733089785316
Batch_2,img_i9jiqjwl,52,1918.0,685.42700729927,1640.0333680917622,67.83994587226815,43.39785505064554,1.1025065903552551,False,49.41733953585565,1.5632096515622385
Batch_2,img_i9jiqjwl,53,8952.0,697.5379803395889,6109.90236818588,195.20628009132193,63.64941259777273,1.4780571907587408,False,106.76160547907276,3.0668983754007613
Batch_2,img_i9jiqjwl,54,266.0,692.2857142857143,4103.571428571428,31.763264646264453,11.083777381930004,0.8581172963335896,False,18.403307281560924,2.8657436496377517
Batch_2,img_i9jiqjwl,55,42651.0,852.3764272818926,5436.510304564958,344.95217365050434,166.24422294607655,-1.1117319367723462,False,233.03420311726651,2.0749723962582087
Batch_2,img_i9jiqjwl,56,876.0,771.9794520547945,5817.431506849315,43.63266521838631,28.484058456909967,-1.3280192011242407,False,33.396973533360814,1.5318275408117423
Batch_2,img_i9jiqjwl,57,268.0,761.5858208955224,5883.817164179104,22.78559321923951,15.283876172361158,1.4938334834792806,False,18.47236308621676,1.4908255577498202
Batch_2,img_i9jiqjwl,58,1147.0,778.2554489973845,4806.4115082824765,56.63270226715308,29.79622923746869,-0.4879433160821987,False,38.2152555638613,1.90066675268888
Batch_2,img_i9jiqjwl,59,364.0,773.0,1043.2664835164835,34.2476873056914,15.015864353914127,0.10293402536133377,False,21.528102431092233,2.280766960762015
Batch_2,img_i9jiqjwl,60,250.0,789.564,1065.124,26.31938828895687,14.74917787861819,-0.04362476805525029,False,17.841241161527712,1.7844647685151291
Batch_2,img_i9jiqjwl,61,23800.0,864.5347899159664,3348.719285714286,249.6777557978031,133.74896692469895,-1.251496705838491,False,174.07785949022028,1.8667639948080674
Batch_2,img_i9jiqjwl,62,7740.0,933.5169250645995,4886.18527131783,143.4985465686215,71.82082146740174,1.0309244752039952,False,99.27171841088558,1.9980075921820675
Batch_2,img_i9jiqjwl,63,14985.0,962.2547213880547,1542.1097097097097,194.5020778895648,99.84127716355408,1.2270341029758498,False,138.1285436752897,1.9481128789142288
Batch_2,img_i9jiqjwl,64,5762.0,1012.0126692120791,5524.906282540785,189.82189186299482,43.349301599088705,1.5160244350900551,False,85.65282398592592,4.3788915821191745
Batch_2,img_i9jiqjwl,65,21180.0,1106.6070821529745,601.4632200188857,194.41571875343504,140.6866509940741,0.8338391892132377,False,164.21697097891786,1.3819059404692493
Batch_2,img_i9jiqjwl,66,2273.0,1110.3013638363395,988.9982402111747,77.9686222863202,43.83527570072164,0.9604683006496109,False,53.79659362062829,1.7786730216695463
Batch_2,img_i9jiqjwl,67,13597.0,1164.0081635654924,804.2438773258807,186.72357898786507,97.35073627626001,1.195911791526574,False,131.57597839181742,1.918049992534053
Batch_2,img_i9jiqjwl,68,39.0,1111.871794871795,522.0,11.186520663044927,4.498866103578214,0.8910779055926128,False,7.046725639945928,2.4865200264901475
Batch_2,img_i9jiqjwl,69,158.0,1120.9050632911392,932.9746835443038,19.49037728190692,11.28777077007311,0.7223207185170337,False,14.183506197980657,1.7266808193501864
Batch_2,img_i9jiqjwl,70,701.0,1146.3694721825964,5194.262482168331,50.216653545817245,19.34534273426996,-1.5010597829686787,False,29.87542335866304,2.595800665596855
Batch_2,img_i9jiqjwl,71,727.0,1163.9889958734525,1879.486932599725,50.893896925631175,19.348302056939918,1.5573971219212503,False,30.424416987387996,2.6304063672283
Batch_2,img_i9jiqjwl,72,1088.0,1190.046875,2874.0376838235293,52.5836230661259,30.685674022475702,1.458136957766133,False,37.219411933450225,1.7136212496949248
Batch_2,img_i9jiqjwl,73,5564.0,1212.8989935298346,4499.052480230051,131.5759252645951,62.46634696912784,-1.499134843450357,False,84.16831248698317,2.106348964661286
Batch_2,img_i9jiqjwl,74,27810.0,1256.2085221143473,4195.369111830277,353.9291528285149,103.99789951959656,-1.4428674751340596,False,188.1722395548421,3.4032336659051774
Batch_2,img_i9jiqjwl,75,4235.0,1254.687839433294,4596.198583234946,83.78192901973817,66.70484918092178,-0.88898215995067,False,73.43139295937,1.256009571245693
Batch_2,img_i9jiqjwl,76,311.0,1266.032154340836,3521.5498392282957,23.057511668355083,18.14940713586646,-0.29314016923211295,False,19.899183360445615,1.2704278159471851
Batch_2,img_i9jiqjwl,77,132.0,1288.4848484848485,3518.2954545454545,17.093235075900715,10.582849564568939,0.04857340198393204,False,12.964089628857149,1.6151826567702852
Batch_2,img_i9jiqjwl,78,2730.0,1308.051282051282,3033.3710622710623,68.91104206629974,57.16914482918166,-1.224715706329984,False,58.9571366089551,1.2053887157522163
Batch_2,img_i9jiqjwl,79,3681.0,1355.5952186905731,5908.417006248302,122.76648019491742,40.88772092629179,0.9668834419088149,False,68.46016918011621,3.0025268568093657
Batch_2,img_i9jiqjwl,80,3648.0,1357.2094298245613,4537.226699561404,79.54292231234963,60.80209755728579,1.3823095834318955,False,68.15260713423864,1.3082266156592186
Batch_2,img_i9jiqjwl,81,12515.0,1408.2893328006392,6740.9184178985215,143.88372239124135,114.7431006394553,1.2051604491266883,False,126.23229738209062,1.2539640430613028
Batch_2,img_i9jiqjwl,82,206.0,1374.3009708737864,1222.388349514563,21.184101345563718,16.815174990475654,0.37208945444942243,False,16.195287778099022,1.2598204513222542
Batch_2,img_i9jiqjwl,83,1281.0,1408.8922716627635,6030.855581576893,61.68969809634744,33.477979397186125,1.1095604726596755,False,40.38588685179197,1.8426947864581265
Batch_2,img_i9jiqjwl,84,4051.0,1447.4872870896074,5981.459145889904,148.6688831881062,38.12569265137179,0.8936593023197238,False,71.81847530908843,3.8994408455096483
Batch_2,img_i9jiqjwl,85,28405.0,1538.7958458017954,5905.878225664495,305.0571418292522,127.76013561079057,1.2870073150275865,False,190.17457576711536,2.3877333909427003
Batch_2,img_i9jiqjwl,86,103.0,1533.1650485436894,6992.796116504855,25.37345437925584,6.808009750601454,0.06111296962294129,True,11.451797811161432,3.727000299465526
Batch_2,img_i9jiqjwl,87,3873.0,1561.0438936225148,6399.894397108184,110.08533638656087,48.27401994166964,1.1685956891349922,False,70.22290763532428,2.280426128165397
Batch_2,img_i9jiqjwl,88,580.0,1543.4637931034483,6942.913793103448,33.812236408695135,25.452857607002965,0.6552929288990949,False,27.17496892263898,1.3284259445741846
Batch_2,img_i9jiqjwl,89,127.0,1554.1417322834645,6520.251968503937,18.790310042699716,9.138287020404894,1.258007731562371,False,12.716187407449045,2.056217976163673
Batch_2,img_i9jiqjwl,90,13012.0,1622.350983707347,1866.6941284967722,176.58303027365795,99.1376383612535,0.8570825148075946,False,128.7143851948722,1.7811906072464287
Batch_2,img_i9jiqjwl,91,1191.0,1578.4307304785893,6927.067170445004,49.38033658042492,39.68929681929508,-0.9873039218693141,False,38.94134432424719,1.2441726243035505
Batch_2,img_i9jiqjwl,92,7017.0,1601.6169303120992,6523.092062134815,144.19270925519203,64.01364779879174,1.5501047405025543,False,94.52154191191887,2.2525307370143914
Batch_2,img_i9jiqjwl,93,3464.0,1656.6807159353348,1400.4096420323326,117.35923425956993,50.42337995571071,0.4349769443164068,False,66.41160879667503,2.32747654684498
Batch_2,img_i9jiqjwl,94,143.0,1613.2797202797203,3480.972027972028,20.775175287031797,9.88438690353425,-0.6526708447924663,False,13.493452297211721,2.1018172892041944
Batch_2,img_i9jiqjwl,95,13720.0,1674.4741253644315,5280.267201166181,179.75220418096768,100.94566948773796,-1.4225777973158482,False,132.16976414356816,1.7806826691342366
Batch_2,img_i9jiqjwl,96,4031.0,1677.227983130737,2404.088315554453,93.36280142175127,59.930810474747155,0.5506042189374222,False,71.64097015554326,1.557843130806503
Batch_2,img_i9jiqjwl,97,215.0,1648.260465116279,1330.9906976744187,22.484036751009604,17.01066221424477,-0.12292350823493324,False,16.545286401814263,1.321761402808964
Batch_2,img_i9jiqjwl,98,1393.0,1685.5843503230437,2879.5491744436467,61.1062703641923,35.11472910942604,-0.2785078774475544,False,42.11439998166995,1.7401891432444287
Batch_2,img_i9jiqjwl,99,90.0,1664.388888888889,1348.4333333333334,11.514999105641158,10.221031599359623,-0.626988108527449,False,10.704744696916627,1.126598523221727
Batch_2,img_i9jiqjwl,100,1641.0,1710.815356489945,669.6489945155394,81.39009065096992,27.683824596047412,-1.2769536889683224,False,45.7098030285671,2.9399872249801238
Batch_2,img_i9jiqjwl,101,7638.0,1784.3995810421577,3947.1280439905736,142.15519281221057,75.4661875593521,0.3178325481672265,False,98.61543308573549,1.8836938423636334
Batch_2,img_i9jiqjwl,102,2042.0,1773.3898139079333,4162.8060724779625,140.69781359802374,22.71354602371208,-0.39171264626819463,False,50.989755347022424,6.194445088016665
Batch_2,img_i9jiqjwl,103,15013.0,1848.451408779058,2119.050289748884,184.18238464856478,123.39551106963705,0.22471167521066643,False,138.25753247150405,1.4926181921206456
Batch_2,img_i9jiqjwl,104,1981.0,1770.6945986875317,4089.3255931347803,78.26857453717115,41.45380221443569,-1.0486903182990872,False,50.22238084878452,1.8880915707634471
Batch_2,img_i9jiqjwl,105,608.0,1793.782894736842,1187.4325657894738,44.835155325911465,17.615269605840105,0.30637327922366514,False,27.823185353208192,2.5452437759480544
Batch_2,img_i9jiqjwl,106,3333.0,1828.2607260726072,542.1701170117012,93.2254615365636,46.78088855572188,-0.7339097283416167,False,65.14374415553881,1.9928108339695265
Batch_2,img_i9jiqjwl,107,1215.0,1859.0090534979424,6985.20658436214,68.63763123199432,23.769825463241112,0.031791642525069705,True,39.33174350131485,2.8875950872310403
Batch_2,img_i9jiqjwl,108,323.0,1852.4582043343653,6276.074303405573,26.80030497461261,17.51157420293547,0.8451144317241358,False,20.279456919490165,1.5304337956161627
Batch_2,img_i9jiqjwl,109,847.0,1944.9173553719008,6276.211334120425,41.47844957935809,30.044261914222034,-0.8217060466027563,False,32.839517267930155,1.3805780850194047
Batch_2,img_i9jiqjwl,110,341.0,1956.0645161290322,2096.2023460410555,25.954245046237755,17.971018803784798,1.1692673924533274,False,20.83685880248485,1.4442278053134998
Batch_2,img_i9jiqjwl,111,198.0,1954.858585858586,3639.686868686869,17.11102592952641,15.040375449751249,1.148073801002718,False,15.877702285203682,1.1376727919255105
Batch_2,img_i9jiqjwl,112,16629.0,2029.5743580491912,1994.0543027241565,165.54982711311072,134.78497885804774,1.4992381369920589,False,145.50842033848426,1.2282513119467398
Batch_2,img_i9jiqjwl,113,356.0,2030.1797752808989,2089.078651685393,34.42948459704611,18.712944232131488,-1.393336236477103,False,21.290215544369623,1.8398753381591433
Batch_2,img_i9jiqjwl,114,17006.0,2136.1684111490063,2241.4326120192873,238.9031354532045,93.82063826021162,-1.1267288520611003,False,147.14860413121892,2.54638147728868
Batch_2,img_i9jiqjwl,115,18068.0,2137.0070290015497,2942.942771751162,205.11407873557985,115.56835475614766,-0.89636530067793,False,151.67363678067102,1.7748290971899365
Batch_2,img_i9jiqjwl,116,974.0,2102.287474332649,6277.081108829569,68.37852382001095,19.53024451620308,0.08511023341625414,False,35.21555503711461,3.5011606620327447
Batch_2,img_i9jiqjwl,117,14644.0,2144.4534280251296,3111.0111308385685,151.9384361742549,125.73095640205152,-1.019287396122942,False,136.54786667356515,1.2084409482132576
Batch_2,img_i9jiqjwl,118,6371.0,2161.5058860461468,6223.235441845864,107.33974131791817,93.26093828104483,-0.2954709102572286,False,90.06558243584351,1.1509614131743604
Batch_2,img_i9jiqjwl,119,18902.0,2197.8598560998835,3879.5760237011955,178.3317738062346,143.9894144007845,0.4016803482987266,True,155.1346959083752,1.2385061398323387
Batch_2,img_i9jiqjwl,120,136.0,2143.4632352941176,4077.610294117647,13.8453409138137,12.763769091309292,-0.19918978009869326,False,13.159049284959082,1.0847376519245273
Batch_2,img_i9jiqjwl,121,15113.0,2221.04241381592,5069.253688877126,196.24743575270222,110.15572153720142,1.2704248343560884,True,138.71722762361753,1.7815455521883736
Batch_2,img_i9jiqjwl,122,4652.0,2225.047291487532,3013.9718400687875,96.48204947189012,71.62684940061241,-1.4561640837968157,False,76.96174609575836,1.3470095401273534
Batch_2,img_i9jiqjwl,123,148.0,2193.1486486486488,5190.540540540541,26.966502867540427,8.29821162833342,1.4919574329364664,False,13.727325035155395,3.249676445400113
Batch_2,img_i9jiqjwl,124,3122.0,2241.848814862268,5571.973734785394,100.8647959611854,46.838055452294554,1.1277835389172761,True,63.04802819012802,2.1534795795252024
Batch_2,img_i9jiqjwl,125,2839.0,2249.9679464600213,2178.053892215569,99.76171991154577,41.06203541053135,-1.3754551545158311,True,60.12260030556835,2.4295366489786687
Batch_2,img_i9jiqjwl,126,350.0,2254.22,4130.26,29.530880890113735,15.425107163218426,-0.021706972818788334,True,21.11004122822376,1.9144684427561642
Batch_2,img_i9jiqjwl,127,133.0,2260.4736842105262,6440.195488721804,18.010222904314528,10.311043004252378,0.025215143049482185,True,13.013103375051497,1.746692637872515
Batch_2,img_r17byphk,1,50786.0,122.39837750561178,4448.237585161265,303.01956117539925,222.92660132621566,0.9722120526114122,True,254.28870112319183,1.35927950891774
Batch_2,img_r17byphk,2,32468.0,102.6863989158556,5149.01595417026,224.6645508523277,190.76214174013157,-1.1809206723113608,True,203.32127664969366,1.1777208454619899
Batch_2,img_r17byphk,3,2817.0,27.956691515796948,5721.70145544906,78.53044912724427,48.152029236616784,0.7788474304868351,True,59.8891959999377,1.630885559180681
Batch_2,img_r17byphk,4,23739.0,101.11925523400312,6561.381144951346,238.13931833634987,136.17893171194018,-1.2825252544452879,False,173.85463339372933,1.7487236486778064
Batch_2,img_r17byphk,5,321.0,55.94704049844237,2073.9065420560746,34.97716386344023,12.519977281559838,-0.18963743943622852,False,20.216574731145414,2.793708253365337
Batch_2,img_r17byphk,6,9441.0,104.7109416375384,2176.6589344349118,140.03265393352333,91.80979309027052,0.742500344796232,False,109.63874562327257,1.525247462390406
Batch_2,img_r17byphk,7,551.0,62.54990925589836,515.2921960072596,33.46330796080946,25.92266213870794,0.7300235071599094,False,26.486883341553696,1.290890101554877
Batch_2,img_r17byphk,8,544.0,72.4466911764706,2045.8106617647059,34.12628630026804,21.846682370190024,0.11984860559861166,False,26.318098569918163,1.5620809476698228
Batch_2,img_r17byphk,9,1315.0,75.3087452471483,1140.6296577946769,60.88113067462181,30.3443019555855,1.157935495154788,False,40.91833331560242,2.006344741880456
Batch_2,img_r17byphk,10,250.0,74.608,5752.544,27.221597873802406,14.300175145675531,0.7628710331024782,False,17.841241161527712,1.9035849279114878
Batch_2,img_r17byphk,11,133.0,69.39097744360902,6406.428571428572,16.228918128487116,11.434877527921435,1.0889413240224295,False,13.013103375051497,1.4192472187707912
Batch_2,img_r17byphk,12,154.0,80.55194805194805,1611.155844155844,17.873069936552653,11.530514466322607,0.6541398102430004,False,14.002817212590296,1.5500669973360572
Batch_2,img_r17byphk,13,152.0,81.78289473684211,495.8092105263158,19.001493703701,10.678376494712914,0.892233768533907,False,13.911592676604096,1.7794365756919168
Batch_2,img_r17byphk,14,193.0,90.56476683937824,1027.2538860103627,37.3061661363385,9.62731537701621,-0.7669867932976734,False,15.67594437773643,3.8750331401214346
Batch_2,img_r17byphk,15,3426.0,146.51780502043198,5657.409515469936,133.52106626956234,33.87984674534549,-0.04252970273767036,False,66.04633737205015,3.941017421748103
Batch_2,img_r17byphk,16,1223.0,110.02207686017988,1505.5192150449714,76.20996999398639,21.506254905032097,0.8462085782159859,False,39.46101827387509,3.5436188369623833
Batch_2,img_r17byphk,17,30.0,94.5,2046.3666666666666,7.654879517628967,5.0910092443581405,-0.6487890383758896,False,6.180387232371033,1.5036074676376023
Batch_2,img_r17byphk,18,1274.0,121.10282574568289,1663.0204081632653,50.99045693182706,33.8254589779827,0.7017462198808,False,40.27539174226115,1.5074579465430822
Batch_2,img_r17byphk,19,230.0,119.04782608695652,884.104347826087,31.75811588453824,10.56215360126683,0.7146298121952287,False,17.112717355495807,3.0067841354559692
Batch_2,img_r17byphk,20,1476.0,151.33333333333334,4813.632791327913,79.95583555125634,25.179821626136977,-1.1589822901001008,False,43.35091196306141,3.175393246958555
Batch_2,img_r17byphk,21,317.0,148.58675078864354,2277.4353312302837,48.5924201687207,9.53969506568655,0.7756046756213955,False,20.090219901261573,5.093707905140846
Batch_2,img_r17byphk,22,10163.0,231.5425563317918,4980.402243432058,133.4653601004982,102.80293786857135,-0.615564479923439,False,113.75382847686252,1.2982640658686944
Batch_2,img_r17byphk,23,5219.0,219.40160950373635,6772.332439164591,127.39663998327022,53.637994415158815,-1.0090199887896782,False,81.517097494776,2.3751193789465446
Batch_2,img_r17byphk,24,265.0,217.06037735849057,2665.049056603774,20.706798436540016,17.42324317527845,0.1293345849350254,False,18.36868202552426,1.1884583270880675
Batch_2,img_r17byphk,25,255.0,225.65098039215687,5048.450980392156,19.57152321946599,17.133025014623605,0.7387821743282529,False,18.01877032173579,1.1423273591651824
Batch_2,img_r17byphk,26,193.0,227.65284974093265,3271.9481865284974,20.187154078375823,12.829688517396832,-0.9862612726910461,False,15.67594437773643,1.573471877435091
Batch_2,img_r17byphk,27,8791.0,327.8439312933682,5584.68877260835,140.6759118125374,94.26632322504338,1.0631091296048785,False,105.79720619074406,1.4923241620095835
Batch_2,img_r17byphk,28,169.0,284.70414201183434,2181.798816568047,22.220986717972938,9.80229397458565,-1.1457402399742869,False,14.668929172241665,2.2669169865324545
Batch_2,img_r17byphk,29,565.0,308.35752212389383,6812.778761061947,32.11549006822073,23.15054057388114,1.2248086344043505,False,26.821266613927218,1.3872457952214734
Batch_2,img_r17byphk,30,176.0,334.5,1910.465909090909,20.390273011282584,12.29338287019198,-0.38441495688003013,False,14.96964127403822,1.6586380841292514
Batch_2,img_r17byphk,31,18221.0,394.2464738488557,2183.40338071456,200.5027506878388,127.54744749624025,-1.0158913205868438,False,152.31446991215049,1.5719855992708054
Batch_2,img_r17byphk,32,252.0,354.3015873015873,1826.6309523809523,29.075972803104076,13.30118952544288,-0.6452633660498811,False,17.91246396432554,2.1859678600539265
Batch_2,img_r17byphk,33,308.0,363.75324675324674,3220.87012987013,31.502409314165945,14.050590301515212,-0.45937043721183013,False,19.802974013476614,2.2420701648932666
Batch_2,img_r17byphk,34,689.0,367.66037735849056,1858.4194484760521,35.75283825360778,27.074911740343463,0.35500984876395747,False,29.618609797263055,1.32051541281051
Batch_2,img_r17byphk,35,4592.0,431.3353658536585,259.14503484320556,112.0254493242094,56.54194802283503,-0.83801121727638,False,76.46382144141023,1.9812803279958944
Batch_2,img_r17byphk,36,188.0,403.77659574468083,200.74468085106383,32.88399058925023,8.841001514988601,1.207285085910739,False,15.471555655790098,3.719487043803841
Batch_2,img_r17byphk,37,143.0,408.74825174825173,2293.048951048951,15.884840021631382,12.15476714737192,0.049034111354444895,False,13.493452297211721,1.3068814753120113
Batch_2,img_r17byphk,38,121.0,421.1570247933884,1392.0082644628098,16.945263559808442,9.928652676703896,-1.4697196529137193,False,12.412170838050638,1.7067032266692115
Batch_2,img_r17byphk,39,174.0,433.0574712643678,3412.6954022988507,21.16024016983647,11.046142199430912,-0.34886195156031763,False,14.884343478431232,1.915622647961804
Batch_2,img_r17byphk,40,3045.0,450.9339901477833,3515.2975369458127,75.67401811675128,53.777075884487076,1.5318236142392918,False,62.265676048032844,1.407179860044803
Batch_2,img_r17byphk,41,131.0,484.22137404580155,5937.67175572519,16.240500200281094,10.42592791803904,-0.6466844386410912,False,12.914889870235298,1.5577030963528555
Batch_2,img_r17byphk,42,358.0,496.41340782122904,5488.438547486034,28.12177139752187,16.755957624320263,1.0045339496159829,False,21.349935761383176,1.678314783793963
Batch_2,img_r17byphk,43,188.0,497.48936170212767,5969.297872340426,21.88763571663319,11.876104578371843,1.1323818367509737,False,15.471555655790098,1.8429978931386173
Batch_2,img_r17byphk,44,83.0,517.3614457831326,6307.084337349397,11.247151622633956,9.612799833038189,-0.41732466092064424,False,10.280023453913834,1.1700182899865106
Batch_2,img_r17byphk,45,58149.0,692.6208533250787,6478.580594679186,320.47264204904366,244.00809558869403,1.299157689101599,False,272.0985231249978,1.3133688916175967
Batch_2,img_r17byphk,46,6092.0,696.9862114248194,2438.6833552199605,143.73771704979396,63.76421068769866,1.444598654543991,False,88.07142162203704,2.2542067956237357
Batch_2,img_r17byphk,47,1593.0,733.3892027620841,1717.0703075957313,51.99847720688352,44.72479421696658,1.031710798712951,False,45.03632528041241,1.162632005742301
Batch_2,img_r17byphk,48,7183.0,762.6956703327301,2407.4051232075735,136.48191503889,75.79331696406673,1.0381172800163738,False,95.6330468500961,1.8007117316635644
Batch_2,img_r17byphk,49,5431.0,788.2925796354263,4345.181182102743,176.2283606144686,55.553925388897106,-0.8485517725054683,False,83.15626234660063,3.1722035730294094
Batch_2,img_r17byphk,50,848.0,764.9469339622641,2288.6025943396226,38.732615352987025,28.101656850497527,-1.5512762661870456,False,32.85889733292062,1.3783036195711458
Batch_2,img_r17byphk,51,324.0,810.0308641975308,2978.4876543209875,35.8184841781634,12.136313933202992,1.1936426787718188,False,20.310825007719227,2.9513478619047437
Batch_2,img_r17byphk,52,228.0,818.0175438596491,352.0263157894737,35.997384989753,8.286344009579182,0.7586199069070128,False,17.03815178355966,4.34418181868135
Batch_2,img_r17byphk,53,4631.0,851.0680198661196,2297.9458000431873,84.53737820329783,79.55866394735592,0.5171906824899849,False,76.78783973825894,1.0625791586851727
Batch_2,img_r17byphk,54,153.0,896.1437908496732,4885.196078431372,17.331085916274517,13.050727448522839,0.8609863734198149,False,13.957279475043833,1.3279785348851305
Batch_2,img_r17byphk,55,7225.0,979.5565397923875,5770.719723183391,125.47862115005702,79.34744579997924,-0.8984894982126153,False,95.91222920311857,1.5813819825576523
Batch_2,img_r17byphk,56,188.0,946.063829787234,6049.276595744681,25.94478064883661,9.460125767522976,0.4817277162700186,False,15.471555655790098,2.7425407744478587
Batch_2,img_r17byphk,57,1879.0,992.3879723257052,4226.1309207025015,78.49235526270397,34.58771656322481,-1.2090153699289563,False,48.91234102511728,2.2693708362974303
Batch_2,img_r17byphk,58,11452.0,1019.4342472930492,4107.164076143905,248.44814308313144,65.78206029653155,1.3537498422227054,False,120.7523882426641,3.776837362088995
Batch_2,img_r17byphk,59,6859.0,1038.6833357632308,2774.569616562181,127.12918709616883,71.98294211565215,1.212613347656232,False,93.45132442795276,1.766101570173603
Batch_2,img_r17byphk,60,166.0,1028.1566265060242,4496.813253012048,17.588557533436198,12.87401786023753,-0.3269187437510094,False,14.538148590038452,1.3662057738602271
Batch_2,img_r17byphk,61,1274.0,1075.2119309262166,5678.727629513343,67.07140163057133,27.16318443001021,-0.9069252500053163,False,40.27539174226115,2.4692024531729806
Batch_2,img_r17byphk,62,105.0,1062.1809523809525,2714.552380952381,16.58145675102068,8.087136531232893,-0.6673702994379169,False,11.562445770562215,2.05034955042274
Batch_2,img_r17byphk,63,4802.0,1144.442107455227,5866.849645980841,114.05397613327628,57.42121618749174,-0.7331794308269096,False,78.19268695868081,1.9862689038293315
Batch_2,img_r17byphk,64,257.0,1103.1517509727626,4032.241245136187,25.136720817140368,14.239656048303203,0.285338383335083,False,18.089294154193436,1.7652617964838875
Batch_2,img_r17byphk,65,611.0,1104.9099836333878,4184.310965630115,39.93189336499085,22.819209335108976,1.371256545645289,False,27.891743614073043,1.749924494691093
Batch_2,img_r17byphk,66,2123.0,1129.205369759774,4231.74988224211,62.652553369985995,46.93550124809909,1.5047429023253487,False,51.991225735433,1.334864904047945
Batch_2,img_r17byphk,67,327.0,1136.2538226299694,5952.45871559633,34.84695968609036,13.322905722608335,-0.5918612675301003,False,20.404639941160397,2.6155675354631334
Batch_2,img_r17byphk,68,381.0,1137.8713910761155,3701.3464566929133,32.33643945134801,18.081805106636892,1.4493540023355593,False,22.025082668269306,1.7883413332156188
Batch_2,img_r17byphk,69,4574.0,1170.727372103192,1833.0010931351114,133.8475501061372,46.57143051854872,1.5303958778553968,False,76.31381053006483,2.8740270293571433
Batch_2,img_r17byphk,70,2111.0,1168.4940786357176,1677.2070108953103,96.09938002141466,30.55469062997754,1.3638845380437459,False,51.844080461861104,3.145159647832615
Batch_2,img_r17byphk,71,262.0,1256.9847328244275,4785.015267175572,27.903180820877303,13.086926175556798,-1.2251699908428961,False,18.26441241104166,2.1321416844998846
Batch_2,img_r17byphk,72,1452.0,1277.7438016528927,5871.509641873278,88.74446894043382,22.7523751253119,-1.414574026445585,False,42.997021047456954,3.900448566431469
Batch_2,img_r17byphk,73,3172.0,1316.87421185372,2886.936002522068,87.91120817970561,48.496142264632674,0.8064333255933782,False,63.55089170027385,1.8127464180551451
Batch_2,img_r17byphk,74,1382.0,1303.4500723589001,1373.7373371924746,45.49687665446287,42.47323681889475,1.222673388191798,False,41.9477895820983,1.0711892961786944
Batch_2,img_r17byphk,75,35902.0,1410.1338365550666,5989.4765751211635,240.4142172164472,200.26548022645505,-1.413588367461303,False,213.80328841035586,1.2004775707954911
Batch_2,img_r17byphk,76,162.0,1330.179012345679,2142.7345679012346,24.376556966350716,9.317196103418496,1.295785501318881,False,14.361922094451577,2.6162975100853476
Batch_2,img_r17byphk,77,2919.0,1373.7046933881466,3221.181911613566,80.10220948373916,47.690819357749135,0.8991035721405553,False,60.96381083136077,1.6796148726835325
Batch_2,img_r17byphk,78,133.0,1352.654135338346,496.9172932330827,17.851488561529397,10.071558474627905,-1.1840475574688885,False,13.013103375051497,1.7724653643724113
Batch_2,img_r17byphk,79,567.0,1409.5661375661375,3300.8712522045857,51.88142889761848,18.18142302911714,-0.9506569032759009,False,26.86869594648831,2.8535406065043167
Batch_2,img_r17byphk,80,312.0,1412.8557692307693,3456.772435897436,25.34784155714788,18.037493241863427,1.1942674730148408,False,19.931149940667517,1.4052862677346862
Batch_2,img_r17byphk,81,3923.0,1479.3586540912568,2031.6658169768034,132.9827123279622,39.01541222590701,0.14052112098373243,False,70.67473900904088,3.40846616096136
Batch_2,img_r17byphk,82,12098.0,1503.8575797652504,3652.1594478426186,233.75423477956895,72.99649265029944,0.9043824698782514,False,124.11144996415922,3.202266660939497
Batch_2,img_r17byphk,83,37.0,1423.0,3280.0,9.045112531421744,5.127772167523188,1.412384083860787,False,6.863662517577698,1.763945868872467
Batch_2,img_r17byphk,84,144.0,1466.4652777777778,390.6111111111111,18.114459856449056,11.089763588768461,1.2345689263249973,False,13.540550005146152,1.633439677180774
Batch_2,img_r17byphk,85,1272.0,1504.5911949685535,1304.992924528302,59.987205957682306,27.893868908845263,-0.6007652291721929,False,40.2437659880773,2.150551655409125
Batch_2,img_r17byphk,86,2074.0,1528.9112825458053,3167.3837994214077,74.58002308051267,37.94739388068875,-1.1887959397471224,False,51.38773020654568,1.965352965081117
Batch_2,img_r17byphk,87,7437.0,1559.9966384294742,6307.018421406481,114.97480627475879,94.97844222551285,0.5963255007207304,False,97.309210736679,1.2105358182414427
Batch_2,img_r17byphk,88,6446.0,1583.5546075085324,6838.563450201676,117.89797640990437,80.17883182146912,0.7298866391462524,False,90.59416154125418,1.470437691988615
Batch_2,img_r17byphk,89,99.0,1560.8383838383838,1673.6161616161617,13.55747494398887,9.33795608809768,-0.8205582804456325,False,11.227230955528665,1.4518674982065358
Batch_2,img_r17byphk,90,1978.0,1595.6511627906978,1139.339231547017,67.86411074206309,39.716192479133966,-1.24371192566091,False,50.18433838844697,1.7087265043777153
Batch_2,img_r17byphk,91,138.0,1615.644927536232,406.40579710144925,22.794740356362993,8.009597075653026,-1.0506673588049609,False,13.255453865237978,2.845928470690834
Batch_2,img_r17byphk,92,27033.0,1701.7871120482373,1364.0564125328303,297.27744824471847,121.64011444104513,1.2402646034324711,False,185.52488946991897,2.4439096396016535
Batch_2,img_r17byphk,93,38559.0,1730.2362613138307,2009.6939754661687,362.1506026856466,146.05038997741332,-1.476010675130464,False,221.57356251467172,2.4796277691668824
Batch_2,img_r17byphk,94,24865.0,1766.4038206314096,3676.4235672632212,325.43421819155526,101.31692585246925,-0.9073237574933802,False,177.93004602888132,3.2120419708097954
Batch_2,img_r17byphk,95,147.0,1667.3809523809523,6625.442176870748,23.170810269076515,8.269481137567453,0.9006718314679464,False,13.680870333281758,2.801966638972518
Batch_2,img_r17byphk,96,1971.0,1691.146118721461,1549.5870116692035,87.11240701015596,29.500093189260827,1.095019630305513,False,50.09546030004122,2.952953621240364
Batch_2,img_r17byphk,97,2737.0,1698.8754110339787,4742.65363536719,63.63636339086428,57.76779283132172,-0.9854788175381721,False,59.032674290939426,1.1015889697686463
Batch_2,img_r17byphk,98,193.0,1681.3730569948186,987.4663212435233,22.320887522749576,12.5483285283867,0.8851839208315702,False,15.67594437773643,1.778793683338422
Batch_2,img_r17byphk,99,169.0,1744.1420118343194,4750.360946745562,20.197771844035532,10.776271201551033,-1.3842829567875428,False,14.668929172241665,1.8742820653148056
Batch_2,img_r17byphk,100,1731.0,1787.1640670132872,2266.9145002888504,91.1353641408382,29.469367509146853,0.15523645139336523,False,46.946540361740894,3.092545644644431
Batch_2,img_r17byphk,101,861.0,1783.7015098722416,1094.2950058072008,47.46567524416368,27.223107839446104,0.8221006938173233,False,33.109805919349256,1.7435803261002487
Batch_2,img_r17byphk,102,364.0,1840.565934065934,6546.18956043956,36.10491908729457,15.236206177090468,-1.279370615010559,False,21.528102431092233,2.369679083339185
Batch_2,img_r17byphk,103,9895.0,1888.2948964123295,574.800707427994,154.22607427416622,88.64983806712478,1.520834212698981,False,112.24395438131373,1.739722007809961
Batch_2,img_r17byphk,104,457.0,1909.312910284464,6989.144420131291,43.07322578413296,16.379136499700046,-0.18646167203450484,True,24.121991458915023,2.6297616962238375
Batch_2,img_r17byphk,105,5264.0,1925.1829407294833,2096.038753799392,100.39053798500068,71.162969431776,1.099072585242276,False,81.86777732103087,1.4107131670671103
Batch_2,img_r17byphk,106,258.0,1910.9883720930231,199.46124031007753,26.061165458888258,12.822533351590748,-0.9457821677528483,False,18.12445316531431,2.0324505886861384
Batch_2,img_r17byphk,107,2098.0,1927.0714966634891,5214.882745471878,61.33423238274382,49.31213080078218,0.7168724420793356,False,51.68420034066863,1.2437960271992738
Batch_2,img_r17byphk,108,1482.0,1945.4102564102564,4931.268556005398,63.54759048247592,37.10473022411336,0.8023257669679386,False,43.4389342099632,1.7126546965480445
Batch_2,img_r17byphk,109,702.0,1951.8119658119658,1459.9729344729344,52.86116278936387,18.075903070015794,0.5402376012228858,False,29.896724911001275,2.924399549201482
Batch_2,img_r17byphk,110,10875.0,2047.8544367816091,536.0615172413793,247.14411971944574,68.22930549955163,-1.5306328784263727,True,117.67106717028997,3.622257590194434
Batch_2,img_r17byphk,111,283.0,2011.6678445229682,436.321554770318,34.28743334385373,12.663838821252025,-0.09835212098539728,False,18.982275710779543,2.7075070859488295
Batch_2,img_r17byphk,112,842.0,2019.1543942992873,707.1520190023753,33.974536395650915,32.07030806354062,-1.4546563087969013,False,32.74244487919323,1.0593766772784803
Batch_2,img_r17byphk,113,83.0,2019.2530120481927,448.7710843373494,11.444460548267543,9.865612896507923,0.5504254748672719,False,10.280023453913834,1.1600354350329798
Batch_2,img_r17byphk,114,1445.0,2036.892733564014,6965.60830449827,64.74634930085372,30.246886072918176,1.319140675649656,True,42.89325287434272,2.1405955358434388
Batch_2,img_r17byphk,115,4587.0,2055.514715500327,5753.505123174188,133.82925455961004,44.74159646435951,1.5165133445961503,True,76.42218128070012,2.991159572641008
Batch_2,img_rxax5ozo,1,22425.0,73.62229654403568,2285.495117056856,240.23034439964053,130.7794330799321,-0.9353731279809853,True,168.9745448009434,1.836912263205884
Batch_2,img_rxax5ozo,2,192.0,6.166666666666667,2409.328125,17.450475087217967,14.693439075630794,-0.7513610447632352,True,15.635280380893438,1.1876372166785476
Batch_2,img_rxax5ozo,3,3231.0,14.355307954193748,3925.600433302383,117.4918144900522,37.40979627570706,1.5686060203143537,True,64.13919994074848,3.140669722554686
Batch_2,img_rxax5ozo,4,2026.0,10.787759131293189,4115.947680157947,125.47848804009166,26.61731099653902,1.4121948568079683,True,50.78959851813597,4.7141684618858495
Batch_2,img_rxax5ozo,5,4440.0,28.7,4237.475450450451,138.01172033360243,47.48006791396604,-1.0561171518020436,True,75.18765575960008,2.9067296319727234
Batch_2,img_rxax5ozo,6,12951.0,60.2825264458343,6188.3769593081615,140.868316504586,125.41192023385368,-0.9306846647697014,True,128.41232551381154,1.123245033182739
Batch_2,img_rxax5ozo,7,1407.0,30.986496090973702,38.83155650319829,83.37656658795689,23.02421388004748,-1.1696820583464684,True,42.32550105364819,3.621255736345034
Batch_2,img_rxax5ozo,8,5133.0,132.04500292226768,4332.261640366258,97.72313132412391,72.91069983133202,-0.17897999708312753,False,80.84267798091297,1.3403126228412527
Batch_2,img_rxax5ozo,9,22502.0,176.06523864545375,4833.667007377122,187.2300233692102,158.6646293452989,-0.7886971448691379,False,169.26439742494767,1.1800363076621505
Batch_2,img_rxax5ozo,10,145.0,93.78620689655172,6871.820689655173,23.502946701710822,8.736381514831402,-0.9819913880256745,False,13.58748446131949,2.690238133695377
Batch_2,img_rxax5ozo,11,9955.0,155.38282270215973,589.8275238573581,145.35774533939772,105.283533747769,0.3893396646386123,False,112.58374513151774,1.3806313310838876
Batch_2,img_rxax5ozo,12,881.0,114.2360953461975,6921.741203178207,43.46710449319156,27.937792142457592,0.23067173464550714,False,33.49214891450948,1.5558532425020724
Batch_2,img_rxax5ozo,13,171.0,101.54970760233918,779.1754385964912,21.81701499340761,10.41818101236819,0.9018539913451966,False,14.755472278097805,2.0941290007830564
Batch_2,img_rxax5ozo,14,474.0,110.98523206751055,6877.506329113924,28.266338121319205,22.772713863510916,-0.5766276753396287,False,24.566553364370574,1.2412371354039982
Batch_2,img_rxax5ozo,15,5167.0,177.73117863363655,4681.0354170698665,95.52977045472878,73.56303613006183,-0.6935474508358829,False,81.10997921123261,1.2986110345667223
Batch_2,img_rxax5ozo,16,2154.0,177.53899721448468,1843.7660167130919,70.6388908795578,44.59897441584039,0.030824601641675334,False,52.36943745506095,1.5838680553709934
Batch_2,img_rxax5ozo,17,70.0,142.4142857142857,6933.528571428571,11.746380549961337,7.86714253910478,-1.5457656936760946,False,9.440697438826296,1.4930936476076593
Batch_2,img_rxax5ozo,18,4366.0,208.67155290884105,3152.6394869445717,124.80860904080656,50.01834352555936,0.05598759003589362,False,74.55845929412517,2.4952567446986604
Batch_2,img_rxax5ozo,19,106.0,169.49056603773585,2650.2735849056603,16.881130009164412,8.383392904927032,-0.720737771995978,False,11.617374563210365,2.013639370193797
Batch_2,img_rxax5ozo,20,965.0,182.0041450777202,4515.814507772021,54.86209648893878,24.250240977449575,0.6901930894810014,False,35.0524772401243,2.262332013110935
Batch_2,img_rxax5ozo,21,55139.0,361.502892689385,1899.2553909211267,281.3040980341467,253.74343912081972,1.4216268621068193,False,264.96255444336305,1.1086162424881614
Batch_2,img_rxax5ozo,22,2671.0,254.43766379633095,6842.230625233995,101.00424996002953,42.380003540151186,0.8743012667861346,False,58.316574179109836,2.383299705587264
Batch_2,img_rxax5ozo,23,716.0,252.3072625698324,5524.987430167598,45.02446957683511,22.565094461697367,0.4565556998784564,False,30.19336870954244,1.9953149167295057
Batch_2,img_rxax5ozo,24,106.0,250.25471698113208,4292.641509433963,17.244703784505145,8.263205718313229,0.757136221811799,False,11.617374563210365,2.0869265963313466
Batch_2,img_rxax5ozo,25,14156.0,391.29598756710936,1551.6580248657813,239.3530955980527,80.03364944352221,-0.7922751750547906,False,134.25341334681576,2.990655771194819
Batch_2,img_rxax5ozo,26,9730.0,379.7919835560123,4510.128571428571,186.48086975930525,75.42702226378259,-1.1471138050075753,False,111.30418127938022,2.4723350354087468
Batch_2,img_rxax5ozo,27,6181.0,399.6295097880602,2419.870085746643,94.81120973234165,84.72509692158988,0.7046227746896464,False,88.71242092293525,1.11904516108239
Batch_2,img_rxax5ozo,28,1960.0,400.7658163265306,5649.6377551020405,94.12510718129475,27.776539812534953,0.3445926029875094,False,49.955475252277594,3.388654879857214
Batch_2,img_rxax5ozo,29,969.0,455.28482972136226,5477.881320949433,59.85343889754328,25.66999294690018,0.023016728297494057,False,35.1250497344612,2.3316499938801494
Batch_2,img_rxax5ozo,30,10886.0,497.1500091861106,3691.534907220283,184.05178747252046,88.20902806183545,1.4927374653408572,False,117.7305639330203,2.0865413837628752
Batch_2,img_rxax5ozo,31,965.0,473.7564766839378,5214.3430051813475,58.74343507308029,25.532227394061135,-0.5108487011233414,False,35.0524772401243,2.300756380022848
Batch_2,img_rxax5ozo,32,136.0,459.19117647058823,2030.8308823529412,20.659394869296502,9.382396763749094,-1.4402740691779818,False,13.159049284959082,2.201931488243869
Batch_2,img_rxax5ozo,33,44298.0,616.8174409679896,1542.166531220371,360.10137926987187,169.80712739257638,-0.920737146502543,False,237.4909795185456,2.1206493790885173
Batch_2,img_rxax5ozo,34,37309.0,649.9741885335978,1309.7041732557827,307.8155048097811,165.7877338471565,-0.2910664596162858,False,217.95250440067025,1.856684434166663
Batch_2,img_rxax5ozo,35,911.0,520.9571899012075,3255.589462129528,75.53261257957335,19.01336088957717,1.2844909581541277,False,34.05761625912379,3.9726071060366372
Batch_2,img_rxax5ozo,36,82.0,526.5487804878048,3599.121951219512,12.688454159679702,8.450445650501472,0.33210220260361034,False,10.217907939900583,1.5015130188934753
Batch_2,img_rxax5ozo,37,346.0,544.5202312138729,5596.774566473989,29.174030147010154,15.721885352525108,0.7377798934174533,False,20.98906578384008,1.8556317828843907
Batch_2,img_rxax5ozo,38,119.0,549.3781512605042,3684.8991596638657,18.085687433100563,8.44179829028519,0.22018339036654114,False,12.309163489997376,2.142397485842981
Batch_2,img_rxax5ozo,39,30209.0,632.4507266046543,4476.158826839684,276.88287481853996,154.09039206647046,-1.3344467944252816,False,196.1206093374802,1.796886042700833
Batch_2,img_rxax5ozo,40,171.0,556.046783625731,3657.216374269006,16.223533960365497,14.069625502973205,-0.04412579624328083,False,14.755472278097805,1.153089252939755
Batch_2,img_rxax5ozo,41,3156.0,578.7078580481623,134.106463878327,78.67902356493913,53.033537586633486,-1.3319508148457972,False,63.390409394356915,1.4835710975609009
Batch_2,img_rxax5ozo,42,183.0,570.7158469945355,5587.256830601093,26.344597627748737,9.322845277561314,-0.8644796851703427,False,15.26443044094783,2.825810881057548
Batch_2,img_rxax5ozo,43,1501.0,601.9780146568954,3484.4830113257826,75.77000105931793,30.60810263703203,0.5389844131576573,False,43.71650210901461,2.475488335812282
Batch_2,img_rxax5ozo,44,191.0,592.3350785340314,3611.4659685863876,22.516838959074274,12.29881135505887,-1.334427689155642,False,15.594510349620345,1.8308142396063685
Batch_2,img_rxax5ozo,45,14714.0,687.7875492728014,4255.055797199946,163.6411146181834,123.75699873026848,1.3478101137683975,False,136.87383483059568,1.3222776594222632
Batch_2,img_rxax5ozo,46,3456.0,665.1984953703703,1880.3663194444443,151.14937746759117,30.846773425851865,1.264398266390549,False,66.33487669849642,4.900006084296547
Batch_2,img_rxax5ozo,47,286.0,685.3986013986014,1815.7832167832169,27.9369029954585,13.509298156430704,1.3735838542765395,False,19.08262324195121,2.067975898670943
Batch_2,img_rxax5ozo,48,317.0,726.8201892744479,2904.006309148265,45.08860994988485,10.446843041029334,1.5599507544835076,False,20.090219901261573,4.316003387128734
Batch_2,img_rxax5ozo,49,5198.0,769.4343978453252,2777.198345517507,128.69352617804438,52.85042284237745,-1.2216126128406921,False,81.35292959404336,2.4350519684934873
Batch_2,img_rxax5ozo,50,23690.0,888.8780920219502,1858.9316167159138,245.7624528249321,137.96387655486078,-0.6419443624802131,False,173.67511282499862,1.7813536337332885
Batch_2,img_rxax5ozo,51,356.0,795.7640449438202,4608.578651685393,37.72918868905869,14.158473331249132,0.2744320408572459,False,21.290215544369623,2.6647780312434315
Batch_2,img_rxax5ozo,52,1277.0,801.5074393108849,2971.7533281127644,87.07595548671495,20.00607030747771,1.3393824124920009,False,40.3227838650409,4.352476730733491
Batch_2,img_rxax5ozo,53,5819.0,836.5841209829867,5761.829352122358,125.81774065332357,62.053892741100945,1.1793602646234906,False,86.07543732571976,2.027555969425736
Batch_2,img_rxax5ozo,54,3170.0,848.7946372239747,4341.216088328076,120.06241367394247,43.764194421947316,0.8449411428830675,False,63.53085358162966,2.743393663696283
Batch_2,img_rxax5ozo,55,673.0,814.3402674591382,6977.537890044577,48.87985943928975,19.675179433977593,1.3059999553026207,True,29.2726871606753,2.4843412281606856
Batch_2,img_rxax5ozo,56,9814.0,888.6543713062971,507.25453433869984,151.39234762348497,91.92600160007105,-0.5864038402285152,False,111.78359849294031,1.6468936425857552
Batch_2,img_rxax5ozo,57,119.0,815.8487394957983,2704.915966386555,17.9120811079114,8.755654255839126,-1.3350117911257229,False,12.309163489997376,2.045773003880992
Batch_2,img_rxax5ozo,58,88.0,841.7386363636364,2111.6704545454545,11.251290596641097,10.019783591261875,1.073317944917471,False,10.585134856802455,1.1229075452740518
Batch_2,img_rxax5ozo,59,368.0,853.4184782608696,2818.353260869565,26.406350205808373,17.924767680710616,-0.9212286436107291,False,21.646065519224038,1.4731767058953318
Batch_2,img_rxax5ozo,60,1185.0,882.2345991561182,5697.115611814346,44.521355118567364,36.508713183093036,-0.24372432113670633,False,38.8431314457417,1.2194720448044971
Batch_2,img_rxax5ozo,61,1162.0,883.0068846815835,4464.161790017211,52.98132207668425,29.06972220133725,-1.1482670736217728,False,38.46432569254606,1.8225603158411687
Batch_2,img_rxax5ozo,62,3542.0,917.9833427442123,6851.620835686053,85.51969919759095,61.47016479596896,-0.7746070726273406,False,67.15515220332648,1.3912391398566593
Batch_2,img_rxax5ozo,63,1994.0,905.2963891675025,2344.077231695085,72.06911275026363,35.873739092332116,1.0936015331836189,False,50.38689960894512,2.008965738552415
Batch_2,img_rxax5ozo,64,1384.0,904.6893063583815,5640.890173410405,49.474902509932264,36.732740583767786,1.4383753588364978,False,41.97813156768016,1.3468884086420507
Batch_2,img_rxax5ozo,65,1487.0,964.4525891055818,790.4156018829859,71.8840926709731,27.6816380370894,-1.4473959501008247,False,43.51215006203655,2.5968149924747514
Batch_2,img_rxax5ozo,66,385.0,975.3012987012987,2279.1012987012987,41.26061840136666,14.42533002512011,0.13337662819907967,False,22.140398025397776,2.860289388840039
Batch_2,img_rxax5ozo,67,535.0,1022.7831775700935,2093.8,50.738514973634814,14.959686334401571,0.23362735585682562,False,26.099485750361293,3.3916830767337407
Batch_2,img_rxax5ozo,68,289.0,1012.2595155709342,2245.4048442906574,35.7904468631472,11.135902186085508,-0.13804975497026936,False,19.182445840623714,3.2139692200123626
Batch_2,img_rxax5ozo,69,1077.0,1033.9108635097493,2215.238625812442,48.57895176205334,29.88144140460928,1.4449334778953031,False,37.03078435139837,1.6257231739349738
Batch_2,img_rxax5ozo,70,1092.0,1059.169413919414,184.90384615384616,55.651980473451495,26.867892042449714,-1.5314295638950348,False,37.28776720119881,2.071319193389812
Batch_2,img_rxax5ozo,71,18294.0,1150.9506395539522,992.7049305783316,197.72152407635528,132.91578271678193,-0.4542086632937067,False,152.61927870156202,1.487569948691962
Batch_2,img_rxax5ozo,72,418.0,1075.5956937799042,18.906698564593302,48.30042899011613,12.127235521448437,1.0141164846817752,True,23.06976657227589,3.9828062137237428
Batch_2,img_rxax5ozo,73,3083.0,1142.863444696724,6059.927343496594,75.48014661195452,58.08579728148213,0.37636940995679985,False,62.65299287678528,1.2994595950225125
Batch_2,img_rxax5ozo,74,2362.0,1148.0376799322607,1486.6816257408975,83.5193098040869,39.083116963045114,-0.4099297130522577,False,54.83969187244267,2.1369664523701695
Batch_2,img_rxax5ozo,75,165.0,1146.5333333333333,4174.921212121212,20.113311872732577,10.547066775077557,-0.3991330892475283,False,14.494292838262302,1.9070052652231053
Batch_2,img_rxax5ozo,76,13763.0,1188.7667659667225,1619.2782096926542,204.61695017612774,103.67330558049048,1.4979833337118458,False,132.37671945697267,1.9736705512612989
Batch_2,img_rxax5ozo,77,16291.0,1214.9100730464675,6404.196427475293,200.5254882702369,110.88352068361164,1.2506342772713797,False,144.02203103442383,1.808433634087109
Batch_2,img_rxax5ozo,78,5322.0,1205.3509958662157,3863.5358887636226,116.83741678061992,65.34172561581175,0.9052618857459505,False,82.31756104914999,1.788098120756501
Batch_2,img_rxax5ozo,79,81.0,1201.2469135802469,6492.802469135802,17.321863080091298,6.043686193541752,-0.13432319452631045,False,10.155412503859614,2.866108948310609
Batch_2,img_rxax5ozo,80,6584.0,1295.6869684082624,3851.092041312272,132.6590543846796,76.68848311517645,-1.530981045535146,False,91.55877436126103,1.729843243677703
Batch_2,img_rxax5ozo,81,43.0,1292.6744186046512,3884.6744186046512,11.408907109122895,4.995634358364143,1.099137163027543,False,7.399277020331919,2.2837754508636268
Batch_2,img_rxax5ozo,82,6717.0,1349.7122227184755,4059.980348369808,116.44423752725415,74.74401717921796,-0.6592560008030449,False,92.47891663501518,1.5579071331963494
Batch_2,img_rxax5ozo,83,1027.0,1353.5832521908471,3946.9493670886077,53.49591665761504,30.66097449637393,-0.2704279736858548,False,36.16098743733379,1.7447559164807904
Batch_2,img_rxax5ozo,84,1436.0,1364.8690807799444,3984.8683844011143,73.27076350649679,27.24228083669744,-0.03199423493230423,False,42.75946662716566,2.689597245756143
Batch_2,img_rxax5ozo,85,2637.0,1414.926431551005,5795.274554417899,107.21848321772244,37.34396847809382,0.8911394343068628,False,57.94422041469386,2.8711057658646375
Batch_2,img_rxax5ozo,86,2094.0,1447.7765042979943,1015.779847182426,96.26427415951613,33.148802547336416,-0.981717391840374,False,51.63490686227129,2.904004572172734
Batch_2,img_rxax5ozo,87,38518.0,1546.1817332156395,2507.8752271665194,307.8994607673348,177.23109997184528,0.19648706807254926,False,221.45573098050318,1.737276701528385
Batch_2,img_rxax5ozo,88,149.0,1423.7382550335572,4045.3355704697988,15.3278216078733,12.547317046281306,-1.4902122859049722,False,13.773623058786647,1.2216015225674133
Batch_2,img_rxax5ozo,89,455.0,1440.4505494505495,4033.769230769231,40.174278235742115,14.518268752360274,1.4953712261029664,False,24.069150231250354,2.7671535030105345
Batch_2,img_rxax5ozo,90,11148.0,1590.9311984212416,2982.038571941155,137.15473489038652,124.41084899507102,-0.30229732647055924,False,119.13888720609906,1.1024338793461685
Batch_2,img_rxax5ozo,91,3638.0,1635.2473886750963,2783.034084661902,128.4456690007501,38.55912040181649,-0.465417069797311,False,68.05913211132304,3.3311358677854876
Batch_2,img_rxax5ozo,92,259.0,1598.2741312741314,5523.602316602317,32.56999711968401,11.362198405979514,1.2307524557444491,False,18.159544104586082,2.866522477071303
Batch_2,img_rxax5ozo,93,634.0,1605.9526813880127,2848.230283911672,37.80365080707845,26.970827526572446,1.145827600883094,False,28.41186145542198,1.401649644225161
Batch_2,img_rxax5ozo,94,169.0,1611.7810650887575,5544.656804733728,17.865429303956844,12.104958388721533,-0.38117985400746557,False,14.668929172241665,1.4758769696063123
Batch_2,img_rxax5ozo,95,335.0,1630.2805970149254,2889.6597014925374,36.12072107080713,12.538252304572984,0.8911893396552508,False,20.65272978291924,2.880841778692959
Batch_2,img_rxax5ozo,96,647.0,1642.0741885625966,3323.210200927357,49.26066870556048,17.78711060826764,-0.730366519089903,False,28.701672171559103,2.7694587271899906
Batch_2,img_rxax5ozo,97,476.0,1641.5189075630253,3042.779411764706,48.853599550434225,15.50831811875804,-0.2714643569432766,False,24.61832697999475,3.1501545929305834
Batch_2,img_rxax5ozo,98,2398.0,1674.1276063386156,2867.8619683069223,90.47638485479504,38.16605468251686,-1.5126860299902327,False,55.256026171585304,2.3705983132765502
Batch_2,img_rxax5ozo,99,18180.0,1762.5071507150715,2666.7224422442246,189.22564960169748,126.69138664685212,-0.33937691939693804,False,152.14300813144604,1.4935952207166021
Batch_2,img_rxax5ozo,100,23608.0,1787.2569044391732,1765.4161301253812,205.9632974409706,160.2557269532731,0.5286207843853689,False,173.3742748279217,1.2852164559524588
Batch_2,img_rxax5ozo,101,31946.0,1776.110092030301,3309.8617354285357,303.94437228344265,138.59596478332722,1.3026805731752515,False,201.68021840554792,2.193024686964093
Batch_2,img_rxax5ozo,102,28536.0,1925.5394939725259,5109.049411269974,246.80097804534776,155.27443310792677,-0.563792917566482,False,190.61260097003714,1.5894501954085611
Batch_2,img_rxax5ozo,103,22661.0,1963.0582498565818,5319.802833061207,275.9156727145822,125.03355231579752,0.1788626755365731,True,169.86135912338486,2.2067330536822736
Batch_2,img_rxax5ozo,104,4747.0,1883.685064251106,5525.034548135664,132.88287111922895,47.21287513156827,0.5606391811468481,False,77.74360500296997,2.8145473189023935
Batch_2,img_rxax5ozo,105,4794.0,1896.69774718398,4732.059240717564,105.66523284824665,61.27410145667496,1.2908571415680576,False,78.12752637489793,1.7244680923303182
Batch_2,img_rxax5ozo,106,4333.0,1903.8024463420263,5863.241633971844,143.46189784419818,39.253652249470946,1.0759418640025975,False,74.27615328850479,3.654740122841225
Batch_2,img_rxax5ozo,107,2763.0,1920.9558450959103,3457.506333695259,84.76487846553914,47.15930152631276,-0.45054370920557973,False,59.31240057612957,1.7974159014684339
Batch_2,img_rxax5ozo,108,17301.0,1987.4262181376798,3848.700306340674,193.12858087192242,120.89242566715352,0.4777574175920916,True,148.419396857227,1.5975242436085513
Batch_2,img_rxax5ozo,109,9581.0,1999.5570399749504,5455.851894374282,175.4803210320779,83.54904192859549,0.706651940181528,True,110.44866716311064,2.1003271489582223
Batch_2,img_rxax5ozo,110,890.0,1984.6842696629215,200.5191011235955,63.35925734514974,20.002564263033676,-0.3197553480550456,False,33.66278649806482,3.167556744824096
Batch_2,img_rxax5ozo,111,94.0,1991.5425531914893,5222.702127659574,16.136126178829628,7.7765471127339385,-0.49638270187978695,False,10.940041919714261,2.0749731140195946
Batch_2,img_rxax5ozo,112,8814.0,2045.0346040390289,2676.4393011118673,259.8999580033183,51.19995973457667,-1.5660699792795498,True,105.93551504238663,5.076175046829208
Batch_2,img_rxax5ozo,113,89.0,2032.3483146067415,2483.9775280898875,13.465637624981026,8.663973290134415,-0.5051171902883569,False,10.645107772184812,1.5542104267927768
Batch_2,img_rxax5ozo,114,138.0,2041.1304347826087,6542.68115942029,21.27100274316564,8.900050501373508,-1.1420209774011782,False,13.255453865237978,2.3899867466912657
Batch_2,img_rxax5ozo,115,970.0,2052.001030927835,4041.49381443299,59.47697835976619,22.686336401147923,1.315765763536312,True,35.1431694414876,2.6217092662328976
Batch_2,img_rxax5ozo,116,215.0,2052.4511627906977,235.68837209302325,31.610876281187945,9.941109827770381,-0.6468004956297744,True,16.545286401814263,3.179813605205659
Batch_3,img_0grcilhi,1,7815.0,27.422776711452336,1643.7183621241202,154.51293037311888,79.87441710447105,1.5546635790804253,True,99.75152651516315,1.9344482998983896
Batch_3,img_0grcilhi,2,314.0,7.525477707006369,1758.0828025477706,24.205763255596914,17.044689752547225,-1.199585133115326,True,19.994929783493642,1.4201351627406131
Batch_3,img_0grcilhi,3,45597.0,61.80123692348181,2286.677434918964,435.9705885464777,139.1415844164963,1.4573899968553998,True,240.94792699106006,3.1332875098035036
Batch_3,img_0grcilhi,4,4547.0,83.10996261271168,6417.5399164284145,101.17579098703816,66.10087176221623,1.3686840519046373,False,76.08823962946433,1.5306271806973508
Batch_3,img_0grcilhi,5,387.0,66.46770025839793,21.96124031007752,41.175479950971344,14.120617358866573,-0.20361797549673358,False,22.197831060995757,2.9159829846332155
Batch_3,img_0grcilhi,6,201.0,92.13930348258707,5.557213930348259,23.559840597672597,11.365212872280164,-0.3574288789730817,True,15.99753570059363,2.072978382581396
Batch_3,img_0grcilhi,7,49161.0,290.30798803929946,6810.251968023434,463.628916866604,143.96790454874179,0.6506391051694099,False,250.18738828870917,3.220363026883105
Batch_3,img_0grcilhi,8,1652.0,128.75,23.807506053268764,53.556785188747995,39.60134795078729,-0.8616632084175994,True,45.86274880447626,1.3523980359280487
Batch_3,img_0grcilhi,9,10091.0,195.857397681102,6241.304925180854,177.277689550518,74.81275474336134,-0.551939172942042,False,113.35016650152097,2.3696185250583772
Batch_3,img_0grcilhi,10,463.0,142.58747300215984,4925.419006479482,29.32557962845591,21.416749620286677,-0.8570505613230279,False,24.279825147895533,1.3692824610825967
Batch_3,img_0grcilhi,11,3432.0,188.13607226107226,6123.725524475524,87.88313309888026,56.24272770176893,1.4770049410989299,False,66.10414599350845,1.5625688278293834
Batch_3,img_0grcilhi,12,68.0,160.94117647058823,6063.632352941177,10.626752111519725,8.197992904192887,0.8422436810153109,False,9.304852983362556,1.2962626627896496
Batch_3,img_0grcilhi,13,1826.0,202.71631982475355,2725.1955093099673,91.87746180069267,32.0877388130763,-0.510638830408874,False,48.21758401959193,2.863319922164507
Batch_3,img_0grcilhi,14,40228.0,322.2828626827086,2528.1738341453715,319.41301572426136,176.35975635361447,-0.7545123238910592,False,226.3180956211989,1.811144573616979
Batch_3,img_0grcilhi,15,3174.0,201.24102079395084,2954.914933837429,98.87901787463913,44.32629991029179,1.1900203303378285,False,63.570923502725734,2.2307076853865975
Batch_3,img_0grcilhi,16,17548.0,394.0498632322772,3275.0034191930704,418.19913660189206,58.07261991656111,-0.20527342169970306,False,149.47510672688156,7.201313410739203
Batch_3,img_0grcilhi,17,127.0,204.88976377952756,6324.889763779527,16.33520044848722,10.119790353836581,-0.26202526137534504,False,12.716187407449045,1.6141836814133481
Batch_3,img_0grcilhi,18,4794.0,264.02857738840214,4790.621401752191,102.86630367671839,60.63543515980527,-0.5933833160512982,False,78.12752637489793,1.6964717644989808
Batch_3,img_0grcilhi,19,404.0,260.730198019802,6988.59405940594,32.56447057597435,16.324418378093682,-0.04276317545805385,True,22.680140565547774,1.9948319028427848
Batch_3,img_0grcilhi,20,1968.0,275.2535569105691,5438.147865853659,67.90994016957843,39.95240759724502,-1.2521543813546674,False,50.057321382978536,1.699770908781509
Batch_3,img_0grcilhi,21,6347.0,326.6273830155979,6956.473452024578,149.02695816351735,58.95603005302854,0.33607090373263604,False,89.89578071541554,2.5277644717507894
Batch_3,img_0grcilhi,22,415.0,344.66265060240966,2120.73734939759,29.850516651722838,18.08088498628799,-0.5064480804568706,False,22.98683125324351,1.6509433401274654
Batch_3,img_0grcilhi,23,368.0,433.95380434782606,1915.8885869565217,26.409987282789253,18.354523063879757,-0.23025450760446722,False,21.646065519224038,1.4388816964011453
Batch_3,img_0grcilhi,24,1037.0,464.1195756991321,756.7174541947927,47.18845225927643,29.01990155189893,-0.860750932832378,False,36.33661249883324,1.626072100034007
Batch_3,img_0grcilhi,25,34315.0,558.3093399388023,3553.8537374326097,297.859557678269,173.36510600802592,-1.2286264002663496,False,209.02443631687447,1.718105589624706
Batch_3,img_0grcilhi,26,6828.0,539.8687756297599,3160.042618629174,205.78111200827502,45.75825220929856,-0.3372806395273958,False,93.23990353626333,4.497136627225856
Batch_3,img_0grcilhi,27,15272.0,549.0266500785751,4328.971581980094,201.30123082277643,99.83973396730171,0.6825220556437056,False,139.44502259742154,2.0162436619543094
Batch_3,img_0grcilhi,28,2236.0,487.32513416815743,1019.378801431127,115.81674564236302,27.795774807175693,-0.962439307830068,False,53.356945396338276,4.166703265003573
Batch_3,img_0grcilhi,29,869.0,477.4959723820483,1910.8078250863061,39.583482294881996,29.452851553037192,0.8204889532061654,False,33.26327050028088,1.3439609480121841
Batch_3,img_0grcilhi,30,59662.0,630.8583352887936,1027.9900103918742,382.8216720258038,217.8991106978257,-1.2365859869457727,False,275.615706587976,1.7568757889823907
Batch_3,img_0grcilhi,31,679.0,552.2238586156112,2888.8085419734903,46.16639367917563,19.762666318287216,1.312077148075727,False,29.40288507740653,2.336040741448736
Batch_3,img_0grcilhi,32,5289.0,642.0102098695405,4515.785781811306,136.91291742062717,52.3106649541184,0.5035407297422283,False,82.06195191502744,2.6173040916362518
Batch_3,img_0grcilhi,33,6017.0,667.6283862389895,1236.7339205584178,116.38301480467713,75.0626876022852,-0.4116740987120847,False,87.5276090195058,1.5504775877640435
Batch_3,img_0grcilhi,34,1758.0,625.2104664391354,4806.377133105802,78.52642487229703,33.19661889647389,-1.172345556231407,False,47.311257853120075,2.3654946642966106
Batch_3,img_0grcilhi,35,9579.0,679.1586804468108,2190.5216619688904,204.98570626261233,63.27904973444229,-0.9850242521955975,False,110.4371386763444,3.239392928984523
Batch_3,img_0grcilhi,36,5883.0,681.2148563657997,5230.073941866394,117.84386256788012,89.42800463980326,-1.5215200564748423,False,86.547491250047,1.3177512239318077
Batch_3,img_0grcilhi,37,120.0,651.375,3429.55,18.368470531343533,9.304620196753376,-1.4424777511111253,False,12.360774464742066,1.974123622773208
Batch_3,img_0grcilhi,38,127.0,653.3464566929134,1728.267716535433,15.251443668597513,10.750362337021276,-1.1729907336065062,False,12.716187407449045,1.4186911278400132
Batch_3,img_0grcilhi,39,1147.0,659.8395815170009,1332.4856146469049,73.46885158469472,22.32060070505887,-1.5500528494473627,False,38.2152555638613,3.2915266284945153
Batch_3,img_0grcilhi,40,10923.0,729.6969696969697,4142.913393756294,173.74178523665196,91.58163843117867,-0.05467551970393683,False,117.93046912118251,1.8971246661765568
Batch_3,img_0grcilhi,41,92.0,662.3586956521739,165.17391304347825,12.332515662080464,9.617533943057506,0.38091108874344753,False,10.823032759612019,1.2822949973556153
Batch_3,img_0grcilhi,42,5012.0,772.6987230646448,233.231843575419,132.4712766057108,57.17791121382112,-0.030952910954873184,False,79.8841448487285,2.3168260923405275
Batch_3,img_0grcilhi,43,13569.0,833.7126538433193,3406.176063084973,263.20141837355465,74.45462245270593,-1.261298647765125,False,131.4404328298999,3.5350581294095194
Batch_3,img_0grcilhi,44,26551.0,868.8041128394411,1424.6179051636473,320.0137224286494,109.01034296298312,-1.2812257118353572,False,183.86349053649369,2.935627149960597
Batch_3,img_0grcilhi,45,511.0,875.4618395303327,4437.41095890411,49.39963395757044,13.850600123922456,0.4881451030018756,False,25.507359866510456,3.5666060326330884
Batch_3,img_0grcilhi,46,20130.0,1041.921609538003,956.423695976155,225.538266046129,125.31717223191883,0.7289490437424495,False,160.09469708743893,1.799739509193006
Batch_3,img_0grcilhi,47,17018.0,1045.6307439182042,1758.6205782113057,261.5378428378637,89.77155390001612,1.0169971485902183,False,147.200511453945,2.913371012037442
Batch_3,img_0grcilhi,48,7849.0,1039.1433303605554,2908.833227162696,111.31889687611819,105.74633236828404,1.2220824165269017,False,99.96828090262578,1.0526974731230063
Batch_3,img_0grcilhi,49,354.0,1035.9322033898304,4665.353107344633,30.489931615486665,18.442201069491386,0.9386908164878661,False,21.23032733700184,1.6532696667061955
Batch_3,img_0grcilhi,50,7633.0,1078.3507140049783,6005.119874230316,151.25734729818043,72.4969245872877,1.4002184651994496,False,98.58314990384258,2.086396742472347
Batch_3,img_0grcilhi,51,10797.0,1130.543299064555,850.6496248958044,133.6294605943624,119.88831576037428,-0.010656230609287201,False,117.24831497512257,1.1146162138223137
Batch_3,img_0grcilhi,52,1300.0,1077.3846153846155,2416.7323076923076,73.66989946438012,24.896620915828503,-1.064595738880883,False,40.68428945128219,2.9590320595492168
Batch_3,img_0grcilhi,53,7980.0,1111.7780701754386,699.1028822055138,157.64406470097248,78.33765988824335,-1.117175335265273,False,100.79906530809994,2.0123662734611654
Batch_3,img_0grcilhi,54,12428.0,1159.187399420663,5870.408593498551,150.21061574189244,109.84316595492454,-0.7341718695537995,False,125.7927703088242,1.367500785652274
Batch_3,img_0grcilhi,55,150.0,1104.1466666666668,2425.68,17.87151663300478,10.955043684309178,-1.2647729927652167,False,13.81976597885342,1.6313505585196353
Batch_3,img_0grcilhi,56,9822.0,1149.8111382610466,4279.860822643046,186.83988066455046,84.84876740469431,1.2927107658177317,False,111.82915008345887,2.2020341176366154
Batch_3,img_0grcilhi,57,1821.0,1132.111477210324,1186.5145524437123,60.78605023358099,39.45709898496142,-1.095739531150437,False,48.15152345422449,1.5405605530388544
Batch_3,img_0grcilhi,58,1314.0,1133.7222222222222,1124.9794520547946,57.377545921285964,31.02815451331832,-1.3567460969960266,False,40.90277205498429,1.8492091077043467
Batch_3,img_0grcilhi,59,289.0,1154.4359861591695,104.87889273356402,26.8183672261599,15.137347961766643,-0.7362744457124332,False,19.182445840623714,1.7716688084264658
Batch_3,img_0grcilhi,60,4291.0,1264.7720810999767,2949.6129107434163,108.30825919620543,54.576222963198056,0.46431658950393145,False,73.91529534851757,1.9845319686054503
Batch_3,img_0grcilhi,61,7130.0,1317.277840112202,35.01065918653576,121.85283858460654,77.75530888384259,0.24909856403109004,True,95.27957784311236,1.5671320754013152
Batch_3,img_0grcilhi,62,179.0,1289.1284916201118,91.8659217877095,22.761908705578946,10.68192377804686,-0.04273484255867934,False,15.09668435477122,2.1308810265392903
Batch_3,img_0grcilhi,63,1963.0,1330.4961793173713,1093.1711665817627,89.99948773803291,30.098601353129382,-0.2469895996010781,False,49.9936918652256,2.990155146484093
Batch_3,img_0grcilhi,64,623.0,1329.6356340288924,647.3338683788122,44.8338334408481,19.497140011043918,0.8320443386503572,False,28.16430784468183,2.2995082055856666
Batch_3,img_0grcilhi,65,700.0,1330.702857142857,190.88285714285715,55.1212928366315,17.351803955442612,-1.3400531365982222,False,29.854106607209232,3.1766894657279714
Batch_3,img_0grcilhi,66,367.0,1332.3324250681198,1271.3188010899182,25.672517068595077,19.263314935722736,-1.2257196260632939,False,21.616635097022034,1.3327154310801843
Batch_3,img_0grcilhi,67,7007.0,1426.6767518196089,589.1938061938062,170.32616493343784,62.33666566316251,-0.3616143466330532,False,94.45416608048205,2.7323592483081924
Batch_3,img_0grcilhi,68,267.0,1342.2397003745318,1051.247191011236,20.126134488342466,17.112772988427675,-1.123876581313486,False,18.437867513470433,1.176088440018023
Batch_3,img_0grcilhi,69,4515.0,1387.2527131782945,6918.287707641196,118.6540244786516,49.997169858586616,-0.8464801637834888,False,75.82002733103741,2.3732148202439447
Batch_3,img_0grcilhi,70,6495.0,1373.6312548113933,766.6622016936104,147.21025533624663,61.92924594488508,1.488620708016624,False,90.93784054536859,2.377071657989486
Batch_3,img_0grcilhi,71,2023.0,1384.550667325754,2482.1181413741965,71.04598851398558,38.37097399171052,-1.2668501373038425,False,50.751981232255694,1.8515555150967502
Batch_3,img_0grcilhi,72,148.0,1379.6756756756756,648.6148648648649,16.616299974294066,11.529241554010925,-0.9638113928950864,False,13.727325035155395,1.4412309687893907
Batch_3,img_0grcilhi,73,241.0,1389.1410788381743,6054.887966804979,24.42064606377201,13.842951052563851,-1.2411520790811013,False,17.517155313611116,1.7641213908106008
Batch_3,img_0grcilhi,74,21989.0,1512.7760243758244,1652.3797807994906,222.57353024552103,136.3907117117459,0.5703009667952333,False,167.3238307868353,1.6318818741551673
Batch_3,img_0grcilhi,75,369.0,1432.5420054200542,321.6260162601626,26.15938513637753,18.84929323217268,1.374175448615558,False,21.675455981530703,1.3878178250061763
Batch_3,img_0grcilhi,76,651.0,1441.689708141321,656.457757296467,49.26849353330577,18.798767391499567,-0.635930769576824,False,28.79025779013781,2.6208363828994456
Batch_3,img_0grcilhi,77,8148.0,1510.3802160039274,755.033382425135,111.36079064647032,97.1333527722632,-0.8817417545740457,False,101.85458168635374,1.1464732501055994
Batch_3,img_0grcilhi,78,196.0,1482.8469387755101,820.6632653061224,19.548784286812307,13.210340188078927,0.29989615808801645,False,15.797308339337176,1.4798093015388976
Batch_3,img_0grcilhi,79,2690.0,1713.4345724907064,4613.027137546468,102.99622072521196,38.93227495097825,-1.0336709904686803,False,58.52362237026676,2.645522791948329
Batch_3,img_0grcilhi,80,9992.0,1755.1714371497198,1053.4268414731785,139.64660345228657,95.81429509988531,0.9186643479993036,False,112.79277251222149,1.4574714901018326
Batch_3,img_0grcilhi,81,625.0,1836.2256,6134.8784,61.551549922532566,13.561378669367722,-1.0780495124828264,False,28.209479177387816,4.538738385173512
Batch_3,img_0grcilhi,82,720.0,1864.2694444444444,2809.3458333333333,52.868385535779325,18.753747338472415,-0.4132758282256881,False,30.277590264241923,2.8190838119761996
Batch_3,img_0grcilhi,83,6064.0,1876.019788918206,5370.211411609499,141.3830627186442,57.758184951788785,1.5368586867817795,True,87.86879195296831,2.447844627331308
Batch_3,img_0grcilhi,84,1538.0,1886.714564369311,5702.911573472042,68.09934717810323,31.98633540343646,-1.4134613959461468,True,44.25203294542162,2.1290137278678993
Batch_3,img_0grcilhi,85,151.0,1871.6158940397352,3011.41059602649,19.983577840370938,9.81665955646207,1.333307661479531,False,13.86575534383214,2.035680032034546
Batch_3,img_0grcilhi,86,652.0,1888.489263803681,4399.438650306748,45.51603431113949,22.720123588957364,-0.9786312969209593,True,28.812361638146328,2.0033356831413363
Batch_3,img_0grcilhi,87,211.0,1889.3222748815165,5774.417061611374,20.321705903837906,13.920067510257354,1.0204048122483682,False,16.39065416446578,1.4598855852432715
Batch_3,img_0grcilhi,88,215.0,1895.0093023255813,6865.572093023256,28.17875776627913,11.176950860760153,-1.3866963979496891,True,16.545286401814263,2.5211489356375925
Batch_3,img_71vgq3fw,1,126.0,2.6825396825396823,1752.436507936508,23.00909138062281,8.304710059780856,-1.4312264919012931,True,12.666024736934256,2.7706074281935824
Batch_3,img_71vgq3fw,2,12851.0,60.58812543770913,5698.444479028869,199.4448662316454,112.3312418011528,0.5520352200253145,True,127.91560260340243,1.7755066447560504
Batch_3,img_71vgq3fw,3,866.0,34.39491916859122,3527.430715935335,53.989924611182225,23.16709890979384,-1.227377838033696,False,33.20580439833751,2.330456861318881
Batch_3,img_71vgq3fw,4,3070.0,79.9729641693811,4116.971335504886,115.85755119701753,35.74075665494767,0.5642021619719028,False,62.520759770950875,3.241608797361013
Batch_3,img_71vgq3fw,5,3815.0,105.47732634338139,2094.1431192660552,123.94969091357606,41.17126301497631,0.4045327175652249,False,69.69511362473445,3.0105875272392923
Batch_3,img_71vgq3fw,6,668.0,88.43263473053892,1563.251497005988,34.95952645210715,26.712119126518008,0.9023965023062599,False,29.163744887841286,1.3087515178607325
Batch_3,img_71vgq3fw,7,3460.0,129.71300578034683,2805.505202312139,94.81666932954384,54.9918334169888,0.9016305658676826,False,66.373253836042,1.7241954566339632
Batch_3,img_71vgq3fw,8,9957.0,184.194636938837,1203.51632017676,173.84076816531396,86.06052850973836,0.7559721773601945,False,112.5950538297665,2.0199825770956386
Batch_3,img_71vgq3fw,9,162.0,109.25308641975309,3914.932098765432,19.5771818771478,12.469450211802407,-0.20102006187298008,False,14.361922094451577,1.5700116319978474
Batch_3,img_71vgq3fw,10,133.0,125.22556390977444,3440.5112781954886,17.513194382072207,11.705266998998093,0.6833166392999778,False,13.013103375051497,1.496180683752984
Batch_3,img_71vgq3fw,11,18580.0,240.36566200215285,2039.03073196986,245.5916711250703,105.84796499462031,0.1628218388131934,False,153.80764201163518,2.3202304469202826
Batch_3,img_71vgq3fw,12,341.0,144.733137829912,3891.923753665689,40.443503555658005,12.12712237061217,1.0080482663470927,False,20.83685880248485,3.3349629301725634
Batch_3,img_71vgq3fw,13,1734.0,176.87312572087657,1316.3835063437139,68.8087103213595,36.934880932445346,0.19869704533161117,False,46.987204328101626,1.862973660243065
Batch_3,img_71vgq3fw,14,295.0,165.69152542372882,343.1966101694915,35.1958194169137,13.10019070548225,0.42293228803984245,False,19.38054864282415,2.6866646607048805
Batch_3,img_71vgq3fw,15,13302.0,272.0001503533303,4112.1864381296045,242.5551218495674,88.67276732056102,-0.57142604694049,False,130.14081767096414,2.7353958738279376
Batch_3,img_71vgq3fw,16,102.0,174.57843137254903,1256.2450980392157,19.22437009508072,7.278175947322542,0.9989293919636997,False,11.396070970426017,2.6413719913095646
Batch_3,img_71vgq3fw,17,182.0,181.14285714285714,5789.395604395604,17.1436203692656,14.5757510202365,0.3532234936534973,False,15.222667215103916,1.1761740678380108
Batch_3,img_71vgq3fw,18,10312.0,253.050232738557,3937.7003491078353,187.58673857230295,82.39203580957945,-1.061576169564868,False,114.58466819478511,2.2767581445110117
Batch_3,img_71vgq3fw,19,610.0,194.46229508196723,23.452459016393444,52.42140713429321,15.477623761300089,-1.2202784921536212,True,27.868909599918855,3.38691571411411
Batch_3,img_71vgq3fw,20,2598.0,223.19515011547344,5832.152809853734,74.64926824152947,50.69418368131765,0.07861202131797938,False,57.51414032411467,1.4725410850049845
Batch_3,img_71vgq3fw,21,197.0,196.44162436548223,4278.598984771574,36.606976326771445,9.191820636844188,-1.4432069134866632,False,15.837556323903858,3.9825599054922
Batch_3,img_71vgq3fw,22,704.0,239.61079545454547,2824.9176136363635,67.97083478553164,13.955340100416521,-0.5493101730539949,False,29.93928254807644,4.870596796383553
Batch_3,img_71vgq3fw,23,2877.0,283.19742787626,6939.612791101842,87.67594807287857,51.60643015354109,0.023475627966343438,False,60.52363315435602,1.6989345671076705
Batch_3,img_71vgq3fw,24,18968.0,321.7189477013918,2168.766079713201,195.898215334281,148.14870641594732,-0.43634005041327956,False,155.40530133987247,1.3223079706431626
Batch_3,img_71vgq3fw,25,149.0,298.67785234899327,4047.288590604027,24.093271646826242,8.233857589548526,-0.8265021807982076,False,13.773623058786647,2.9261219768251188
Batch_3,img_71vgq3fw,26,1652.0,329.7984261501211,4988.352905569007,75.21731634669706,30.396781866836946,-1.0664769006476318,False,45.86274880447626,2.4745157785521883
Batch_3,img_71vgq3fw,27,976.0,356.3483606557377,2400.032786885246,55.839942534335606,24.362850677172084,-0.6432532488292151,False,35.25169209643019,2.2920118533853455
Batch_3,img_71vgq3fw,28,14688.0,424.5891203703704,158.66578159041396,197.34719734836315,98.93157170968924,-0.6383273387004063,False,136.7528516451122,1.994784818818715
Batch_3,img_71vgq3fw,29,11777.0,445.62350343890637,403.45232232317227,226.6804566531226,71.77965710449243,0.17429664082168242,False,122.4538366828333,3.1580041727300965
Batch_3,img_71vgq3fw,30,17999.0,419.2914050780599,3831.7369853880773,192.01356991420715,126.47448973192228,-1.268328852684655,False,151.3837460419321,1.5181999968626303
Batch_3,img_71vgq3fw,31,751.0,377.5299600532623,324.1491344873502,46.43435085342554,22.23809282241235,0.3175806212572131,False,30.922530590107066,2.0880545478534622
Batch_3,img_71vgq3fw,32,2494.0,390.5,4624.856455493184,80.41578623285511,46.90528291734465,-0.890903849464682,False,56.35121493428066,1.7144291907280862
Batch_3,img_71vgq3fw,33,571.0,378.0227670753065,2513.646234676007,30.651540504214303,25.674362664060606,0.06027706333643211,False,26.963304323539017,1.193857892609768
Batch_3,img_71vgq3fw,34,11156.0,473.34779490856937,6108.030028684117,245.2592212373543,61.362559085227176,-0.6323165715004133,False,119.18162761544028,3.996887106626549
Batch_3,img_71vgq3fw,35,201.0,374.4925373134328,2048.1094527363184,21.755382607783346,13.02746092673497,0.6793747082395488,False,15.99753570059363,1.6699633743008913
Batch_3,img_71vgq3fw,36,26490.0,502.9131370328426,4899.008040770102,240.33906790953534,149.11811489257371,0.7429724514967161,False,183.65215909439905,1.6117362272362294
Batch_3,img_71vgq3fw,37,6640.0,488.91581325301206,1421.4525602409637,172.65981679735464,55.516824247704726,-0.4666671976270524,False,91.94732501297403,3.110044912277075
Batch_3,img_71vgq3fw,38,2684.0,450.577868852459,4709.24478390462,102.29182118586077,38.83728938216989,-1.1343748350495682,False,58.45831795449795,2.63385583322462
Batch_3,img_71vgq3fw,39,134.0,433.7910447761194,3687.0298507462685,17.753983717439297,9.713488829204557,0.1679489768470174,False,13.061933202803933,1.827765906731699
Batch_3,img_71vgq3fw,40,1807.0,483.9518539014942,6297.584394023243,98.64303283849485,25.04622902383003,0.8317554918591172,False,47.966069855017714,3.938438506836368
Batch_3,img_71vgq3fw,41,462.0,478.64069264069263,4744.978354978355,32.04675024558802,19.359153648195182,-1.4524196486376333,False,24.253590861306396,1.6553797148345728
Batch_3,img_71vgq3fw,42,19946.0,579.3245763561616,2898.47222500752,190.0867386067352,145.5846946047454,-0.1987529318410448,False,159.36133771805368,1.305678039321444
Batch_3,img_71vgq3fw,43,340.0,487.66764705882355,3784.5176470588235,40.131509281319566,11.463301946781488,1.5414619924196336,False,20.806283791440396,3.500868202515345
Batch_3,img_71vgq3fw,44,251.0,489.23107569721117,6724.9681274900395,24.553249497299845,13.775534753168312,1.1404966853184642,False,17.876888032555495,1.7823808612331877
Batch_3,img_71vgq3fw,45,299.0,505.438127090301,3404.401337792642,33.98528404393798,15.25592785981058,0.3884543296740928,False,19.511499785403828,2.227677290836373
Batch_3,img_71vgq3fw,46,6569.0,550.0741360937737,233.01948546201857,106.32461959840447,80.70896452548773,0.6784769970555058,False,91.45441798713325,1.317383022115559
Batch_3,img_71vgq3fw,47,260.0,511.41923076923075,878.9,24.44506121905862,13.5880882304977,-1.2000179558214485,False,18.19456736586892,1.7990066596854335
Batch_3,img_71vgq3fw,48,11461.0,606.6816159148416,1483.1225023994416,163.82087385918257,101.51927150034534,0.12944809536318272,False,120.79982790637452,1.6136923703065116
Batch_3,img_71vgq3fw,49,5223.0,564.0166570936243,5790.611334482099,125.15450974991236,62.92460921469319,-1.462976178535908,False,81.54833010032611,1.9889596663667193
Batch_3,img_71vgq3fw,50,20025.0,650.5038701622972,1177.345667915106,223.20928079477153,127.66057046374588,0.1579640478746878,False,159.67661658277217,1.7484590581409032
Batch_3,img_71vgq3fw,51,1785.0,630.6487394957983,3114.271708683473,66.79611817484617,36.702780716337244,-0.7944013849181197,False,47.6731852025042,1.8199198227265025
Batch_3,img_71vgq3fw,52,1468.0,629.7690735694823,6132.385558583106,70.18057918459593,28.596022721226102,1.136301496731534,False,43.23327019404407,2.4542077011465886
Batch_3,img_71vgq3fw,53,1073.0,649.7520969245107,6678.335507921714,45.314854413921246,32.914862897033736,-0.5576916509186874,False,36.961953837707625,1.3767292470783765
Batch_3,img_71vgq3fw,54,344.0,649.8982558139535,354.5901162790698,40.17638650406009,13.193711767845787,-0.8388528306647668,False,20.928315827817965,3.045116280467291
Batch_3,img_71vgq3fw,55,2733.0,698.5349432857665,6956.238199780461,81.5588481945929,44.804699456336266,-0.17961799746834337,False,58.98952174548629,1.820319055461466
Batch_3,img_71vgq3fw,56,7647.0,720.009415457042,2210.9992153785797,160.6860962301252,66.2423127949254,-0.42865152611043394,False,98.67351619654481,2.4257319747814545
Batch_3,img_71vgq3fw,57,52543.0,817.5860342957197,1408.244352244828,335.503343087753,207.2896447561037,0.7540471140287706,False,258.65000560413614,1.6185243767603785
Batch_3,img_71vgq3fw,58,254.0,685.7559055118111,4684.244094488189,26.96209299812022,15.458005594820705,0.6120772683510552,False,17.983404693292407,1.7442155026230568
Batch_3,img_71vgq3fw,59,977.0,715.5609007164791,2575.125895598772,54.796883694859154,26.905609715041717,-0.12698181210977313,False,35.269746741453275,2.036634154557913
Batch_3,img_71vgq3fw,60,35502.0,860.1212044391865,5547.9444538335865,363.3770994626275,138.56784681844894,-0.3441852314788591,False,212.60891401159017,2.6223767476066997
Batch_3,img_71vgq3fw,61,494.0,737.4514170040486,4214.05060728745,27.957297582877874,25.156897142438584,1.2493176539453466,False,25.079480359432697,1.111317402324436
Batch_3,img_71vgq3fw,62,14302.0,802.8372255628583,3531.5310446091457,325.9977141335183,62.99964143420401,1.4361751969177898,False,134.9439586228383,5.174596342329758
Batch_3,img_71vgq3fw,63,34.0,762.6764705882352,1521.8529411764705,9.535643477142505,4.7765519062926325,-0.5518477209041144,False,6.579524642479541,1.9963445732852274
Batch_3,img_71vgq3fw,64,45056.0,906.5684037642045,3252.0080122514205,415.1177623649609,146.74755425040112,-1.3771451730833886,False,239.51426038461153,2.8287882853340722
Batch_3,img_71vgq3fw,65,169.0,836.8402366863905,3429.6331360946747,20.490252861914634,11.04812632862996,1.3866887417708966,False,14.668929172241665,1.854636003646743
Batch_3,img_71vgq3fw,66,401.0,868.9426433915212,6078.124688279302,36.596279987140456,14.461641659695559,1.2606598342407906,False,22.595775212167435,2.5305757706010583
Batch_3,img_71vgq3fw,67,12787.0,979.9744271525768,5675.247125987331,213.8256363931817,85.05008354261672,0.34402325811887935,False,127.5966851392642,2.5141143604643066
Batch_3,img_71vgq3fw,68,2559.0,906.7268464243846,1257.0312622118015,82.91081244280656,49.97517171202834,0.8168944758060074,False,57.080819852007046,1.6590400713490907
Batch_3,img_71vgq3fw,69,15904.0,971.784393863179,4405.971076458753,169.36233191726862,127.1064388094817,-1.3293220114145816,False,142.30109528555298,1.3324449453825369
Batch_3,img_71vgq3fw,70,294.0,922.7482993197278,2189.6632653061224,24.824402297397214,16.06352393005094,0.17881786916502015,False,19.347672370394786,1.5453895674134617
Batch_3,img_71vgq3fw,71,136.0,920.4411764705883,245.68382352941177,15.80874753867834,11.096600349684369,1.338970996592518,False,13.159049284959082,1.4246478237028697
Batch_3,img_71vgq3fw,72,246.0,947.040650406504,2600.0447154471544,26.98562538487143,12.383198618262341,0.04367609047249589,False,17.697935698969246,2.17921283642127
Batch_3,img_71vgq3fw,73,138.0,945.3985507246376,6412.478260869565,16.32615455877819,11.15154286934254,0.5415576519828122,False,13.255453865237978,1.4640265253036442
Batch_3,img_71vgq3fw,74,1938.0,954.7420020639835,4259.96955624355,95.04632122127059,28.168268521714115,1.5374388976158972,False,49.67432171350451,3.3742337108154903
Batch_3,img_71vgq3fw,75,163.0,951.4785276073619,797.4846625766871,16.832287338407323,12.668511475820537,0.03694996213575614,False,14.406180819073164,1.3286712784318726
Batch_3,img_71vgq3fw,76,430.0,952.3720930232558,6376.053488372093,29.643939175720305,19.921217641779823,-1.2850536232865117,False,23.398568422792877,1.4880585970583184
Batch_3,img_71vgq3fw,77,3741.0,968.8791766907244,3831.0328789093824,147.53501536503632,38.86151425156157,-1.5273563839248232,False,69.01586148744536,3.796429918041804
Batch_3,img_71vgq3fw,78,748.0,980.4959893048128,2525.0160427807486,42.44454802905238,23.304915123422006,0.013668747176037653,False,30.860706075232656,1.821270225798616
Batch_3,img_71vgq3fw,79,162.0,978.3888888888889,2762.9506172839506,17.24160262140077,12.68893645100788,0.6784374888717233,False,14.361922094451577,1.3587902097209472
Batch_3,img_71vgq3fw,80,1553.0,1006.9246619446233,2568.3792659368964,58.23406942007718,45.949638860026205,1.3500542621060037,False,44.467302740032565,1.2673455301242376
Batch_3,img_71vgq3fw,81,18691.0,1057.1974212187683,6059.929110266973,169.68378519515483,145.40523250939688,1.1068225587650264,False,154.26639404175145,1.1669716575308866
Batch_3,img_71vgq3fw,82,12446.0,1077.5110075526275,1246.7283464566929,161.92835151818417,112.72367105596285,0.4161482808767819,False,125.88383285304684,1.4365070796691242
Batch_3,img_71vgq3fw,83,262.0,1020.8740458015267,2056.9045801526718,24.533666615218696,14.408081817725112,-0.9887134669928945,False,18.26441241104166,1.7027711895026085
Batch_3,img_71vgq3fw,84,1637.0,1054.658521686011,1324.2144166157605,86.4964964468477,27.485127803993784,0.4500856932486976,False,45.654059345598846,3.147029079278254
Batch_3,img_71vgq3fw,85,61958.0,1185.1222602408084,3199.963136318151,325.9626322129399,248.00872351571294,-1.2866103461104044,False,280.86896537834366,1.3143192206797036
Batch_3,img_71vgq3fw,86,14492.0,1164.698592326801,3638.069900634833,252.59712294653718,82.87578379925796,-0.16336986657531877,False,135.83735672598306,3.047900259482057
Batch_3,img_71vgq3fw,87,4057.0,1113.9516884397337,3435.501848656643,153.40460574778302,38.13245906422419,-0.7208730512488838,False,71.87164136841842,4.022940285319993
Batch_3,img_71vgq3fw,88,1550.0,1127.298064516129,5946.563225806452,89.61438447951576,23.959506366911597,-0.018732024835498053,False,44.424332232904774,3.7402433550665486
Batch_3,img_71vgq3fw,89,7068.0,1196.9956140350878,1320.7348613469157,127.35864834839586,78.51616920107708,1.3497735239034905,False,94.86441430899224,1.622069054620265
Batch_3,img_71vgq3fw,90,1654.0,1204.0888754534462,3375.4915356711003,76.19535096626832,31.063039554903142,-0.7511836094054533,False,45.890502361512226,2.4529264379165134
Batch_3,img_71vgq3fw,91,1300.0,1204.1253846153845,874.0430769230769,72.8394351225154,26.205226993905242,0.9834482569316079,False,40.68428945128219,2.779576576056992
Batch_3,img_71vgq3fw,92,866.0,1253.433025404157,903.9006928406467,52.16999369799216,23.111984208315835,1.3773666249527885,False,33.20580439833751,2.2572702208415785
Batch_3,img_71vgq3fw,93,24417.0,1406.8769709628536,4860.998730392759,270.9902628089316,127.755554196226,-0.8966458695087981,False,176.31985130381227,2.1211622814668742
Batch_3,img_71vgq3fw,94,3912.0,1360.0585378323108,3506.9580777096116,107.45254103582896,49.20396358664444,-0.5942160780894531,False,70.57558429799896,2.183818806519788
Batch_3,img_71vgq3fw,95,514.0,1354.408560311284,1768.3385214007783,33.59989642321851,20.142436926980587,-1.265843199275876,False,25.582125126616702,1.6681147641183274
Batch_3,img_71vgq3fw,96,53026.0,1514.6053445479577,1823.4309772564402,309.20095104128546,228.32831958696724,1.0301691546354628,False,259.8361023782622,1.3541944845063991
Batch_3,img_71vgq3fw,97,83.0,1396.0361445783133,4405.0722891566265,12.13932717233267,8.933606762863766,1.393664406848179,False,10.280023453913834,1.3588383163220041
Batch_3,img_71vgq3fw,98,113.0,1428.3893805309735,1710.4513274336284,12.90299780135319,11.797900711259388,-1.2617441656436559,False,11.994835078277376,1.0936689600243157
Batch_3,img_71vgq3fw,99,6029.0,1491.7326256427268,5259.5607895173325,158.9062282746808,49.156039711690326,0.8090998512729509,False,87.61484586078033,3.2326898018371
Batch_3,img_71vgq3fw,100,9258.0,1532.7033916612659,6265.835169583063,185.82363735136042,67.46482604264966,1.339292923033691,False,108.57095240052993,2.7543780700462657
Batch_3,img_71vgq3fw,101,4770.0,1585.4865828092243,6500.043815513627,138.41918769982263,49.81477762846141,0.2130849814630039,False,77.93171773024592,2.7786772176764183
Batch_3,img_71vgq3fw,102,5342.0,1612.884312991389,2642.3697117184574,145.96384369080104,48.40922280434398,-0.8291748120891216,False,82.47209011523377,3.0152073351961155
Batch_3,img_71vgq3fw,103,6841.0,1670.2068411051016,2475.0377137845344,162.4242707381512,67.59610818707026,-0.5850210953889874,False,93.32862222026665,2.4028642342640016
Batch_3,img_71vgq3fw,104,150.0,1608.7133333333334,6210.473333333333,21.776373370744896,9.69037360454643,-0.788864863269528,False,13.81976597885342,2.2472171104453684
Batch_3,img_71vgq3fw,105,100.0,1609.81,2977.79,15.468390676734819,8.490329196910052,-0.37482319854820045,False,11.283791670955125,1.821883500390579
Batch_3,img_71vgq3fw,106,4435.0,1651.2608793686584,3217.7287485907555,125.75869373257511,51.354154252792554,-0.9812124224986712,False,75.14530844238013,2.448851423266046
Batch_3,img_71vgq3fw,107,11217.0,1666.3361861460282,4639.565391815993,205.48281371999278,79.4462306235987,-1.330668738791463,False,119.5070206025333,2.586438804045112
Batch_3,img_71vgq3fw,108,663.0,1673.1568627450981,4745.987933634992,39.10919344899164,24.622265512276392,0.297444683032854,False,29.054394128245264,1.588366977420994
Batch_3,img_71vgq3fw,109,185.0,1662.6108108108108,744.4810810810811,23.26119337356854,11.003247166797541,1.0126697831752725,False,15.347615963921077,2.114029887809803
Batch_3,img_71vgq3fw,110,20738.0,1785.665589738644,3988.6362233580867,196.04146206553844,158.77840441726747,0.19463160226751983,False,162.49443583925515,1.2346859309049623
Batch_3,img_71vgq3fw,111,103.0,1676.3398058252428,4988.689320388349,15.318086714560922,8.65875805318692,-1.3813236586068642,False,11.451797811161432,1.769085892049263
Batch_3,img_71vgq3fw,112,95.0,1712.6421052631579,2530.757894736842,13.711996957074927,8.90559775114077,0.12807832063569544,False,10.998079684646791,1.5397054010572708
Batch_3,img_71vgq3fw,113,546.0,1724.6501831501832,6053.576923076923,38.138126374467916,21.422026521941774,-1.4084050204716343,False,26.366433043273013,1.7803229930373055
Batch_3,img_71vgq3fw,114,5700.0,1806.9156140350876,2356.042456140351,112.08442511734057,69.88428475588302,0.6185159558126877,False,85.19075891779828,1.6038573694911438
Batch_3,img_71vgq3fw,115,109.0,1762.3853211009175,1432.1743119266055,14.406598185493111,9.958222652462458,0.9210491713580029,False,11.780624362746345,1.4467037631389636
Batch_3,img_71vgq3fw,116,41117.0,1883.9985407495683,3326.8779093805483,290.0064334669066,200.91514889074244,1.227754798432886,False,228.80513622048716,1.4434274123580995
Batch_3,img_71vgq3fw,117,403.0,1804.4143920595534,1068.0421836228288,27.441861942323563,19.425481996201956,-0.8095267942139331,False,22.65205369339104,1.4126734125664917
Batch_3,img_71vgq3fw,118,405.0,1832.1777777777777,1052.7481481481482,34.65853889524521,17.178538063146334,-1.1732781601392284,False,22.708192698181442,2.017548802339547
Batch_3,img_71vgq3fw,119,592.0,1855.9949324324325,1158.3445945945946,38.5966593915586,20.455428937111062,-0.14486266667115483,False,27.45465007031079,1.8868662940396714
Batch_3,img_71vgq3fw,120,110.0,1893.418181818182,5937.945454545455,15.350006193313448,9.252265522738488,1.5557567724191055,False,11.834540545406394,1.6590537912675627
Batch_3,img_71vgq3fw,121,3496.0,1939.7156750572083,2958.3197940503433,114.69641650667164,39.87645693207016,-1.290745844684912,False,66.7176546979443,2.8762940675009774
Batch_3,img_71vgq3fw,122,469.0,1966.9850746268658,412.72921108742,54.99302423141174,14.938890615049266,0.6357534133759367,False,24.436639426909572,3.6811986678590713
Batch_3,img_71vgq3fw,123,4671.0,2028.643117105545,5630.93663027189,122.79393316485209,52.067755840715485,1.2134994513460973,True,77.11875202217645,2.358348870277808
Batch_3,img_71vgq3fw,124,4388.0,2038.0480856882407,1949.75387420237,139.92720926238707,50.758016576818434,-1.5548903993684524,True,74.74607094889934,2.7567509272277766
Batch_3,img_71vgq3fw,125,843.0,2046.258600237248,5993.874258600237,57.340571864274274,22.8879971539896,-1.4066091008417245,True,32.7618823667344,2.505268218904827
Batch_3,img_71vgq3fw,126,131.0,2050.236641221374,3025.083969465649,14.838453425810657,12.855125398089857,0.6182047093207393,True,12.914889870235298,1.1542830556919734
Batch_3,img_9luzk4jm,1,1524.0,10.204068241469816,2456.2139107611547,83.3322791435919,27.6415377816928,-1.4289233895370799,True,44.05016533653861,3.014748303865478
Batch_3,img_9luzk4jm,2,4275.0,26.677426900584795,4407.5609356725145,105.41627832982388,60.29719590806852,-1.0550334539364123,True,73.77736139048902,1.748278286282926
Batch_3,img_9luzk4jm,3,760.0,32.76052631578948,2973.077631578947,50.60788840839699,22.35305842319879,-0.05412736727936158,False,31.10726690017501,2.2640252376325534
Batch_3,img_9luzk4jm,4,357.0,19.291316526610643,2669.0280112044816,26.529994676930727,18.879513821216598,1.2925680547402563,False,21.320096563347295,1.4052265820063967
Batch_3,img_9luzk4jm,5,111.0,18.855855855855857,3604.3963963963965,14.750641234134418,10.33340544985955,-0.9461251936206456,False,11.888212206450685,1.427471447405067
Batch_3,img_9luzk4jm,6,442.0,22.839366515837103,2620.8303167420813,40.01172314427402,14.759559317107598,-1.3535147004530086,False,23.722813466638858,2.710902289467206
Batch_3,img_9luzk4jm,7,10664.0,95.03647786946736,6205.61215303826,272.3423821120102,53.10467529395539,-1.0865287417967144,False,116.52393104017635,5.128406879516491
Batch_3,img_9luzk4jm,8,5513.0,69.22982042445129,5674.301469254489,106.0512339513917,70.97586976318513,0.48489771817444766,False,83.78167824843898,1.494187169600562
Batch_3,img_9luzk4jm,9,390.0,44.48974358974359,3611.5692307692307,36.71713413573966,14.639579266766397,0.37912084924779443,False,22.283703068536735,2.508073044086176
Batch_3,img_9luzk4jm,10,158.0,62.09493670886076,2777.5822784810125,19.015375545443476,10.694180701544498,-0.2758264722101697,False,14.183506197980657,1.778104941007514
Batch_3,img_9luzk4jm,11,82.0,59.84146341463415,4691.280487804878,13.352121461788897,7.825002751155878,-0.5990862113637463,False,10.217907939900583,1.7063408009430507
Batch_3,img_9luzk4jm,12,855.0,97.71111111111111,3019.191812865497,38.83616642245862,29.851623443782323,-0.988080078267121,False,32.99423905394037,1.3009733455735268
Batch_3,img_9luzk4jm,13,9103.0,196.03460397671097,4808.152257497528,231.8921317741344,53.13478429490543,-0.30607029462724405,False,107.65825363493589,4.364224581906663
Batch_3,img_9luzk4jm,14,37758.0,187.44432967847874,1454.768128608507,318.0576178718602,157.12601097281694,-1.5096932387872202,False,219.26007098902042,2.024220025078373
Batch_3,img_9luzk4jm,15,1738.0,115.95742232451093,5984.554660529344,83.36315144161289,28.19069538428487,1.5591357151906557,False,47.04136827038211,2.9571158251060505
Batch_3,img_9luzk4jm,16,745.0,127.32885906040268,4458.569127516778,51.431065144164705,19.26104101813602,1.1324020958262992,False,30.798757455905527,2.6702121186356274
Batch_3,img_9luzk4jm,17,381.0,133.40944881889763,4999.971128608924,28.909976065263564,21.105048813888164,-0.002204943742119052,False,22.025082668269306,1.369813276444041
Batch_3,img_9luzk4jm,18,1553.0,163.80360592401803,4944.590470057952,50.76211855657955,44.2905235346372,1.0309931148150049,False,44.467302740032565,1.1461169231129378
Batch_3,img_9luzk4jm,19,971.0,178.66014418125644,385.7806385169928,57.92209657518302,24.359621469606807,-1.1692062180476746,False,35.16127981086358,2.377791323541365
Batch_3,img_9luzk4jm,20,4567.0,247.34924458068755,3378.827457849792,170.59284998624082,36.548269766489,0.6393849020464386,False,76.25539325716895,4.667603995378651
Batch_3,img_9luzk4jm,21,6367.0,246.7741479503691,2793.830532432857,127.22502177535982,68.24059568262216,0.4763716632028745,False,90.03730438728594,1.864359777383338
Batch_3,img_9luzk4jm,22,114.0,193.06140350877192,4774.421052631579,16.877468242591565,8.808377132165809,-0.5766487771569425,False,12.047792665040703,1.9160701215845561
Batch_3,img_9luzk4jm,23,479.0,209.46346555323592,2823.828810020877,51.747111556023995,13.359992823489195,0.3428637012272953,False,24.695783889727878,3.8732888737068447
Batch_3,img_9luzk4jm,24,2446.0,228.2816843826656,5883.879394930499,102.94309497031567,36.016807046891785,-1.316157847276861,False,55.8063072279667,2.8581960315440997
Batch_3,img_9luzk4jm,25,9748.0,246.12597455888388,360.3252974969225,158.76779244597225,81.79160167029585,-1.4102575432084847,False,111.40708721656073,1.9411258515998928
Batch_3,img_9luzk4jm,26,6988.0,261.1326559816829,598.3673440183171,114.69378614173816,82.94253982657504,-0.46165289567391576,False,94.32601941463086,1.3828101524447158
Batch_3,img_9luzk4jm,27,11807.0,310.8414499872957,2982.6811213686797,152.89328717320453,105.01947359071131,-1.3625987026632975,False,122.60970314248407,1.4558565373224983
Batch_3,img_9luzk4jm,28,5483.0,324.8136056903155,3092.4172898048514,117.00164471745474,63.25209703142816,0.1543567350360489,False,83.55341060533016,1.849767046605901
Batch_3,img_9luzk4jm,29,2039.0,322.1868563021089,156.55026974006867,81.69965053081823,32.78732129830604,0.3856614889977948,False,50.952285834052596,2.491806201168354
Batch_3,img_9luzk4jm,30,124.0,303.56451612903226,1007.3064516129032,15.320958964602404,10.433614329476109,0.21074394045852554,False,12.565098628628435,1.4684229722119408
Batch_3,img_9luzk4jm,31,44015.0,478.51486993070546,1377.2791548335795,490.4023701471395,126.98348021768787,-0.8260635131234247,False,236.7311524948041,3.8619383348640497
Batch_3,img_9luzk4jm,32,1775.0,319.20901408450703,1448.849014084507,64.6613045999741,39.58454108543063,-1.485974947704595,False,47.53945931439391,1.633498907071406
Batch_3,img_9luzk4jm,33,13465.0,379.16056442629036,47.44723356851095,189.8727437672912,99.87155204637371,-0.487281912140959,True,130.93574939587342,1.901169450927597
Batch_3,img_9luzk4jm,34,10408.0,399.34156418139895,6412.869715603382,182.6360396247712,79.55927971142653,0.1047378965592718,False,115.11679799926496,2.2955969471722164
Batch_3,img_9luzk4jm,35,628.0,335.90445859872614,1400.4585987261146,53.91453886282452,15.917921780266392,0.8501018510110901,False,28.277100878514442,3.3870337853816395
Batch_3,img_9luzk4jm,36,14999.0,386.22474831655444,426.40649376625106,192.87283086823453,101.99173712654144,1.3209082698577987,False,138.19305312309555,1.8910632988723064
Batch_3,img_9luzk4jm,37,10257.0,420.221019791362,1278.9858633128595,277.91319804438797,52.514025266313666,-0.795848265384859,False,114.27868572200401,5.292170932146422
Batch_3,img_9luzk4jm,38,496.0,384.0040322580645,1025.0907258064517,29.777120018285487,26.087894918790077,0.337613530674607,False,25.13019725725687,1.1414152085087634
Batch_3,img_9luzk4jm,39,7968.0,442.437374497992,174.59349899598394,164.76715010169585,64.30865963021218,-0.8957289735236904,False,100.72324802372974,2.5621300622519634
Batch_3,img_9luzk4jm,40,93.0,418.9569892473118,2112.2903225806454,14.221143645488697,10.906948453385047,0.25029562371308633,False,10.881694613449236,1.303860901724081
Batch_3,img_9luzk4jm,41,19664.0,548.5067127746136,3879.2110964198537,205.15421935662837,129.20812847731725,-0.8389392009279882,False,158.23078843155727,1.587781061256093
Batch_3,img_9luzk4jm,42,185.0,483.37297297297295,4290.005405405405,17.536131213299676,13.580930636083313,0.1605966025654302,False,15.347615963921077,1.2912319253518423
Batch_3,img_9luzk4jm,43,6233.0,548.0614471362105,2003.7266163965987,144.7665832565823,56.38406611645302,-0.3479925711576793,False,89.08480275745279,2.5675087525186306
Batch_3,img_9luzk4jm,44,11291.0,573.7006465326366,4570.349747586573,148.9432596329801,102.56791667202246,0.9515353436280428,False,119.90057422550036,1.4521427797861033
Batch_3,img_9luzk4jm,45,243.0,509.358024691358,4828.164609053498,29.382416614230284,12.310115475682574,-1.0465797251455609,False,17.58969042850512,2.3868514208719134
Batch_3,img_9luzk4jm,46,16495.0,607.6381327675053,6549.135010609276,167.82201438802818,139.8557053579399,-0.6649098252282699,False,144.92096566890007,1.1999654498078047
Batch_3,img_9luzk4jm,47,1928.0,575.195020746888,5255.305497925311,72.18870400166296,36.76357695694906,1.2600562232042423,False,49.54599723740954,1.9635930444471572
Batch_3,img_9luzk4jm,48,36796.0,675.2573377541037,4207.482253505816,235.69905061007685,221.12714505067112,-0.9749912725103591,False,216.44889070650154,1.0658983118335228
Batch_3,img_9luzk4jm,49,1771.0,606.1434217955957,969.300395256917,66.75440500847903,39.849926534742586,1.326746521849976,False,47.485863514586875,1.6751449955693183
Batch_3,img_9luzk4jm,50,41189.0,738.1739056544222,5514.088300274345,292.20437328657783,196.64689538793118,0.7284266955797791,False,229.00537899380578,1.4859343327548475
Batch_3,img_9luzk4jm,51,455.0,606.2659340659341,2593.8153846153846,36.899023827686804,16.674337525958222,1.1955763579297798,False,24.069150231250354,2.2129229284367824
Batch_3,img_9luzk4jm,52,847.0,652.3175914994097,1801.099173553719,55.13423144390118,21.014055901710424,-0.831588350571879,False,32.839517267930155,2.6236834860334395
Batch_3,img_9luzk4jm,53,2350.0,687.2165957446808,3260.856595744681,87.87981284440156,37.30916418384436,-1.4580278035658927,False,54.700209598571305,2.3554484472331154
Batch_3,img_9luzk4jm,54,74435.0,819.3425539060926,2866.4031571169476,389.68349715756233,259.44013851144626,-1.2434361221460315,False,307.85318824459466,1.502016994723312
Batch_3,img_9luzk4jm,55,11129.0,732.8733938359242,1896.9348548836374,166.40858073921794,99.76985498679252,-1.0568594236550932,False,119.0373172301763,1.6679244523433157
Batch_3,img_9luzk4jm,56,23981.0,780.1363162503649,6207.677035986823,254.36437133433182,138.97587166344755,-1.1836878546776426,False,174.73854046058054,1.8302772149565365
Batch_3,img_9luzk4jm,57,18186.0,860.212306169581,6399.653249752557,226.63199939137513,111.645310601776,-0.09620560948599617,False,152.16811216727922,2.0299285135202982
Batch_3,img_9luzk4jm,58,2702.0,786.720207253886,4175.30014803849,86.35739837036546,42.271955440014395,1.4136706372329682,False,58.654013075614955,2.0429004873670933
Batch_3,img_9luzk4jm,59,3338.0,836.3229478729778,3068.029658478131,79.03322038621369,61.99712146550804,0.173618779684336,False,65.19258853831448,1.274788546919612
Batch_3,img_9luzk4jm,60,2191.0,824.1921497033318,733.8589685075308,93.00119093598664,30.77703625238571,1.2320268037473616,False,52.8173062784798,3.0217721476926673
Batch_3,img_9luzk4jm,61,233.0,879.6824034334763,3051.56652360515,21.01935228499651,14.485896513762862,-0.3573860562725762,False,17.22396045987371,1.4510218449390617
Batch_3,img_9luzk4jm,62,271.0,887.4354243542435,3031.8228782287824,28.48195309923885,14.867784027628861,-0.09787253270535026,False,18.575465448360347,1.9156824612404058
Batch_3,img_9luzk4jm,63,8041.0,955.1488620818307,5056.342494714588,155.45931799294922,79.11323393004494,-0.8102006733869088,False,101.18359145244571,1.965022920569933
Batch_3,img_9luzk4jm,64,1382.0,911.438494934877,4878.56512301013,102.46907587989608,18.940398306633057,-1.4984695665480112,False,41.9477895820983,5.410080306706682
Batch_3,img_9luzk4jm,65,939.0,951.2449414270501,87.56762513312034,53.32957010822254,29.012969198139707,-0.022240048161942784,False,34.57704343211429,1.8381286570159803
Batch_3,img_9luzk4jm,66,9054.0,1000.3994919372653,5455.427656284515,152.8075706760536,81.6600890223757,-0.6495921092888988,False,107.36810903630632,1.8712638267413932
Batch_3,img_9luzk4jm,67,11836.0,1022.9896924636702,1730.0487495775599,176.93331982964003,88.599605602999,1.0060802825415365,False,122.76018593780879,1.9969989553051803
Batch_3,img_9luzk4jm,68,23490.0,1068.858067262665,6515.5865048957,204.75825342715316,153.90827720965618,1.5593477183218052,False,172.9404432335854,1.3303914327377493
Batch_3,img_9luzk4jm,69,15327.0,1067.099889084622,3313.5824362236576,253.000984070963,82.36622759953195,0.9792121275177872,False,139.6958929323115,3.071659240011141
Batch_3,img_9luzk4jm,70,5335.0,1036.6284910965323,3127.8313027179006,135.69147607947681,51.55878507304986,1.0848838444167026,False,82.4180378992493,2.631781875527624
Batch_3,img_9luzk4jm,71,2337.0,1072.5241762943945,147.85708172871202,81.31141132197773,42.11931772960582,-0.1976599492532055,False,54.54870132318528,1.930501625025698
Batch_3,img_9luzk4jm,72,136.0,1055.1176470588234,61.463235294117645,18.4628669762899,11.982710285406636,-1.4204089149801165,False,13.159049284959082,1.5407922361917772
Batch_3,img_9luzk4jm,73,1038.0,1069.4113680154142,2448.2495183044316,48.295302222513534,28.290516273912093,-1.267919355937749,False,36.3541283410165,1.707119861472755
Batch_3,img_9luzk4jm,74,115.0,1065.286956521739,5468.173913043478,16.325262296322173,9.231186763679013,-1.2257896234188028,False,12.100518486599809,1.7684900884635417
Batch_3,img_9luzk4jm,75,118.0,1087.8050847457628,3403.186440677966,16.301850977971355,9.549205007931866,1.1508423059624782,False,12.257335203001883,1.7071422138733574
Batch_3,img_9luzk4jm,76,91.0,1088.6703296703297,6303.417582417583,13.032809453246605,8.916673483853332,0.42649214809702224,False,10.764051215546116,1.4616223726086792
Batch_3,img_9luzk4jm,77,1100.0,1109.5518181818181,3477.6872727272726,44.78082436770886,36.79774000906656,1.1243823595517821,False,37.424103185095554,1.216944963377516
Batch_3,img_9luzk4jm,78,7892.0,1160.7587430309175,5488.823492143943,120.316284452656,90.81060505839864,-0.4201038115120494,False,100.24174024352283,1.3249144675920044
Batch_3,img_9luzk4jm,79,12777.0,1175.8961415042654,47.78030836659623,148.53314210024183,113.7692429883767,0.1854082459181355,True,127.54678225294896,1.3055650033235855
Batch_3,img_9luzk4jm,80,168.0,1111.9345238095239,3299.470238095238,27.55977300298591,7.8373314738882,0.9590954495619222,False,14.625465582862905,3.5164740823847223
Batch_3,img_9luzk4jm,81,2074.0,1139.3881388621023,3749.913693346191,69.83564513816465,38.92229260435178,-1.3214742516817533,False,51.38773020654568,1.7942325712426441
Batch_3,img_9luzk4jm,82,501.0,1141.4750499001996,3518.0878243512975,29.182647188385335,22.915278583789664,-0.14776900264756707,False,25.25654394235911,1.2735017417169532
Batch_3,img_9luzk4jm,83,8559.0,1213.0671807454141,1921.8300035050825,182.1357637258138,71.72716251993208,0.5874860768390334,False,104.39184481264931,2.5392857785946927
Batch_3,img_9luzk4jm,84,11106.0,1201.2070052224024,6074.454078876283,130.14705480713337,115.22321256525333,-1.4402238145399011,False,118.91424802700776,1.1295211434365133
Batch_3,img_9luzk4jm,85,1670.0,1177.737125748503,3689.7287425149702,70.78269956262528,33.329144842376685,0.06145235973981459,False,46.111929472835136,2.123747845838153
Batch_3,img_9luzk4jm,86,1802.0,1165.455604883463,2166.0027746947835,75.17662948583953,33.417662521857274,-1.2585284290243135,False,47.899662416480176,2.2496076569290038
Batch_3,img_9luzk4jm,87,521.0,1179.8253358925144,2023.5278310940498,34.73235177136497,19.631638503830903,1.3836384238481967,False,25.75573339679963,1.7692028999305036
Batch_3,img_9luzk4jm,88,32.0,1180.65625,3485.875,10.18662728499891,4.7531042021520795,-1.5561654184575568,False,6.383076486422923,2.1431525276442867
Batch_3,img_9luzk4jm,89,11420.0,1255.43353765324,3480.6786339754817,162.0783396234803,99.5887820421302,0.4704898793218171,False,120.58356273089446,1.6274758692692357
Batch_3,img_9luzk4jm,90,31614.0,1296.891092553932,6683.110394129183,230.3008510319364,180.677585869984,-0.7267467916646246,False,200.6294967527393,1.2746509198858866
Batch_3,img_9luzk4jm,91,4817.0,1263.2227527506748,163.89806933776208,131.129187080086,48.175869230962505,-0.04729900307352693,False,78.31471692465777,2.721885233693088
Batch_3,img_9luzk4jm,92,13263.0,1285.6342456457814,6919.745683480359,166.10788374192336,103.89080232335014,-1.1203856590637593,True,129.94989835248992,1.5988699675735347
Batch_3,img_9luzk4jm,93,149.0,1241.9194630872482,3528.2080536912754,23.208882291532504,9.51655636626401,0.12334635075976702,False,13.773623058786647,2.438789978043686
Batch_3,img_9luzk4jm,94,3889.0,1312.8580611982516,55.073797891488816,116.25647010111045,43.997896331068766,-1.4558145350882448,True,70.36780932695751,2.6423188332987837
Batch_3,img_9luzk4jm,95,91.0,1332.6373626373627,617.0,13.527351956537753,8.616688150102929,1.4830341068203474,False,10.764051215546116,1.5699015353568488
Batch_3,img_9luzk4jm,96,4700.0,1384.2506382978722,6814.541914893617,133.92649367614672,52.92582329171664,-1.3036930101697992,False,77.35777827895049,2.530456502074053
Batch_3,img_9luzk4jm,97,1024.0,1419.3671875,375.02734375,43.122375446174495,31.33255569573031,-0.38296823102664873,False,36.1081333470564,1.3762801817041304
Batch_3,img_9luzk4jm,98,785.0,1416.104458598726,432.7299363057325,44.96289784686406,22.437629925229025,-1.1439130312489245,False,31.614759885488656,2.003905849089144
Batch_3,img_9luzk4jm,99,77.0,1536.8831168831168,5025.584415584415,10.254997360557335,9.589419801376668,-0.759847595516846,False,9.901487006738307,1.069407490021984
Batch_3,img_9luzk4jm,100,16940.0,1680.2512987012988,5477.892561983471,206.85617910015623,122.78064821406274,-0.48795688530529363,False,146.86278591874,1.6847620704812654
Batch_3,img_9luzk4jm,101,22731.0,1718.4545774492983,4082.9839426334083,210.99538566106617,143.56655937820528,0.884840959225766,False,170.1235083443055,1.4696694451333157
Batch_3,img_9luzk4jm,102,394.0,1658.5583756345177,6141.337563451777,33.86352762902376,16.28281243007037,0.46579506573381474,False,22.397686948112614,2.079709987108008
Batch_3,img_9luzk4jm,103,5753.0,1740.441856422736,2071.668346949418,142.7741341445764,60.47812252948047,-0.13243732319295282,False,85.58590480249298,2.3607567195059698
Batch_3,img_9luzk4jm,104,19552.0,1758.1292450900164,2904.671031096563,200.09348558189805,127.41580461125334,-0.6649910803819535,False,157.77952838902107,1.570397692753932
Batch_3,img_9luzk4jm,105,1081.0,1742.1970397779833,5091.930619796485,53.1378265001394,29.131725937088905,-0.18643425165874133,False,37.09948716436268,1.8240534946296212
Batch_3,img_9luzk4jm,106,94.0,1729.8617021276596,4834.617021276596,13.180103272942963,9.140404108484022,-1.417424503442171,False,10.940041919714261,1.4419606744421
Batch_3,img_9luzk4jm,107,1864.0,1770.6952789699571,5597.11856223176,57.483684873573864,49.199265678742336,1.3286789846538316,False,48.71671696026266,1.1683850171449002
Batch_3,img_9luzk4jm,108,175.0,1768.52,5468.108571428572,17.705703907104994,12.856300931594705,-0.753686087772895,False,14.927053303604616,1.3772004872406767
Batch_3,img_9luzk4jm,109,947.0,1797.3484688489968,4205.403379091869,57.17712062352839,22.702621254035122,0.34860524703004886,False,34.72402408800281,2.518525062975529
Batch_3,img_9luzk4jm,110,389.0,1809.9794344473007,1012.3856041131105,32.10784534153892,16.79748388280811,0.003740099675204302,False,22.255115881567058,1.9114675486845183
Batch_3,img_9luzk4jm,111,943.0,1836.0540827147402,5378.419936373277,46.62977717911054,29.264294450568716,0.2210387179566561,False,34.65061169280073,1.5934017222890657
Batch_3,img_9luzk4jm,112,127.0,1815.0944881889764,4418.5905511811025,15.061983683594582,10.829222307531927,-0.9552448106394772,False,12.716187407449045,1.3908647598007744
Batch_3,img_9luzk4jm,113,282.0,1843.1843971631206,5199.258865248227,31.915869573944832,13.627857486022856,0.7644686478045536,False,18.948708441878455,2.3419579788443428
Batch_3,img_9luzk4jm,114,16202.0,1961.0926428835946,725.346376990495,268.4994833448236,88.38856860346378,-0.576635715409691,False,143.6280860549186,3.037717292938508
Batch_3,img_9luzk4jm,115,5313.0,1918.353472614342,6155.614718614718,151.366247295483,47.9566455593451,-0.18697338267513386,False,82.24792824854569,3.1563143236982913
Batch_3,img_9luzk4jm,116,191.0,1873.193717277487,2936.0942408376964,22.30829945635219,14.064376130639415,-1.2106652787635739,False,15.594510349620345,1.5861563462991641
Batch_3,img_9luzk4jm,117,9960.0,1943.0116465863455,621.6440763052209,171.4305120183438,79.16981057039219,-0.6404359459598783,False,112.61201474781552,2.1653520550730625
Batch_3,img_9luzk4jm,118,155.0,1888.2064516129033,5237.554838709678,18.528607902483966,10.88529506321635,0.99208730491338,False,14.048207338801282,1.7021686408020247
Batch_3,img_9luzk4jm,119,255.0,1918.6588235294118,4053.8901960784315,27.056983160759906,12.925640131583865,-1.453844524550308,False,18.01877032173579,2.093279937033527
Batch_3,img_9luzk4jm,120,772.0,1924.3860103626944,513.1282383419689,58.12185715374022,18.378587650508162,1.5619628705525161,False,31.35188875547286,3.162476805018974
Batch_3,img_9luzk4jm,121,316.0,1935.2120253164558,434.126582278481,25.94937871213307,16.057914907333622,-0.7212565541705915,False,20.0585068271871,1.6159868116054117
Batch_3,img_9luzk4jm,122,216.0,1934.4027777777778,2875.6388888888887,20.569578586056085,14.462824792881703,-1.471964152341777,False,16.583719174624104,1.4222379708409383
Batch_3,img_9luzk4jm,123,1562.0,1990.2055057618438,879.263124199744,95.48875085663057,26.18426299598536,-1.2864711066983705,False,44.59596583634359,3.646799257678979
Batch_3,img_9luzk4jm,124,4498.0,2030.811916407292,2587.521120497999,115.19249991035493,51.35496324756984,-0.9804362607225175,False,75.67715290772217,2.2430645964059943
Batch_3,img_9luzk4jm,125,3061.0,2056.501470107808,2100.221822933682,84.00584335282919,57.32208950061676,-0.6393615216162413,True,62.42904969991401,1.465505603244371
Batch_3,img_9luzk4jm,126,704.0,2037.9318181818182,1493.7769886363637,69.10271152999006,15.365683351345153,-1.2863125492556002,False,29.93928254807644,4.497210436393681
Batch_3,img_9luzk4jm,127,2091.0,2064.17168818747,1510.1147776183643,78.28681001245548,36.72765324569214,1.4455990125061706,True,51.597905849377504,2.13154947550693
Batch_3,img_9luzk4jm,128,288.0,2068.9895833333335,3982.3506944444443,25.449050635192123,15.518400194831099,-0.1935079049367332,False,19.149229459268767,1.6399274613158092
Batch_3,img_cfe5vt7s,1,50.0,1.42,5083.36,14.484085452348703,4.80367240859123,-1.4871823069568961,True,7.978845608028654,3.0152109095625117
Batch_3,img_cfe5vt7s,2,209.0,5.7368421052631575,5646.899521531101,23.502834496194087,13.112426144178098,1.0269315881580863,True,16.312788383647018,1.7924092946467667
Batch_3,img_cfe5vt7s,3,286.0,5.989510489510489,5908.083916083916,42.685912867492206,9.914731874783007,-1.4956172748342873,False,19.08262324195121,4.305301787944359
Batch_3,img_cfe5vt7s,4,318.0,22.0125786163522,6707.352201257861,42.630646642310644,11.516974589552152,0.9340450359437827,False,20.12188299403865,3.701549075308707
Batch_3,img_cfe5vt7s,5,238.0,22.970588235294116,6613.890756302521,31.869733684451717,11.306917330626705,0.4471745416031194,False,17.407785949022028,2.8186049966180553
Batch_3,img_cfe5vt7s,6,33.0,14.272727272727273,3547.969696969697,9.553537882332718,4.580358540815586,0.8770449184742972,False,6.4820448144285745,2.085762019981868
Batch_3,img_cfe5vt7s,7,6222.0,71.91080038572807,4539.984892317583,130.08026572010576,65.62969673872327,-0.6161459215416024,False,89.00615960337903,1.9820336247775916
Batch_3,img_cfe5vt7s,8,306.0,55.63725490196079,679.8104575163399,24.298569016953486,16.772137810616197,0.4891134591913762,False,19.738573927438622,1.4487460865944777
Batch_3,img_cfe5vt7s,9,5394.0,90.77067111605487,5334.870596959585,127.29681289763225,60.6698526454407,-1.018942732216507,False,82.87251718333086,2.098188924927256
Batch_3,img_cfe5vt7s,10,53.0,75.09433962264151,2822.867924528302,17.370929401000588,4.0769795512917755,1.4946296198402724,False,8.214724333230155,4.2607349834503525
Batch_3,img_cfe5vt7s,11,242.0,98.27272727272727,2675.0247933884298,35.8742067779848,10.995418193578326,-0.6241358320260159,False,17.55346033766304,3.262650510094876
Batch_3,img_cfe5vt7s,12,42.0,88.57142857142857,2670.6666666666665,12.861570407222766,4.836037933668356,-0.7519101802090744,False,7.312732791431452,2.6595263692372813
Batch_3,img_cfe5vt7s,13,159.0,91.9245283018868,2967.830188679245,29.519084921894198,7.440881202405701,-1.3737218599201275,False,14.228319915326999,3.967149067283916
Batch_3,img_cfe5vt7s,14,39.0,94.6923076923077,2945.051282051282,12.961470783727426,3.8805655848107445,-1.5051977898632622,False,7.046725639945928,3.3400983697997617
Batch_3,img_cfe5vt7s,15,52.0,97.98076923076923,2925.519230769231,10.926925539978727,7.058415768074535,-1.1421650184864465,False,8.136857890256438,1.548070544299983
Batch_3,img_cfe5vt7s,16,240.0,119.70416666666667,2073.3083333333334,24.705418337647302,13.994793646434545,-0.2896971722011968,False,17.480774889473267,1.765329233271082
Batch_3,img_cfe5vt7s,17,340.0,124.2235294117647,3281.7970588235294,41.114219622300105,11.920232728830436,1.4313585114459444,False,20.806283791440396,3.4491121572534986
Batch_3,img_cfe5vt7s,18,3196.0,138.57697121401753,293.08354192740927,108.7598257542124,48.880943697832045,1.5006742474392474,False,63.79085816144489,2.2249943950864455
Batch_3,img_cfe5vt7s,19,11225.0,204.15162583518932,524.4920267260579,151.18061781150095,112.25448774678677,0.7781114315690406,False,119.54962939989485,1.346766805016474
Batch_3,img_cfe5vt7s,20,1507.0,191.5109489051095,3378.207697412077,77.93223879525671,26.511183283148057,0.24442161688845157,False,43.803789720934994,2.9395986577783066
Batch_3,img_cfe5vt7s,21,2557.0,198.63629253030896,374.92882283926474,81.4422833024133,41.19050999757312,0.7376464990075836,False,57.05850958347765,1.9772098793438524
Batch_3,img_cfe5vt7s,22,521.0,179.0172744721689,596.3090211132437,38.92424203145905,22.127016700189596,1.1974561858361796,False,25.75573339679963,1.7591274304558882
Batch_3,img_cfe5vt7s,23,156.0,183.69871794871796,327.9294871794872,17.6117818320212,12.290747924923703,0.4882590169144197,False,14.093451279891855,1.4329300331924697
Batch_3,img_cfe5vt7s,24,23168.0,301.2644164364641,2552.162163328729,226.73261652334136,147.03715698265904,0.42614949356403364,False,171.75102262410041,1.54200898042446
Batch_3,img_cfe5vt7s,25,1091.0,200.01099908340973,6935.451879010083,49.468387303687855,31.04557546811682,0.6778918818528166,False,37.2706901372387,1.5934118326938695
Batch_3,img_cfe5vt7s,26,3632.0,283.46998898678413,288.3700440528634,90.75624719677812,51.6432742763685,0.5129016713219462,False,68.0029854232747,1.7573681852761098
Batch_3,img_cfe5vt7s,27,1468.0,269.66212534059946,4380.113760217983,70.52414489973751,27.665098895976193,-0.9540066530176793,False,43.23327019404407,2.54920993288027
Batch_3,img_cfe5vt7s,28,7527.0,339.6719808688721,6844.95602497675,169.90118321349485,72.0582974474079,-0.41731523777522295,False,97.89624126196863,2.3578295523495827
Batch_3,img_cfe5vt7s,29,382.0,281.2041884816754,4925.285340314136,30.057076323263452,17.000932026642545,1.278564671403282,False,22.05396803500069,1.7679663842053088
Batch_3,img_cfe5vt7s,30,2566.0,309.3273577552611,3725.383086515978,84.47836128391315,43.8978662164431,-1.1944920774117442,False,57.15883721517109,1.9244297858894461
Batch_3,img_cfe5vt7s,31,3625.0,323.44965517241377,2136.320551724138,88.44543548194491,58.65974878364526,0.4765924593194347,False,67.93742230659745,1.5077704442301345
Batch_3,img_cfe5vt7s,32,716.0,312.4776536312849,398.2932960893855,39.993089851453334,23.31028807527096,0.9112892055846444,False,30.19336870954244,1.7156840671514717
Batch_3,img_cfe5vt7s,33,6163.0,377.6258315755314,6261.913516144735,171.3239507009252,50.43693813799535,-0.6666630298843174,False,88.58315479933421,3.3967952263910877
Batch_3,img_cfe5vt7s,34,34.0,314.52941176470586,3875.8529411764707,7.941114061398451,5.603782230237806,0.6637570973758202,False,6.579524642479541,1.4170989762144015
Batch_3,img_cfe5vt7s,35,79.0,334.1645569620253,5630.544303797468,10.258397168102379,9.868597976048468,0.2689768452142151,False,10.02925341359355,1.0394989433149442
Batch_3,img_cfe5vt7s,36,104.0,351.11538461538464,559.1057692307693,15.145636868874753,9.44143786321443,1.441306367958439,False,11.507254783503184,1.604166345031505
Batch_3,img_cfe5vt7s,37,37531.0,462.76067783965254,1826.8879059977085,265.59676510950084,190.0300371437649,-1.3428093765694291,False,218.59998479747293,1.397656755224264
Batch_3,img_cfe5vt7s,38,10724.0,413.1045318910854,2033.9800447594182,168.2200041986146,83.05131395492242,1.1875839725322228,False,116.8512767484373,2.025494795782749
Batch_3,img_cfe5vt7s,39,231.0,399.64069264069263,6352.5670995671,29.620236665895938,10.622284034029603,-0.6214639510690562,False,17.14987856615383,2.788499777543549
Batch_3,img_cfe5vt7s,40,14857.0,477.360840008077,2531.6030154136097,182.5425955591781,123.00429844571201,0.5782675027606495,False,137.5373400794501,1.484034280637301
Batch_3,img_cfe5vt7s,41,16175.0,529.0168160741886,6392.617187017002,161.18327395994046,141.5055543733079,-0.544356434028466,False,143.5083608577955,1.1390596975064349
Batch_3,img_cfe5vt7s,42,13083.0,519.3208744171826,5636.952304517313,186.51871621033885,97.81842627594948,1.1224467656653083,False,129.06507259429304,1.9067850844805303
Batch_3,img_cfe5vt7s,43,32899.0,571.3717742180613,496.89577190796075,307.096006411828,152.85960924424705,0.9915965592821948,False,204.66633280107922,2.009006878469341
Batch_3,img_cfe5vt7s,44,663.0,496.6968325791855,2196.5580693815987,47.80114506532968,21.408042656355427,0.2695731550411152,False,29.054394128245264,2.2328592030873455
Batch_3,img_cfe5vt7s,45,2959.0,516.3504562352146,2033.1963501182831,91.27316211042802,42.886270174624144,-0.8729052968309693,False,61.38009296890439,2.1282606703446656
Batch_3,img_cfe5vt7s,46,467.0,507.8543897216274,2116.625267665953,40.59088567435829,15.527952660820956,-0.18984034973358016,False,24.384480051691096,2.614052641773849
Batch_3,img_cfe5vt7s,47,33393.0,673.2946425897643,3058.3733716647203,355.1526998118531,129.93365790550385,-0.28387420393067697,False,206.1972068611534,2.733338732525664
Batch_3,img_cfe5vt7s,48,547.0,520.5996343692871,1979.0383912248628,32.956975484523724,23.792117581501756,-0.34270824552544066,False,26.390567083147985,1.3852056409702513
Batch_3,img_cfe5vt7s,49,484.0,524.7520661157025,1236.3719008264463,45.5185953877378,14.610133889825272,-1.0584782036685103,False,24.824341676101277,3.1155495035837872
Batch_3,img_cfe5vt7s,50,32703.0,631.4159251444821,752.7911812371954,215.49506545225975,205.00630840713177,1.5597974501214225,False,204.05575912351512,1.0511630940853676
Batch_3,img_cfe5vt7s,51,4717.0,580.6438414246343,6027.2616069535725,163.86986215246068,45.69421077555945,1.46264129723883,False,77.49755436473956,3.586228088222285
Batch_3,img_cfe5vt7s,52,4229.0,597.1085362969969,5434.647434381651,150.44989816751175,38.131712574872324,-1.2123020811995437,False,73.3793570064838,3.9455321570490858
Batch_3,img_cfe5vt7s,53,3541.0,622.9375882519063,3339.739339169726,123.68812712476215,38.87107212159398,0.04107783489798478,False,67.14567169898005,3.182009663583472
Batch_3,img_cfe5vt7s,54,469.0,599.997867803838,5743.867803837953,30.593317777769304,22.62420184781289,1.1122972281389176,False,24.436639426909572,1.3522385445268998
Batch_3,img_cfe5vt7s,55,1413.0,650.8676574663835,5785.170559094126,64.54582963540771,29.409239380612828,-0.6080280920552785,False,42.41565131777166,2.194746650875903
Batch_3,img_cfe5vt7s,56,3967.0,649.4696244013109,6012.069321905722,102.67481141229243,52.27805350695247,-1.5182938967591377,False,71.0699744896844,1.9640136639486336
Batch_3,img_cfe5vt7s,57,320.0,639.375,1772.096875,24.3122846830689,22.14413369810193,0.6339216743233467,False,20.185060176161283,1.0979108514483369
Batch_3,img_cfe5vt7s,58,73.0,642.2876712328767,5757.1506849315065,11.118474717976163,8.456599006989483,0.06680884746213112,False,9.640875829802336,1.3147690589073227
Batch_3,img_cfe5vt7s,59,1055.0,684.9905213270142,5270.32037914692,62.13020011725492,23.951990076756537,-0.8281491323701158,False,36.6506169074355,2.5939473053450888
Batch_3,img_cfe5vt7s,60,9297.0,782.1179950521673,5954.984726255781,182.2654912154329,70.12555313100161,-0.154855355207438,False,108.79939359850682,2.5991308884928515
Batch_3,img_cfe5vt7s,61,115.0,702.3391304347826,565.9391304347826,14.559493888890158,10.2473733868177,-1.2619745098808437,False,12.100518486599809,1.4208025158544144
Batch_3,img_cfe5vt7s,62,80.0,709.0375,2951.3875,10.918904057726518,9.378301241598253,1.0322767957459538,False,10.092530088080641,1.1642731211591701
Batch_3,img_cfe5vt7s,63,272.0,733.8051470588235,10.275735294117647,29.73015505181338,12.877240792270864,-0.9722186245430725,True,18.609705966725112,2.3087364390714753
Batch_3,img_cfe5vt7s,64,1019.0,770.4033366045143,3514.154072620216,38.50096828368638,37.14364740253107,-0.6342775369026099,False,36.01987085047822,1.0365424770067901
Batch_3,img_cfe5vt7s,65,129.0,809.8604651162791,4047.5426356589146,16.369246795102427,10.322783927233287,-0.5390549010439953,False,12.815923738491737,1.5857395553846212
Batch_3,img_cfe5vt7s,66,122.0,827.0983606557377,4047.532786885246,17.0009354116787,9.780013157928888,0.2728099633137561,False,12.463355264843006,1.7383346154187573
Batch_3,img_cfe5vt7s,67,77.0,832.2857142857143,5612.402597402597,12.000050692165912,8.27109391500945,-0.794752210146438,False,9.901487006738307,1.4508420307487466
Batch_3,img_cfe5vt7s,68,252.0,921.8849206349206,4488.190476190476,38.26325691777742,9.330985315076866,0.3975936677797247,False,17.91246396432554,4.100666288259207
Batch_3,img_cfe5vt7s,69,232.0,914.5129310344828,5207.228448275862,19.323504775968807,15.550994677768932,-1.5287138333277455,False,17.186959427966244,1.2425896334202275
Batch_3,img_cfe5vt7s,70,2509.0,938.4157034675169,1126.5552012754085,86.21897494000393,38.13291929387519,0.9512062094614517,False,56.52042124525014,2.261011654406753
Batch_3,img_cfe5vt7s,71,55288.0,1055.672189263493,4865.925897120533,343.26730644252314,222.25123737789997,1.2804813537122213,False,265.3203119802886,1.5445012162468017
Batch_3,img_cfe5vt7s,72,1001.0,935.2227772227773,2161.00999000999,60.94624488997309,29.706057827337705,-1.1647980128237863,False,35.700319106135424,2.051643649393487
Batch_3,img_cfe5vt7s,73,2806.0,967.8186029935852,5133.676764076978,107.76286140223293,36.12551801752101,-0.787226196701427,False,59.77215206537963,2.983012211754792
Batch_3,img_cfe5vt7s,74,161.0,969.8385093167702,2154.496894409938,18.930716881776096,11.778202924257739,0.39946353617272384,False,14.317526556719258,1.607267000196391
Batch_3,img_cfe5vt7s,75,38298.0,1095.2053109822966,4376.673089978589,297.85079500105155,189.13483978176626,0.7176396399539405,False,220.8223903599163,1.5748066054076948
Batch_3,img_cfe5vt7s,76,199.0,1057.3316582914572,4503.321608040201,22.31927510524911,11.969094206254447,-0.5051224705421755,False,15.91774699517169,1.8647422035985128
Batch_3,img_cfe5vt7s,77,8481.0,1163.7909444640961,663.5254097394176,196.75010730843954,56.74191777533074,-0.6281258031147382,False,103.91508350041833,3.4674560716729794
Batch_3,img_cfe5vt7s,78,971.0,1123.2564366632337,5190.523171987642,46.53656125323284,28.40675525625386,1.52461271226729,False,35.16127981086358,1.6382216424731448
Batch_3,img_cfe5vt7s,79,24563.0,1233.668607254814,3874.8799006635995,227.68302497090687,148.05438266808568,-0.4603870790327402,False,176.84621267454332,1.5378337396558932
Batch_3,img_cfe5vt7s,80,1189.0,1177.502943650126,4563.629100084105,56.62968488036826,37.50186367194491,0.060496358939280334,False,38.90863424344407,1.5100498838070504
Batch_3,img_cfe5vt7s,81,1016.0,1214.9429133858268,1666.0442913385828,62.58955901047624,22.582634572402633,0.31856416622083733,False,35.96680938658481,2.7715791445770694
Batch_3,img_cfe5vt7s,82,3088.0,1256.24060880829,5797.5647668393785,90.99795007027367,46.259029607734355,0.7078170523028725,False,62.70377751094572,1.9671391908112816
Batch_3,img_cfe5vt7s,83,2758.0,1272.8948513415519,4405.77519941987,67.87236486931178,54.80753973761719,-1.4993974588024679,False,59.25870960778322,1.2383764203655276
Batch_3,img_cfe5vt7s,84,8046.0,1322.9725329356202,3341.038777032066,138.90431688578133,83.88103717001954,1.336220738173758,False,101.21504521037927,1.655968042028789
Batch_3,img_cfe5vt7s,85,27874.0,1351.4189926096003,2324.316854416302,302.78390822892254,123.44573747488909,1.3759926587599869,False,188.38863837808245,2.452769244385727
Batch_3,img_cfe5vt7s,86,4405.0,1340.5189557321225,5346.297843359818,112.37246906830869,58.34395750746894,1.389814463393936,False,74.89072168538898,1.9260343978881318
Batch_3,img_cfe5vt7s,87,28391.0,1436.5669754499665,4378.892571589588,228.5682572551936,168.42566401874396,0.34412241481296213,False,190.12770422685907,1.3570868702631709
Batch_3,img_cfe5vt7s,88,166.0,1329.6385542168675,1442.3433734939758,19.078295221453654,11.345332770354831,-1.177274408122131,False,14.538148590038452,1.6815985575412056
Batch_3,img_cfe5vt7s,89,214.0,1343.2196261682243,3.0700934579439254,33.568939403822355,9.145513290021723,0.055708390746567284,True,16.50676414605009,3.6705363973882124
Batch_3,img_cfe5vt7s,90,4850.0,1384.6948453608247,3492.114845360825,121.28984357974316,57.30678443784193,1.0570195562018154,False,78.5825158159596,2.116500598830506
Batch_3,img_cfe5vt7s,91,33309.0,1489.0130295115434,5426.331682127953,256.35305462571307,176.00304274849205,0.14018898811283564,False,205.93769930632791,1.4565262658103078
Batch_3,img_cfe5vt7s,92,14008.0,1480.2929754426043,36.359865790976585,227.4273680828716,81.24152397024538,-0.1218258118842994,True,133.54976429275402,2.799398102947535
Batch_3,img_cfe5vt7s,93,1652.0,1392.4588377723971,2894.008474576271,66.96400648240686,33.71101900932367,-1.3795769665077762,False,45.86274880447626,1.98641300234461
Batch_3,img_cfe5vt7s,94,1489.0,1404.4936198791136,802.063801208865,68.22733729545052,31.086356741310368,-1.2277328625772592,False,43.54140193092842,2.1947678804310913
Batch_3,img_cfe5vt7s,95,265.0,1390.7169811320755,2935.675471698113,20.4008327658407,17.84909726241633,1.1673789526918192,False,18.36868202552426,1.1429616000130938
Batch_3,img_cfe5vt7s,96,802.0,1426.852867830424,2867.8216957605987,69.02756437687623,15.950239408824364,0.9568602219126978,False,31.955251757380985,4.327682024552383
Batch_3,img_cfe5vt7s,97,231.0,1436.4155844155844,2903.4935064935066,26.56697749287704,11.368048712957686,0.8154270886173919,False,17.14987856615383,2.336986598464792
Batch_3,img_cfe5vt7s,98,5192.0,1466.7060862865947,2794.6338597842837,160.5488295805952,44.44391030856751,1.4130575842910322,False,81.30596359594396,3.6123920794981443
Batch_3,img_cfe5vt7s,99,744.0,1476.0819892473119,2467.7903225806454,40.39687576318496,25.49112723863471,-0.5403967851293606,False,30.77808020788433,1.5847426198539736
Batch_3,img_cfe5vt7s,100,510.0,1489.5843137254901,2511.0823529411764,41.068803963099796,17.0282841358099,1.08849610964059,False,25.482389366284572,2.411799311989016
Batch_3,img_cfe5vt7s,101,1659.0,1502.8981314044606,573.6431585292345,66.57821193843209,32.54320091642595,1.4548376905425207,False,45.95981293168669,2.04584091495521
Batch_3,img_cfe5vt7s,102,2725.0,1545.9614678899084,5677.670091743119,108.377831538394,33.14790435907052,-1.4149933044234322,False,58.90312181373173,3.2695228743393465
Batch_3,img_cfe5vt7s,103,200.0,1558.5,461.07,24.771549418457763,11.847866449656868,0.4689569512630803,False,15.957691216057308,2.0908025528237775
Batch_3,img_cfe5vt7s,104,21455.0,1636.1118154276392,1345.7968771848055,252.82771056817728,114.7952682107424,-1.2493923468062134,False,165.2796249762593,2.202422752338828
Batch_3,img_cfe5vt7s,105,714.0,1592.6582633053222,1931.1148459383753,33.683400089124554,27.74552157559037,0.1504429166200671,False,30.15116971098976,1.2140121423688839
Batch_3,img_cfe5vt7s,106,489.0,1605.7464212678938,3113.4539877300613,35.94258627078735,19.46441071164804,1.432860411257342,False,24.952237121658943,1.8465797297052677
Batch_3,img_cfe5vt7s,107,2748.0,1644.0600436681223,6695.987627365356,74.13884549268332,52.135253924982514,1.3220538364855339,False,59.15118146691769,1.4220482286201541
Batch_3,img_cfe5vt7s,108,302.0,1628.4701986754967,3133.109271523179,32.98109742108147,12.563569685759076,-1.515332018376598,False,19.60913925979463,2.625137460610885
Batch_3,img_cfe5vt7s,109,11707.0,1702.1564021525583,1668.0729478090032,130.82192253347594,117.57987687009499,-0.338654889090434,False,122.08937443616685,1.1126217003782974
Batch_3,img_cfe5vt7s,110,12255.0,1750.6209710322316,4233.153243574051,217.49995122745906,75.27375750218013,-1.426526880377753,False,124.91417301783422,2.889452558830475
Batch_3,img_cfe5vt7s,111,30.0,1711.4,892.3666666666667,9.745685971596123,3.8700336560022413,-1.4261215229903863,False,6.180387232371033,2.5182432086814077
Batch_3,img_cfe5vt7s,112,221.0,1724.0950226244345,2135.7466063348415,25.19804502799146,12.747986459724011,1.2674371156824957,False,16.774562271083887,1.976629415759278
Batch_3,img_cfe5vt7s,113,36390.0,1860.640395713108,1920.269469634515,309.90270777389674,160.92794084755195,0.8673011325577263,False,215.25145071035544,1.9257234395826237
Batch_3,img_cfe5vt7s,114,3904.0,1835.4305840163934,5911.192110655737,94.48237042723221,60.23999253051792,-0.6907643270832567,False,70.50338419286038,1.5684326384895702
Batch_3,img_cfe5vt7s,115,386.0,1814.0854922279793,3288.2512953367877,39.35938810132201,15.196513874556766,1.1213557276372308,False,22.16913314200113,2.59002745144205
Batch_3,img_cfe5vt7s,116,9054.0,1844.4299757013475,1658.5606361829025,164.85243885678824,74.04602777804281,-1.4108923621653673,False,107.36810903630632,2.2263508766593505
Batch_3,img_cfe5vt7s,117,12864.0,1877.1376710199006,6547.498989427861,167.635936116635,112.23559465575174,1.5699512046599389,False,127.98028560474904,1.4936075906293973
Batch_3,img_cfe5vt7s,118,215.0,1829.3767441860466,6734.706976744186,33.83785471559114,9.930288074237943,-1.3943157376661608,False,16.545286401814263,3.4075400897358037
Batch_3,img_cfe5vt7s,119,24168.0,1959.8786411784176,2213.4663190996357,194.73318060244307,175.15142845468816,-0.5179908613453829,False,175.4185090495282,1.1117989862858626
Batch_3,img_cfe5vt7s,120,217.0,1890.1658986175116,4061.2580645161293,19.89620550933923,15.236963146071986,-0.17435606329061282,False,16.622063085174787,1.3057854979762402
Batch_3,img_cfe5vt7s,121,52525.0,1979.7267586863397,2917.5698810090435,365.3265555653543,189.201348754332,-1.3910569291258355,True,258.60569809502346,1.9308876917136124
Batch_3,img_cfe5vt7s,122,175.0,1989.4685714285715,1437.3657142857144,22.24004392341174,14.164002855724135,0.8485421763253869,False,14.927053303604616,1.5701807003253896
Batch_3,img_cfe5vt7s,123,308.0,2037.9253246753246,2284.353896103896,54.69337431908077,7.980260712049591,0.08269221427258923,False,19.802974013476614,6.853582394432039
Batch_3,img_cfe5vt7s,124,62.0,2058.7903225806454,6890.4838709677415,10.190371729056206,7.76034286086233,0.549605680241264,False,8.884866446580956,1.3131342147844034
Batch_3,img_cfe5vt7s,125,80.0,2060.675,6909.325,12.287899699691387,8.344310694738322,0.43873715096652094,False,10.092530088080641,1.4726081217756881
Batch_3,img_hawkfj64,1,788.0,9.137055837563452,1146.5571065989848,53.44386888232244,20.40078502415019,1.295947984021256,True,31.675112647807715,2.61969668417447
Batch_3,img_hawkfj64,2,1427.0,6.011212333566924,2383.7456201822006,127.96548228305974,16.112597143645633,-1.5364656356919908,True,42.62526047236635,7.941952569299222
Batch_3,img_hawkfj64,3,2814.0,13.07356076759062,4278.651030561478,121.90488286017134,30.924334198531852,-1.5620757102936387,True,59.85729762430599,3.9420374284390847
Batch_3,img_hawkfj64,4,9807.0,60.95972264708882,4597.837157132661,187.27206476465125,69.7320598078344,0.8026869692533393,True,111.74372561901514,2.6855949082922574
Batch_3,img_hawkfj64,5,361.0,9.628808864265928,4628.581717451523,33.1290355325618,16.583556941317916,0.6512254887443721,True,21.43920417481474,1.9977038490470547
Batch_3,img_hawkfj64,6,107.0,3.364485981308411,5114.915887850468,19.04380046697426,10.243370603795203,-1.1662029454660492,True,11.67204486311899,1.859134185764837
Batch_3,img_hawkfj64,7,116.0,4.0,5550.818965517241,14.44793738058051,11.028566608032042,-1.2359966969958966,True,12.153015559492998,1.3100467081604386
Batch_3,img_hawkfj64,8,7476.0,32.700775815944354,5678.091492776886,127.16560896579324,83.62033321090026,-1.2993456319149306,True,97.56402429399925,1.520749847349528
Batch_3,img_hawkfj64,9,2953.0,17.51337622756519,6854.843548933288,111.24887040596907,37.49100438422901,-1.4834824299249525,True,61.3178308129286,2.967348360844851
Batch_3,img_hawkfj64,10,254.0,11.692913385826772,1083.5039370078741,28.000682244062332,11.981447035045925,-1.3828075092196372,False,17.983404693292407,2.3370033821590903
Batch_3,img_hawkfj64,11,98.0,24.775510204081634,6786.7959183673465,14.293352347517898,8.922730191573683,0.019004588268458533,False,11.170383851240114,1.601903457869436
Batch_3,img_hawkfj64,12,76.0,25.539473684210527,830.75,11.974330522791826,8.285113720520737,-0.5019852314503812,False,9.83698151873187,1.445282578696966
Batch_3,img_hawkfj64,13,45.0,27.488888888888887,2341.733333333333,10.934337803632229,5.586735614001303,0.06402999800396789,False,7.569397566060481,1.9571962160208425
Batch_3,img_hawkfj64,14,111.0,49.234234234234236,4424.657657657658,18.618782950823288,7.999581460424891,-0.4395136814049779,False,11.888212206450685,2.3274696361219838
Batch_3,img_hawkfj64,15,3802.0,100.7330352446081,817.0365597054182,103.78541006650269,52.35951183326913,0.5814016509779588,False,69.5762657023434,1.9821691691280752
Batch_3,img_hawkfj64,16,375.0,93.34666666666666,6733.3786666666665,43.0603116967344,11.562835452050201,-0.8627484534806812,False,21.850968611841584,3.72402702393377
Batch_3,img_hawkfj64,17,108.0,104.5,6800.138888888889,13.214280829002071,10.92228741698285,1.502293732325332,False,11.726460285670077,1.2098455501597078
Batch_3,img_hawkfj64,18,477.0,140.35639412997904,2470.5492662473794,70.26404948210033,9.954361473356501,1.561188773091504,False,24.64417299969047,7.058619447381598
Batch_3,img_hawkfj64,19,791.0,148.80025284450062,130.0417193426043,57.898614149796224,20.97459907078803,-1.4837084060550072,False,31.735350634355903,2.7604157750234855
Batch_3,img_hawkfj64,20,42.0,150.0,2503.9285714285716,11.742039805089583,4.73537970426691,1.3306979246294448,False,7.312732791431452,2.479640607174369
Batch_3,img_hawkfj64,21,1665.0,178.08828828828828,4834.318918918919,73.25158969255023,34.80769548617518,1.487780129584398,False,46.04284789176323,2.1044653680575918
Batch_3,img_hawkfj64,22,4631.0,252.57223061973656,5430.293025264522,147.43856059889907,41.64782051589836,0.6112857222237786,False,76.78783973825894,3.5401266806414724
Batch_3,img_hawkfj64,23,3738.0,252.6246655965757,6186.409309791332,81.61132466032483,61.89455019726111,-0.06774922693992629,False,68.98818317813594,1.3185542895170146
Batch_3,img_hawkfj64,24,211.0,223.91469194312796,5093.957345971564,27.719185447450286,11.5800848544654,-1.195457334879242,False,16.39065416446578,2.3936945018810882
Batch_3,img_hawkfj64,25,1930.0,271.0699481865285,3115.060103626943,81.42161324971882,32.102642124126405,1.1905094524162725,False,49.57168870775802,2.5362900952170304
Batch_3,img_hawkfj64,26,1654.0,326.1644498186215,3690.954655380895,68.33312658415127,33.475067195109375,-1.2950577045403195,False,45.890502361512226,2.0413140976199315
Batch_3,img_hawkfj64,27,19914.0,441.81756553178667,3324.058501556694,247.27635773245865,107.80199108082327,-0.3684898458093604,False,159.23345218218446,2.2938013969247204
Batch_3,img_hawkfj64,28,689.0,331.74746008708274,1467.1727140783744,43.14740390572099,23.0680774443011,-1.170442814858854,False,29.618609797263055,1.8704377948228377
Batch_3,img_hawkfj64,29,387.0,361.5865633074935,4380.868217054263,37.92217646643511,13.652447612214894,0.6970200208184143,False,22.197831060995757,2.7776833534600787
Batch_3,img_hawkfj64,30,145.0,361.3862068965517,5621.944827586207,15.076582292751924,13.444115024633005,-0.5770029296495449,False,13.58748446131949,1.1214261604522
Batch_3,img_hawkfj64,31,1307.0,370.4881407804132,980.671767406274,72.97789476439289,23.977460038633346,1.2707755525324909,False,40.79367702192164,3.043604061765019
Batch_3,img_hawkfj64,32,186.0,389.81182795698925,2588.1881720430106,18.570090726222222,12.971322623040157,1.019926309273909,False,15.389040103942165,1.4316266171066718
Batch_3,img_hawkfj64,33,835.0,426.60359281437127,3059.2754491017963,48.907562591432466,23.541554372294083,-0.2895024869220268,False,32.60605802383755,2.077499294141405
Batch_3,img_hawkfj64,34,3884.0,494.51029866117403,3536.373841400618,87.52715151316397,60.739876014601045,-0.3327327573629815,False,70.32255962172717,1.4410163019121678
Batch_3,img_hawkfj64,35,29160.0,582.3502057613168,5733.617661179698,246.67632095313343,168.78527956479576,-1.4249305577790552,False,192.68540454449928,1.4614800626522393
Batch_3,img_hawkfj64,36,86.0,483.16279069767444,3184.4767441860463,13.319718286399322,8.291989485499775,-0.9635624513701178,False,10.464157913908982,1.606335645949811
Batch_3,img_hawkfj64,37,6518.0,542.7410248542498,5539.483890764038,113.69229652385357,75.4045006532397,-1.4866383432453212,False,91.09871213460589,1.507765392502057
Batch_3,img_hawkfj64,38,53910.0,740.8158412168428,2150.5171211278057,290.3109155684558,252.22812150343015,-0.05769021939996651,False,261.99302253432745,1.1509855199254924
Batch_3,img_hawkfj64,39,11584.0,713.6486533149172,525.3815607734807,151.53114036917225,100.70047823428084,-0.2356109815529299,False,121.44631277322554,1.5047708116800924
Batch_3,img_hawkfj64,40,535.0,672.185046728972,1569.6691588785047,38.84860265237848,20.016278068255133,-0.3835825957529557,False,26.099485750361293,1.9408504677995317
Batch_3,img_hawkfj64,41,2757.0,703.0986579615524,2980.7286906057307,79.74618350945046,44.445520058808086,0.4950354478062051,False,59.24796557549334,1.7942457058424406
Batch_3,img_hawkfj64,42,6963.0,696.8094212264829,6758.125089760161,171.28222461360994,53.86656766086622,1.492991977546584,False,94.15713966551309,3.17975011313085
Batch_3,img_hawkfj64,43,1066.0,691.3236397748593,653.7767354596623,57.28798911475287,26.1284767028968,1.4872950585881428,False,36.84119100528216,2.192549905077378
Batch_3,img_hawkfj64,44,436.0,704.6949541284404,689.7889908256881,40.753199362705985,15.26233267785251,-0.5220406121142437,False,23.56124872549269,2.6701815654853207
Batch_3,img_hawkfj64,45,320.0,714.88125,2319.98125,27.497283337966255,15.174589254131503,-0.08761543720021991,False,20.185060176161283,1.812061129132686
Batch_3,img_hawkfj64,46,796.0,760.9673366834171,1263.0653266331658,54.123585485314855,20.53650707236497,0.871949175645106,False,31.83549399034338,2.6354815497396085
Batch_3,img_hawkfj64,47,2503.0,763.7051538154215,5101.347582900519,110.14374598310242,32.06822792881908,-1.3776654635792047,False,56.45279958046467,3.434668926127921
Batch_3,img_hawkfj64,48,19813.0,879.233028819462,2711.5084540453236,215.45331522233712,125.2381736860901,0.11660256343064845,False,158.8291380693032,1.7203485876628286
Batch_3,img_hawkfj64,49,130.0,821.1846153846154,1342.9923076923078,22.123430845267073,7.811716844632873,0.9800892096511045,False,12.865501965161373,2.8320830472071226
Batch_3,img_hawkfj64,50,3100.0,876.2096774193549,2302.063548387097,98.59638535210301,41.13138945901869,-0.9041680216511693,False,62.825493143142175,2.3971080639116176
Batch_3,img_hawkfj64,51,2380.0,876.3243697478991,3981.896218487395,72.68664540797009,44.67856252415866,0.5174193868961893,False,55.04825261958537,1.6268796778917598
Batch_3,img_hawkfj64,52,273.0,873.4249084249084,2572.3626373626375,26.486721289762006,13.360428134507567,0.9593375464193807,False,18.643883600599406,1.9824754882930435
Batch_3,img_hawkfj64,53,1370.0,883.0890510948905,5802.828467153285,94.09181727790437,22.738263211300204,-1.3461231589070932,False,41.76527476609214,4.138038882017325
Batch_3,img_hawkfj64,54,6366.0,943.007382972039,479.63367891925856,138.518960842339,61.359748507452856,-0.2044983678075748,False,90.03023348733494,2.257489057757697
Batch_3,img_hawkfj64,55,98.0,906.1020408163265,2778.1938775510203,13.717616485937794,9.08675897658677,0.20019939920384602,False,11.170383851240114,1.509626977152474
Batch_3,img_hawkfj64,56,2055.0,976.818491484185,4080.143065693431,67.89103403680075,42.8504624597314,0.2722445519164667,False,51.151806072031896,1.584371092858126
Batch_3,img_hawkfj64,57,7818.0,1014.7789716039908,3955.8296239447427,131.61278396383895,80.69551291700866,0.31745554901475054,False,99.77067084438944,1.6309802020738897
Batch_3,img_hawkfj64,58,5914.0,1017.0803178897531,2800.5547852553264,115.42820864065665,72.04446783427431,0.815464244894277,False,86.77521920204957,1.602180043944235
Batch_3,img_hawkfj64,59,3692.0,995.5877573131095,1378.1026543878656,125.48128209930238,39.80300899050442,1.4890080999492659,False,68.56238326635255,3.1525576905313297
Batch_3,img_hawkfj64,60,104.0,986.8653846153846,2845.326923076923,17.452294968848335,7.738148278616117,1.1321573795711495,False,11.507254783503184,2.2553580443885584
Batch_3,img_hawkfj64,61,2841.0,1028.1876099964802,1156.8898275255192,136.59134806098436,29.308980672855657,1.1004634888451648,False,60.14377396366641,4.6603923072455276
Batch_3,img_hawkfj64,62,808.0,1018.4430693069307,4194.444306930693,36.898075037588804,28.651108511129305,0.03864512342147811,False,32.07456238432586,1.2878410977800747
Batch_3,img_hawkfj64,63,190.0,1014.8105263157895,1548.2947368421053,19.605884972955703,12.629235316381482,-0.823688279058257,False,15.553633450087505,1.5524205925219203
Batch_3,img_hawkfj64,64,5007.0,1038.5030956660676,3055.810465348512,117.65802240786894,55.19842428821286,-1.5223456325731708,False,79.84428846504275,2.1315467592612745
Batch_3,img_hawkfj64,65,4478.0,1052.1087539079947,317.92965609647166,117.35375304109492,51.71825371543465,-0.9938711255320474,False,75.5087192403901,2.2690973613842687
Batch_3,img_hawkfj64,66,21215.0,1125.7366014612303,3904.4775866132454,213.08168412744496,135.6890282564193,0.8929965597186033,False,164.3525994365665,1.5703678246171262
Batch_3,img_hawkfj64,67,1391.0,1044.5528396836808,5919.621135873473,54.77293835653372,37.02498102138602,1.0549161125257265,False,42.084156243491584,1.4793508827160855
Batch_3,img_hawkfj64,68,1657.0,1053.8678334339168,3398.181653590827,57.42348593536689,39.70142208803442,0.8229980081226071,False,45.93210125420091,1.4463836032884503
Batch_3,img_hawkfj64,69,54.0,1041.1666666666667,2.462962962962963,9.852890506789091,7.567626520765681,0.12663445288537378,True,8.291859587312052,1.301978959949016
Batch_3,img_hawkfj64,70,432.0,1053.7175925925926,1610.7939814814815,37.3289561684302,17.415440674855823,-1.4215805585696801,False,23.452920571340155,2.143440230158818
Batch_3,img_hawkfj64,71,233.0,1069.8025751072962,14.763948497854077,29.608312749750038,10.15143092545921,-0.11460904121646351,False,17.22396045987371,2.916663962663045
Batch_3,img_hawkfj64,72,3385.0,1105.207976366322,3336.3861152141803,85.9398441847497,55.876458426355455,-0.9788659196055576,False,65.64994942060905,1.5380331288894669
Batch_3,img_hawkfj64,73,864.0,1114.3530092592594,694.09375,42.425136259184654,31.093812755072413,0.8765091068313893,False,33.16743834924821,1.3644237390045946
Batch_3,img_hawkfj64,74,286.0,1120.7587412587413,5076.891608391608,20.0751327909592,19.046020318439705,-0.911289532500791,False,19.08262324195121,1.0540329399692565
Batch_3,img_hawkfj64,75,19212.0,1176.5997293358319,5541.52139287945,237.25364835613485,118.19480831937423,-1.3986500354558278,False,156.40165642809524,2.0073102340929534
Batch_3,img_hawkfj64,76,10218.0,1189.4066353493834,48.77745155607751,126.33517668893816,113.48986658356323,0.772097208636367,True,114.06121894887804,1.1131846436343888
Batch_3,img_hawkfj64,77,2514.0,1160.9745425616547,2188.014717581543,69.57077766123894,49.936105373412715,0.20298250088593917,False,56.57671089294781,1.3931959078707052
Batch_3,img_hawkfj64,78,242.0,1141.7314049586778,4965.842975206611,22.766787464584905,14.251308495805006,-1.3821578635808722,False,17.55346033766304,1.597522604418149
Batch_3,img_hawkfj64,79,3178.0,1198.4395846444304,345.7344241661422,73.15767719084575,57.376706493289795,1.0092163907825003,False,63.61096818291911,1.275041417711934
Batch_3,img_hawkfj64,80,509.0,1190.713163064833,3600.6031434184674,28.018813440614718,25.34628038254514,0.9164605321795045,False,25.45739437315213,1.1054408385661998
Batch_3,img_hawkfj64,81,8402.0,1271.441204475125,4751.09426327065,127.0690891426712,88.6266658831673,-1.5086828790431042,False,103.42996980984205,1.4337568481948861
Batch_3,img_hawkfj64,82,706.0,1286.6317280453259,8.471671388101983,43.177718673228114,23.85473798849137,0.12259279116948532,True,29.98177977677484,1.8100269512102396
Batch_3,img_hawkfj64,83,339.0,1291.0265486725664,6990.566371681416,37.36566016935569,12.297564977394599,0.006365511760561933,True,20.775663783985824,3.038460072220907
Batch_3,img_hawkfj64,84,3458.0,1325.3733371891267,5991.659340659341,100.57773683696283,49.17752273953658,-0.9113685396398196,False,66.3540680417877,2.0451973022240653
Batch_3,img_hawkfj64,85,9486.0,1369.7022981235505,5216.795066413662,169.77484743292933,74.933325180278,-0.7272697016996864,False,109.89972848627859,2.2656788154599745
Batch_3,img_hawkfj64,86,8080.0,1350.134405940594,3987.7721534653465,125.35176682790629,97.08833906390602,-0.894794937753208,False,101.4286720876307,1.2911104262005817
Batch_3,img_hawkfj64,87,8581.0,1387.5497028318377,3834.202307423377,179.99412113557102,62.38593506341574,0.7548236561542464,False,104.52592278173118,2.885171488615274
Batch_3,img_hawkfj64,88,1756.0,1363.1731207289295,1261.2835990888382,110.56210564910994,26.719571481397885,1.2333692158937333,False,47.28433821631583,4.137869715690727
Batch_3,img_hawkfj64,89,27998.0,1445.7864847489107,2505.9618544181726,326.8359676185162,115.81376222816496,-1.2016240239017366,False,188.80720530079114,2.8220822925570443
Batch_3,img_hawkfj64,90,244.0,1439.0081967213114,5042.25,20.755183019342102,15.360957254409698,0.8372866159080766,False,17.625846048215095,1.3511646882152395
Batch_3,img_hawkfj64,91,26770.0,1546.2679118416138,3648.5590212924917,224.02252569569893,160.83515798869502,-0.21154030100904397,False,184.62021182026714,1.3928703680040238
Batch_3,img_hawkfj64,92,154.0,1489.9155844155844,3223.0454545454545,15.614226435464358,12.812211176078344,-0.6714407003451952,False,14.002817212590296,1.2186988038893436
Batch_3,img_hawkfj64,93,210.0,1495.2285714285715,3251.7809523809524,24.408876080170366,16.81533589725029,-0.08078822235763429,False,16.351767622932517,1.451584210349423
Batch_3,img_hawkfj64,94,318.0,1503.361635220126,3275.0943396226417,29.963028961420232,14.76889908854406,-1.4095308478817234,False,20.12188299403865,2.02879231429389
Batch_3,img_hawkfj64,95,5015.0,1603.523030907278,5828.90667996012,99.71125223550604,72.02080476423772,-1.405672231427091,False,79.90804913678497,1.3844784512185586
Batch_3,img_hawkfj64,96,7007.0,1668.9333523619239,5143.987726559155,202.71853444128902,55.363814878102964,0.32466921829815226,False,94.45416608048205,3.661570917532032
Batch_3,img_hawkfj64,97,1409.0,1612.3271823988644,5169.8899929027675,82.84326479550548,23.75331130862725,0.44869449531025163,False,42.35557246138747,3.4876512044624546
Batch_3,img_hawkfj64,98,817.0,1595.6499388004895,3510.0697674418607,45.19244781423252,29.712958605325987,-0.1388400298114532,False,32.252700786889584,1.5209676159994336
Batch_3,img_hawkfj64,99,82.0,1599.2439024390244,5104.524390243902,20.034046535787922,5.492126340478523,0.031303174390549256,False,10.217907939900583,3.6477759785188
Batch_3,img_hawkfj64,100,345.0,1609.9072463768116,5994.428985507247,37.909540545264754,12.873261386700475,-1.1141753587309944,False,20.958712816717327,2.9448279970784688
Batch_3,img_hawkfj64,101,506.0,1621.907114624506,6132.644268774704,35.326908126444586,18.70334684783123,-0.3947500074333591,False,25.38226171238474,1.888801422219305
Batch_3,img_hawkfj64,102,623.0,1628.8587479935795,4053.8426966292136,33.76359431313599,25.044254186161417,1.3613160442173982,False,28.16430784468183,1.3481573083455036
Batch_3,img_hawkfj64,103,2354.0,1660.089209855565,3537.9354290569245,67.04297378814147,55.28035210175299,-0.6424478898716776,False,54.74674317533942,1.212781236717475
Batch_3,img_hawkfj64,104,563.0,1651.834813499112,3582.172291296625,29.512447838667413,26.14790861367115,1.268653850461867,False,26.77375326109316,1.1286733587265618
Batch_3,img_hawkfj64,105,8565.0,1764.3905429071804,1840.6607122008172,183.9004009908722,69.61342490724509,-0.44318673503194,False,104.42842860378906,2.64173758489697
Batch_3,img_hawkfj64,106,2679.0,1718.664800298619,12.437103396789848,115.42847372393308,31.786491376020308,0.016532692420506295,True,58.40384182864601,3.631368821379644
Batch_3,img_hawkfj64,107,24147.0,1757.877003354454,2594.6955315360087,289.45234867983936,111.45835043988019,1.0799221348143637,False,175.34228037390176,2.5969552531280984
Batch_3,img_hawkfj64,108,19459.0,1802.7863199547767,601.6247494732514,206.87563957233033,129.15782462568353,0.6085945455394729,False,157.40383826642073,1.6017275002260476
Batch_3,img_hawkfj64,109,401.0,1707.9725685785536,6800.184538653367,29.87443523889192,17.48839615903088,1.1313198517535819,False,22.595775212167435,1.7082432812722497
Batch_3,img_hawkfj64,110,571.0,1711.1366024518388,519.2276707530648,40.826273271093314,19.184328677074863,-1.2611790621622194,False,26.963304323539017,2.1281053905149374
Batch_3,img_hawkfj64,111,4159.0,1759.5655205578264,485.57369559990383,104.34026625147054,54.30505365352791,0.5902276732067154,False,72.76952154957144,1.9213730441585175
Batch_3,img_hawkfj64,112,2608.0,1773.8190184049079,5203.312116564417,83.53176525510284,41.95870869207927,-0.34145938758317695,False,57.624723276292656,1.9908087703106911
Batch_3,img_hawkfj64,113,3625.0,1796.9859310344827,6598.517241379311,104.26685279640215,45.83926981455941,-0.8006506507292832,False,67.93742230659745,2.274618535989093
Batch_3,img_hawkfj64,114,924.0,1786.5660173160172,914.1168831168832,45.16437494285539,26.81884084363194,1.2458256412349407,False,34.29975713230766,1.6840539531960996
Batch_3,img_hawkfj64,115,1336.0,1851.677395209581,510.6137724550898,63.19570019074884,28.160150271173414,1.1134685247771061,False,41.24376354997416,2.2441535141749624
Batch_3,img_hawkfj64,116,5270.0,1873.419165085389,814.923339658444,115.13046099835485,63.016900875828476,-1.3521027954930116,True,81.914421201363,1.826977515527357
Batch_3,img_hawkfj64,117,6592.0,1882.054004854369,371.90291262135923,223.5465195657766,41.24699216574296,1.4882958071604033,True,91.61438248929146,5.41970475489458
Batch_3,img_hawkfj64,118,1143.0,1893.0323709536308,1175.9063867016623,95.70571583482364,17.621668259975692,-1.5635928792469609,True,38.14856222234714,5.4311382113690785
Batch_3,img_hzumfsms,1,2133.0,24.688701359587437,792.4838255977496,62.65687515870937,47.89647989402401,-0.1656388319825704,True,52.11352942298288,1.308172861499306
Batch_3,img_hzumfsms,2,2694.0,28.47735708982925,1114.513734224202,71.37641626337515,53.39808883308285,-0.7088854933209637,True,58.567118193714535,1.3366848481504792
Batch_3,img_hzumfsms,3,6607.0,33.2171938852732,1772.0137732707735,122.18810144092286,75.01631684361664,-1.356767482311271,True,91.7185568577331,1.6288203231257443
Batch_3,img_hzumfsms,4,1121.0,27.061552185548617,2368.8028545941124,54.84576914846247,28.942735937445956,-0.07942900512265143,True,37.77964438223469,1.8949752803950821
Batch_3,img_hzumfsms,5,583.0,5.6620926243567755,3986.5128644939964,64.43819900662746,12.990910058133892,-1.4117875208966948,True,27.245158369526866,4.960252878225517
Batch_3,img_hzumfsms,6,9110.0,28.06926454445664,4348.345005488474,172.84361197322235,71.64332522387632,-1.5666979348439316,True,107.69963905481454,2.4125570865549295
Batch_3,img_hzumfsms,7,3060.0,14.86437908496732,4685.172549019608,119.90851978997856,41.95116691624526,-1.4232410920438796,True,62.418851374321186,2.8582880669177504
Batch_3,img_hzumfsms,8,7970.0,23.83099121706399,5523.882057716437,189.86176156503547,64.92959249131732,1.4762158500980247,True,100.73588820047821,2.9241175599619638
Batch_3,img_hzumfsms,9,10706.0,63.451802727442555,5763.254810386699,157.94073652009195,87.90991546722887,0.6129729089840757,True,116.75316940423781,1.7966202752062619
Batch_3,img_hzumfsms,10,101.0,9.623762376237623,1842.6039603960396,13.170977097180913,9.916904145571085,-0.19248619922697527,False,11.340070282773887,1.3281339522741182
Batch_3,img_hzumfsms,11,445.0,19.806741573033708,156.50337078651685,27.549873802213774,21.139715926420962,0.7438704157543916,False,23.803184606416586,1.3032281937044021
Batch_3,img_hzumfsms,12,88.0,20.670454545454547,1697.0,11.54524699855407,10.412694842889547,-0.8387128940744305,False,10.585134856802455,1.1087664790674148
Batch_3,img_hzumfsms,13,124.0,41.604838709677416,2293.1532258064517,17.363459292511173,9.443758732833398,-1.1168040057183481,False,12.565098628628435,1.8386174174635694
Batch_3,img_hzumfsms,14,8905.0,132.62436833239752,2265.815160022459,194.7572766686602,77.98695567975504,-0.7288073999408581,False,106.48097551143408,2.497305799041699
Batch_3,img_hzumfsms,15,12293.0,122.85023997396893,5164.277068250224,221.57259205944268,79.43065921690422,1.4730954042164968,False,125.10768850645972,2.789509670999787
Batch_3,img_hzumfsms,16,91.0,83.52747252747253,4346.1648351648355,12.103673158814592,9.833750137746605,-1.5215951755077508,False,10.764051215546116,1.230829845102017
Batch_3,img_hzumfsms,17,780.0,112.37307692307692,4138.265384615384,38.51518888142208,26.17173499422361,-1.5287885447294585,False,31.513915099419602,1.4716329998726796
Batch_3,img_hzumfsms,18,1603.0,128.90642545227698,1559.5252651278852,73.23616740472639,29.681849023612486,-1.405004082791479,False,45.177461086369895,2.4673721420274592
Batch_3,img_hzumfsms,19,5532.0,193.79953000723066,2140.2586767895878,91.65091934562243,79.32672569260495,0.19424712556047738,False,83.925926634592,1.1553599186833243
Batch_3,img_hzumfsms,20,1184.0,172.3420608108108,2027.785472972973,64.49771545623405,24.35472188395923,0.7043541976600698,False,38.826738479640966,2.648263271637449
Batch_3,img_hzumfsms,21,379.0,189.62005277044855,5352.849604221636,38.03294206776602,15.145570338258262,-0.6192509454620672,False,21.967197988242077,2.5111594491554685
Batch_3,img_hzumfsms,22,304.0,196.12828947368422,4076.3388157894738,40.90379899781089,11.559466404543306,-0.6989543181310739,False,19.67396303746374,3.538554252100612
Batch_3,img_hzumfsms,23,3850.0,231.66181818181818,5245.155324675325,113.64608309099175,45.05082518655691,0.45072627565219614,False,70.01408606295148,2.522619344271269
Batch_3,img_hzumfsms,24,2043.0,232.5276554087127,3010.3636808614783,78.27341177904589,34.97496704766054,-0.14430153380364014,False,51.002239067456024,2.237983860639021
Batch_3,img_hzumfsms,25,2282.0,238.60473269062226,3263.485977212971,112.51100543872853,27.594239796463107,1.3802567268610526,False,53.902992876886174,4.077336656802904
Batch_3,img_hzumfsms,26,18500.0,366.7837297297297,697.0714594594594,256.90296026791714,100.51251161466719,0.48230905475922636,False,153.47615963921078,2.555930163727287
Batch_3,img_hzumfsms,27,760.0,327.0921052631579,5023.901315789473,48.532204217384006,27.158345086156388,-0.15046863631207982,False,31.10726690017501,1.7870088940773738
Batch_3,img_hzumfsms,28,9896.0,385.0256669361358,824.4439167340339,152.46721412353264,86.1134769962094,-0.03239381670603931,False,112.24962598912822,1.7705383575470313
Batch_3,img_hzumfsms,29,167.0,333.0179640718563,5070.389221556886,29.434750855261626,8.151553297553919,1.4366301284356588,False,14.581872443920643,3.6109376680508576
Batch_3,img_hzumfsms,30,137.0,354.5620437956204,6144.7226277372265,17.959888902388318,10.075817411599534,0.24141412700115972,False,13.207339536360731,1.7824746289777387
Batch_3,img_hzumfsms,31,331.0,356.87311178247734,6379.012084592145,27.37345331653397,20.84076366826708,0.8865548082664566,False,20.529059630371258,1.3134573066635655
Batch_3,img_hzumfsms,32,149.0,359.5570469798658,6354.919463087248,18.593388070157822,13.198886625379672,-1.1270134403439214,False,13.773623058786647,1.4087088250614452
Batch_3,img_hzumfsms,33,1005.0,371.94427860696516,6875.2457711442785,43.295849809647734,35.50308685726366,-0.36881977139057825,False,35.77157729900708,1.2194953634233001
Batch_3,img_hzumfsms,34,495.0,381.54949494949494,6927.753535353535,52.73084347609832,13.599114751938423,-1.341878388968107,False,25.104851615652017,3.8775202973106797
Batch_3,img_hzumfsms,35,251.0,381.24701195219126,3721.625498007968,42.868651540868456,8.259648620623238,-1.1424883134651072,False,17.876888032555495,5.190130175009039
Batch_3,img_hzumfsms,36,343.0,386.5451895043732,6356.276967930029,37.00899599931425,12.117071966884,-0.8172269922344071,False,20.897874625046462,3.0542854000091744
Batch_3,img_hzumfsms,37,3752.0,435.43576759061835,6964.242803837953,98.18870793358644,57.08223899156424,0.9382076995335157,True,69.11725379271323,1.7201271300534835
Batch_3,img_hzumfsms,38,8564.0,529.0953993461,1367.7702008407286,136.39301699679976,84.40481600556612,-0.3236664892512675,False,104.4223321953304,1.61593879889277
Batch_3,img_hzumfsms,39,41442.0,722.1690555475121,916.231793832344,312.9245481041729,173.74257783675054,-0.08939260604049284,False,229.70762550014445,1.801081531080991
Batch_3,img_hzumfsms,40,624.0,596.0432692307693,6659.5016025641025,36.586748388887834,28.056177152006207,-1.2359138823542457,False,28.18690255978371,1.3040532283020474
Batch_3,img_hzumfsms,41,50428.0,714.8323352105973,5226.476104545094,361.05635968065155,183.22824847405502,-1.372550598844903,False,253.3908517723258,1.9705278126466228
Batch_3,img_hzumfsms,42,262.0,646.1526717557252,505.2290076335878,33.07310044404748,10.357537696053333,-1.2364897578858627,False,18.26441241104166,3.193143140251351
Batch_3,img_hzumfsms,43,514.0,654.4221789883269,6625.908560311284,34.95471250866876,19.180680011563563,-0.6788679284895143,False,25.582125126616702,1.822391723734269
Batch_3,img_hzumfsms,44,159.0,752.8993710691824,549.3459119496855,16.342017953136924,12.434242106130256,0.2557894285795216,False,14.228319915326999,1.3142753545935928
Batch_3,img_hzumfsms,45,721.0,795.1803051317614,4251.0873786407765,41.427753682392535,24.257126746621385,-1.5467361050468629,False,30.29860907292697,1.7078590599425685
Batch_3,img_hzumfsms,46,5636.0,888.7452093683463,509.40897799858055,123.65064752504914,64.08015227495977,-0.2696981136898346,False,84.71114492277493,1.9296247454981061
Batch_3,img_hzumfsms,47,2026.0,850.4787759131293,1689.3687068114511,82.58892190003442,35.43227897019453,0.695458296080283,False,50.78959851813597,2.330895000276664
Batch_3,img_hzumfsms,48,128.0,828.9375,1629.65625,14.627350064424467,11.383650780517712,0.7060815042745191,False,12.766152972845846,1.2849436746125513
Batch_3,img_hzumfsms,49,1534.0,857.1825293350718,4829.9713168187745,97.99091291393289,22.093054779451005,-0.9607163514809528,False,44.1944505749731,4.435371834820929
Batch_3,img_hzumfsms,50,535.0,862.9607476635514,46.162616822429904,34.91429898624645,19.98162811175383,0.427831690351979,False,26.099485750361293,1.7473200277263066
Batch_3,img_hzumfsms,51,5618.0,976.6393734425062,3106.237629049484,147.59414882285108,49.77787987223287,0.10828398405054639,False,84.57576344510373,2.9650549441175
Batch_3,img_hzumfsms,52,465.0,927.5935483870968,5019.681720430108,39.55135350849482,15.775116984144386,-0.7587930944938498,False,24.33220886606579,2.5071987452294646
Batch_3,img_hzumfsms,53,1832.0,955.0605895196506,3029.8913755458516,54.871963477329416,44.456141112687824,-1.1556672110530966,False,48.296737425573774,1.2342943427824622
Batch_3,img_hzumfsms,54,63422.0,1063.7467440320393,1358.701097410993,364.09154534164173,228.5355319094185,1.4395658795281552,False,284.16790530634086,1.5931507118374562
Batch_3,img_hzumfsms,55,3377.0,976.5522653242523,1921.0118448326918,86.1913722417203,54.21335506073171,0.2008851534005676,False,65.57232604209374,1.5898549747597377
Batch_3,img_hzumfsms,56,3800.0,1006.7973684210526,1095.9273684210527,80.71805193704118,61.934753413643186,-0.3853263003617311,False,69.55796338302048,1.3032755841934192
Batch_3,img_hzumfsms,57,92.0,981.75,1018.5108695652174,13.725580564007188,8.737601401789993,-0.8725573665506682,False,10.823032759612019,1.5708636653069747
Batch_3,img_hzumfsms,58,17438.0,1082.1723821539167,4472.715678403487,174.3949808556836,132.59792103023062,-0.29304159640702626,False,149.00587633073994,1.315216554684321
Batch_3,img_hzumfsms,59,7287.0,1036.838342253328,6156.312611499931,109.36658140753568,89.37768010396425,0.850076645025296,False,96.32287663107415,1.223645336065115
Batch_3,img_hzumfsms,60,8797.0,1109.7911788109582,1170.5168807548027,179.14276707064514,67.73039475328773,0.11151591386211385,False,105.83330418651411,2.644939066473539
Batch_3,img_hzumfsms,61,3604.0,1059.6059933407325,6686.558268590455,92.88309175882455,57.110714434635824,-0.5283374957010367,False,67.74035222247907,1.626368934066318
Batch_3,img_hzumfsms,62,5186.0,1110.3033166216737,4065.6885846509836,152.1210789171695,46.34666420848732,-0.7106862961830704,False,81.25897045247714,3.282244396983204
Batch_3,img_hzumfsms,63,145.0,1056.4758620689656,4164.3448275862065,16.26327552705883,12.050221698028427,0.3747096106382433,False,13.58748446131949,1.349624590701075
Batch_3,img_hzumfsms,64,308.0,1118.8344155844156,5711.477272727273,27.768404854747573,14.742857696667475,-1.1723579119849565,False,19.802974013476614,1.883515762417244
Batch_3,img_hzumfsms,65,14328.0,1176.0218453378002,5636.016959798995,236.96391386235513,84.45900852009859,1.3524989194280055,False,135.0665620979723,2.8056677199326248
Batch_3,img_hzumfsms,66,6117.0,1243.9841425535394,6950.430439758052,100.37840006448894,82.45346779905576,0.7029594084092744,True,88.25194782635107,1.2173945225580731
Batch_3,img_hzumfsms,67,123.0,1208.3739837398373,4340.284552845528,15.021772510764116,12.78782433552891,1.3664236350752532,False,12.514330345744634,1.1746933736826946
Batch_3,img_hzumfsms,68,905.0,1254.6552486187845,14.370165745856353,42.847150938700075,31.461087282844744,-1.0858141834842587,True,33.94527637220416,1.361909413793972
Batch_3,img_hzumfsms,69,92.0,1281.25,4229.869565217391,15.003118971478212,7.905932875052444,0.7635623676855218,False,10.823032759612019,1.8977038141597793
Batch_3,img_hzumfsms,70,3336.0,1312.574340527578,4915.771282973621,131.82000699581675,36.15997180829852,1.3298532347527665,False,65.17305517801435,3.645467637382526
Batch_3,img_hzumfsms,71,35645.0,1425.8104923551691,3322.3840370318417,237.7001171133125,197.81215070180545,0.5379792853673219,False,213.0366718949695,1.2016456838975311
Batch_3,img_hzumfsms,72,8314.0,1429.553043059899,5104.90509983161,141.81271164095818,80.18723943052731,0.014578746535895635,False,102.88689700310795,1.7685196877717932
Batch_3,img_hzumfsms,73,15658.0,1497.657555243326,727.0041512325968,211.5817130265693,100.13813965751453,0.22231011826762434,False,141.19626337641932,2.1128983796803724
Batch_3,img_hzumfsms,74,7211.0,1493.891693246429,6436.9248370545,143.6354834085414,70.25148974887364,-0.8435661898154758,False,95.81925880054207,2.044589857410737
Batch_3,img_hzumfsms,75,11634.0,1528.3395220904247,868.0358432181537,135.76342120600526,111.67580184268036,1.3606629069698648,False,121.70812981657751,1.2156923788848863
Batch_3,img_hzumfsms,76,7912.0,1514.8259605662286,5218.1640546006065,143.8442939926255,79.62134150927794,1.2825024770396731,False,100.36867677689393,1.806604752770511
Batch_3,img_hzumfsms,77,252.0,1490.936507936508,6084.6547619047615,34.13895905452073,11.650517091351706,-1.119165786091786,False,17.91246396432554,2.9302526906606077
Batch_3,img_hzumfsms,78,31578.0,1597.7143580974096,5929.537874469567,350.6661857320223,125.3020453395742,-1.1155437632121359,False,200.5152321985713,2.798567132577135
Batch_3,img_hzumfsms,79,6935.0,1609.91290555155,1846.2134102379237,137.95521559061038,68.73991493422533,-1.1639241850039697,False,93.96763401692284,2.0069157158925
Batch_3,img_hzumfsms,80,1927.0,1611.993253762325,5272.840166061235,86.40669776639047,31.32701340749064,-0.03553167537235858,False,49.53314650519042,2.758216898701542
Batch_3,img_hzumfsms,81,8387.0,1654.505067366162,2098.2175986646,171.68225100194212,64.09202801304296,0.46924269525525436,False,103.33760236087254,2.6786833920593707
Batch_3,img_hzumfsms,82,17061.0,1677.7197702362112,3418.7143192075496,173.898924645098,129.11286991425538,0.7358644743409128,False,147.3863625737694,1.346875216704464
Batch_3,img_hzumfsms,83,393.0,1629.8931297709923,3064.969465648855,41.588321877879785,12.270284506984394,0.5294526412910762,False,22.36924542940416,3.389352696280776
Batch_3,img_hzumfsms,84,1343.0,1650.9448994787788,1753.331347728965,51.725977337951726,40.64472972111009,-0.31219275136876623,False,41.351671170332686,1.2726367647878896
Batch_3,img_hzumfsms,85,1370.0,1651.5357664233577,1049.8087591240876,84.50978845288964,22.987672443871194,-1.2165109713651088,False,41.76527476609214,3.6763090590940197
Batch_3,img_hzumfsms,86,11858.0,1708.8773823579018,1879.5214201383033,173.99508368061947,96.77747961589114,-1.2882794737491192,False,122.87422236364127,1.7978881488875742
Batch_3,img_hzumfsms,87,994.0,1664.2696177062373,2184.9024144869213,51.42817128869678,26.334345478540303,-1.2367706594168666,False,35.575273821388244,1.9528934687442785
Batch_3,img_hzumfsms,88,2643.0,1682.0219447597426,2258.290578887628,91.54526347846404,38.41489601628399,-1.513664969211179,False,58.01010357459324,2.3830668040766843
Batch_3,img_hzumfsms,89,200.0,1682.955,3525.66,29.86576740727848,9.371976161639676,0.9995259410111148,False,15.957691216057308,3.18670970691557
Batch_3,img_hzumfsms,90,2725.0,1734.6176146788991,1133.497614678899,89.62772330861928,45.50510278232936,-0.14018910088520284,False,58.90312181373173,1.9696191817728124
Batch_3,img_hzumfsms,91,1905.0,1762.8614173228345,4929.593175853019,57.2106823473697,45.36106858438092,-0.417529372965925,False,49.24958205630262,1.2612287173294003
Batch_3,img_hzumfsms,92,256.0,1743.72265625,6381.515625,20.414093099587706,16.142883378775323,0.8826015193364709,False,18.0540666735282,1.2645877827766614
Batch_3,img_hzumfsms,93,6868.0,1795.6488060570764,5891.031450203844,140.68381596832177,64.00119332384291,1.0492587697197098,False,93.51261515560934,2.1981436386110573
Batch_3,img_hzumfsms,94,11977.0,1796.6660265508892,5123.885447106955,204.50441114111942,82.13446687750395,1.183671215775947,False,123.48923041015782,2.4898732397705707
Batch_3,img_hzumfsms,95,867.0,1780.1130334486736,3357.17416378316,44.01611412465865,30.784819194073766,1.5273531304532928,False,33.224970809398556,1.4297993386666366
Batch_3,img_hzumfsms,96,495.0,1803.3474747474747,3081.5636363636363,44.19493785204664,16.789689810893197,1.5425823087301906,False,25.104851615652017,2.6322664891267284
Batch_3,img_hzumfsms,97,428.0,1818.0677570093458,1920.8714953271028,27.940486855656182,20.046696174917475,-0.7178329364729095,False,23.34408972623798,1.393770156032766
Batch_3,img_hzumfsms,98,6797.0,1858.5169927909371,6369.027659261439,134.70301289273493,69.74145559620959,-1.0985536190922114,False,93.02800215830125,1.931462596258974
Batch_3,img_hzumfsms,99,29884.0,1939.6856511845804,6471.228784633918,274.9154032944421,141.69315127044993,-0.45337777849772193,True,195.06278618656506,1.940216593600284
Batch_3,img_hzumfsms,100,118.0,1848.593220338983,3605.9745762711864,17.089031324520207,9.428699368995101,-1.2391383429158735,False,12.257335203001883,1.8124484253591737
Batch_3,img_hzumfsms,101,7939.0,1917.5631691648823,5554.261116009573,156.20647748787707,80.1591280485176,-0.7203976137050748,False,100.53978687888919,1.9487047987015351
Batch_3,img_hzumfsms,102,14486.0,2004.313820240232,4969.168990749689,253.38098395826984,77.41390710258113,-0.7852610401214334,True,135.80923401975863,3.273068024102114
Batch_3,img_hzumfsms,103,541.0,1927.4990757855824,4942.537892791128,55.46419964557004,12.877459384916156,-1.0233025088462953,False,26.245429958408437,4.307076263081622
Batch_3,img_hzumfsms,104,2045.0,1963.245965770171,4878.80488997555,92.7745529726718,30.78795076730189,-0.7774299915535042,False,51.02719734595863,3.013339655954053
Batch_3,img_hzumfsms,105,3015.0,1967.8235489220565,321.314096185738,94.56499150466605,43.92704619819823,1.4372122980167696,False,61.95818934875773,2.152773739394862
Batch_3,img_hzumfsms,106,132.0,1954.8636363636363,2384.3560606060605,18.619303797565728,9.24883741316929,1.302101777447061,False,12.964089628857149,2.0131507308209313
Batch_3,img_hzumfsms,107,8753.0,1996.1572032446018,2864.0365588940936,156.50445110634726,73.80137732468455,1.5456693198608626,False,105.56829891149559,2.120616942117702
Batch_3,img_hzumfsms,108,76.0,1982.5394736842106,2942.5394736842104,12.375174540907826,8.46447274491328,0.5465058118966487,False,9.83698151873187,1.4620136320179753
Batch_3,img_hzumfsms,109,1766.0,2027.1500566251416,2530.1274065685166,55.98424752071332,43.90644571504445,-0.5846691314249638,False,47.41878357784284,1.2750803807726672
Batch_3,img_hzumfsms,110,3353.0,2043.0131225767968,2605.379361765583,82.84970702941088,57.78768079287817,0.28187441342001335,True,65.33890260401533,1.4336915047059888
Batch_3,img_hzumfsms,111,3416.0,2059.2043325526934,5092.206674473068,76.22258187669856,65.02817473584025,1.451977060758564,True,65.9498770644443,1.172147029904078
Batch_3,img_hzumfsms,112,391.0,2055.1074168797954,2781.383631713555,31.529379909299504,17.953142828787097,-1.3037820644426603,False,22.312253628700276,1.7562039254065027
Batch_3,img_hzumfsms,113,1294.0,2068.4729520865535,5194.408809891808,52.390723709595015,35.689640886278575,-1.0676975718760346,True,40.59029404780533,1.467953232606984
Batch_3,img_kbdh4tri,1,34.0,1.5,375.2352941176471,9.273116490435763,4.845249073318109,1.502838025921475,True,6.579524642479541,1.9138575437743959
Batch_3,img_kbdh4tri,2,75.0,3.3066666666666666,391.48,12.21381023919867,8.018627999626949,1.1361527312367596,True,9.772050238058398,1.5231795563738453
Batch_3,img_kbdh4tri,3,1371.0,13.74106491611962,1119.396790663749,61.16120004752573,30.185740524013532,-1.401878664914236,True,41.780514786583325,2.02616198860089
Batch_3,img_kbdh4tri,4,781.0,15.701664532650447,1779.7823303457105,52.63722233125122,25.041345335940935,-1.3628278063683874,True,31.534109856442154,2.1020125566377987
Batch_3,img_kbdh4tri,5,47.0,2.1914893617021276,2134.8297872340427,9.674339492740366,6.878542956635162,1.3212603663360942,True,7.735777827895049,1.4064518537909734
Batch_3,img_kbdh4tri,6,265.0,7.916981132075471,3002.147169811321,33.132495666247735,12.973695025317513,-1.3898716122840107,True,18.36868202552426,2.5538210665189323
Batch_3,img_kbdh4tri,7,489.0,7.14519427402863,3268.441717791411,50.46675508253624,13.363383217784687,-1.4387449302095754,True,24.952237121658943,3.776495387438448
Batch_3,img_kbdh4tri,8,73.0,2.9452054794520546,3390.054794520548,13.340352972483752,8.369497807348615,1.1028195807562546,True,9.640875829802336,1.5939251409768707
Batch_3,img_kbdh4tri,9,1319.0,22.6565579984837,6675.633813495072,67.94509680282752,29.39962327230844,1.0692522484644738,True,40.9805192683753,2.3110873283476776
Batch_3,img_kbdh4tri,10,1647.0,9.078931390406801,6817.21736490589,93.35909195467542,25.532702617756183,1.5683824260267236,True,45.79329132284349,3.6564516241124743
Batch_3,img_kbdh4tri,11,3342.0,41.34051466187911,2629.442250149611,81.64200306924853,58.84399818878356,-1.2864628919027594,False,65.23163771135073,1.3874312688156287
Batch_3,img_kbdh4tri,12,5553.0,59.39654240950837,1659.897532865118,97.78927671578607,88.70289072280727,1.5121755114202018,False,84.08507115959621,1.102436188031046
Batch_3,img_kbdh4tri,13,44409.0,141.22765655610348,3242.479474881218,284.3273986186892,212.18663515385487,-0.8860524096002168,False,237.78834063541433,1.3399873107584068
Batch_3,img_kbdh4tri,14,932.0,52.73068669527897,2867.3208154506437,76.00568320460134,16.93013037264586,-1.5238192186300084,False,34.44792091974742,4.489373769230053
Batch_3,img_kbdh4tri,15,130.0,74.56923076923077,2448.0692307692307,16.66307969325785,10.32565598816085,0.902498605074908,False,12.865501965161373,1.61375506915622
Batch_3,img_kbdh4tri,16,10770.0,176.6714948932219,5808.660724233983,210.67713251718834,73.30071436296296,0.2725160742189592,False,117.10162209293988,2.874148421991891
Batch_3,img_kbdh4tri,17,2632.0,109.72530395136778,1496.4365501519758,88.62839006448264,41.17688824859889,-0.8158587494078701,False,57.88926050437117,2.1523819267109956
Batch_3,img_kbdh4tri,18,415.0,105.6,1455.2361445783133,42.28046457033174,13.97499370206792,-0.6637856670079008,False,22.98683125324351,3.025437110864342
Batch_3,img_kbdh4tri,19,1929.0,115.66459305339554,2675.999481596682,91.30767054736657,28.83585314738979,-1.4722716756384095,False,49.5588446374018,3.166463294172786
Batch_3,img_kbdh4tri,20,24292.0,186.13020747571215,2523.982998518031,230.7713072177117,137.648444303826,1.1548295542354883,False,175.86794767866763,1.676526809909593
Batch_3,img_kbdh4tri,21,14721.0,253.0298892738265,4195.895863052781,293.76683425772194,69.13849590697903,0.45574832488761335,False,136.9063889599252,4.248961890246564
Batch_3,img_kbdh4tri,22,255.0,133.32156862745097,6423.803921568628,37.10514659628612,10.422318381404251,1.2385314664783316,False,18.01877032173579,3.5601624550723767
Batch_3,img_kbdh4tri,23,599.0,139.25041736227044,4633.056761268781,39.98589470340646,24.13470567649111,-1.340439157515453,False,27.616489409343153,1.656779877052966
Batch_3,img_kbdh4tri,24,86.0,136.77906976744185,4509.430232558139,13.857597882553224,7.97328380197865,-0.9084960752380493,False,10.464157913908982,1.7380038421703141
Batch_3,img_kbdh4tri,25,7126.0,218.8699129946674,4259.307605950042,125.36692085128952,74.4113840216648,0.10849996470675355,False,95.25284770432204,1.684781468582671
Batch_3,img_kbdh4tri,26,198.0,175.010101010101,6372.106060606061,18.558365757718864,14.662926238567778,0.8350570742310539,False,15.877702285203682,1.26566590159234
Batch_3,img_kbdh4tri,27,764.0,182.0562827225131,5968.488219895288,33.37213859431198,31.867630767126013,0.4532196983574411,False,31.18902069924069,1.0472111603834064
Batch_3,img_kbdh4tri,28,136.0,182.52205882352942,1.9852941176470589,29.88171980902418,6.399525648156117,-0.028455674072995117,True,13.159049284959082,4.669364801691817
Batch_3,img_kbdh4tri,29,135.0,186.74074074074073,2413.6444444444446,16.57863398288262,11.015426559372504,0.34132444411835894,False,13.110581167104948,1.5050378570021556
Batch_3,img_kbdh4tri,30,517.0,207.18375241779498,6978.0889748549325,42.705524200670936,16.74396809035266,-1.0985275536852002,True,25.65667251667837,2.5505020058701913
Batch_3,img_kbdh4tri,31,164.0,216.7378048780488,2.25,32.53587277198415,6.771530685119408,-0.00850194641969337,True,14.450303987687134,4.804803268998318
Batch_3,img_kbdh4tri,32,309.0,217.82847896440128,4578.540453074434,27.12062609261419,15.148477276526778,1.0594712314440504,False,19.83509564693766,1.7903202808798993
Batch_3,img_kbdh4tri,33,170.0,227.31176470588235,864.5588235294117,24.053601327442124,9.907910240096193,-0.5483220441302036,False,14.712264360219255,2.427716919567955
Batch_3,img_kbdh4tri,34,3382.0,299.07569485511533,6926.988172678888,168.08597879363003,33.07724061411937,-0.424512805005814,False,65.62085141396993,5.081620342958136
Batch_3,img_kbdh4tri,35,640.0,240.459375,2081.121875,47.07995235297772,18.484156024588938,1.2457058944263992,False,28.54598585844434,2.5470436567592603
Batch_3,img_kbdh4tri,36,7852.0,294.8849974528782,2220.4559347936834,245.4706029714818,46.64252040032939,1.0518301809495085,False,99.9873837304512,5.262807431172787
Batch_3,img_kbdh4tri,37,3480.0,286.2192528735632,35.725,75.90496076406814,64.34696065442887,0.708341060806644,True,66.56480763645581,1.1796199850325604
Batch_3,img_kbdh4tri,38,486.0,275.2962962962963,2587.294238683128,41.83018216015801,15.571601737355072,-1.1431709835714259,False,24.875578761936154,2.686312099789364
Batch_3,img_kbdh4tri,39,79.0,290.1518987341772,3190.4303797468356,10.523548534815761,9.867378830224775,0.839922712045268,False,10.02925341359355,1.0664988864703433
Batch_3,img_kbdh4tri,40,466.0,312.5,2120.781115879828,35.596789303914306,18.07468676912079,-0.5380309273417685,False,24.35835848013133,1.9694277283260408
Batch_3,img_kbdh4tri,41,137.0,333.3138686131387,2057.700729927007,19.919556926484383,8.981602741759232,-4.854002379391548e-05,False,13.207339536360731,2.217817632243967
Batch_3,img_kbdh4tri,42,2339.0,392.51988029072254,1134.1778537836683,83.82003105181292,43.92944328785783,-0.4826760605717662,False,54.572037667064855,1.908060398183578
Batch_3,img_kbdh4tri,43,847.0,373.4037780401417,2697.1097992916175,44.54080949148302,25.91525656224312,-1.5366314747789143,False,32.839517267930155,1.7187099569902058
Batch_3,img_kbdh4tri,44,19980.0,468.1495995995996,6152.657757757758,201.14769252259532,136.68846622636977,0.7951622923522578,False,159.49710374739897,1.4715776544706751
Batch_3,img_kbdh4tri,45,8098.0,527.5475426031119,778.9455421091627,142.4367980186497,78.66054491778145,-1.5126414481835126,False,101.5415867182769,1.8107781756092494
Batch_3,img_kbdh4tri,46,3000.0,502.128,675.2296666666666,123.3773581139476,33.277320791267904,-1.2513588175280488,False,61.80387232371034,3.7075508238127837
Batch_3,img_kbdh4tri,47,1965.0,511.99236641221376,2039.2824427480916,86.44343672933437,30.42600786301972,-1.4375620516175782,False,50.01915338552418,2.8411034769500327
Batch_3,img_kbdh4tri,48,79.0,502.1012658227848,1058.9367088607594,11.554022991510806,9.053871364259324,-0.8673180843379746,False,10.02925341359355,1.276141721774508
Batch_3,img_kbdh4tri,49,14889.0,605.3291691853046,4745.389146349654,203.7481625185318,102.95865778176756,0.43161845343710964,False,137.6853789680002,1.9789318053310188
Batch_3,img_kbdh4tri,50,127.0,546.0787401574803,3021.685039370079,18.143177466885216,9.549133579900849,-1.0687662887675031,False,12.716187407449045,1.8999815339344748
Batch_3,img_kbdh4tri,51,1636.0,567.1100244498778,274.8753056234719,59.32399501543542,38.2385528034993,-0.37910527202044914,False,45.64011278674415,1.551418415866579
Batch_3,img_kbdh4tri,52,276.0,554.6594202898551,1047.1557971014493,28.081915901335968,13.399199024269274,-1.5164974023941105,False,18.746042631630413,2.095790640207124
Batch_3,img_kbdh4tri,53,903.0,576.1184939091916,207.03322259136212,44.658956624966635,27.378681520282758,-1.2992812036846078,False,33.90774703361832,1.6311580450607985
Batch_3,img_kbdh4tri,54,1004.0,616.4581673306773,198.15438247011951,51.91758300709787,29.7880269023192,1.4993916284683628,False,35.75377606511099,1.7429010379689074
Batch_3,img_kbdh4tri,55,600.0,627.2983333333333,6467.973333333333,43.85925127461142,18.095229262845525,-0.24687661070472625,False,27.63953195770684,2.423801911405815
Batch_3,img_kbdh4tri,56,409.0,643.3740831295844,6440.809290953545,30.760520150934415,18.62711652382431,-1.4220654114764197,False,22.820056393372074,1.6513838903402647
Batch_3,img_kbdh4tri,57,1478.0,674.3166441136672,6364.834912043302,49.476766367563364,40.81074309356217,-0.9188145421356757,False,43.380272556988054,1.212346618000402
Batch_3,img_kbdh4tri,58,14682.0,782.8833946328838,4051.800504018526,193.23397261859208,115.15929315706563,-1.2956279520847283,False,136.72491724554695,1.6779711590886588
Batch_3,img_kbdh4tri,59,930.0,760.831182795699,3134.4967741935484,53.12756712314342,24.822099828637846,0.6524177720944321,False,34.41093978088511,2.140333311440835
Batch_3,img_kbdh4tri,60,1448.0,754.164364640884,2284.479281767956,53.616131111425865,37.72638605454286,1.063423050042749,False,42.937755656025104,1.4211838640974102
Batch_3,img_kbdh4tri,61,366.0,775.9644808743169,91.60382513661202,29.265000104634805,17.441891170845263,1.4810300902821694,False,21.587164551489145,1.677857052195824
Batch_3,img_kbdh4tri,62,4499.0,823.3600800177817,6367.600800177817,94.19313314610743,61.903216898965624,-0.790348700841106,False,75.68556475156605,1.5216193578411812
Batch_3,img_kbdh4tri,63,21108.0,882.8077032404775,3349.2922114837975,203.15327778331695,150.1836710275974,1.417985549226936,False,163.93761103014103,1.35269884131402
Batch_3,img_kbdh4tri,64,496.0,826.7540322580645,3068.1451612903224,31.737851438163528,21.31598876759063,1.3759605028577164,False,25.13019725725687,1.4889223194946775
Batch_3,img_kbdh4tri,65,16463.0,920.9442993379092,5764.447731276196,218.2234968548059,101.13358640813397,-0.8096514858527103,False,144.78032540706275,2.1577747275187567
Batch_3,img_kbdh4tri,66,614.0,847.3469055374593,2606.526058631922,47.506977598275625,19.709392828383347,1.0937948973659912,False,27.96013377055607,2.4103724560130124
Batch_3,img_kbdh4tri,67,704.0,873.7017045454545,538.140625,73.2680270992,13.344618509436051,0.42847234120671457,False,29.93928254807644,5.4904549760933055
Batch_3,img_kbdh4tri,68,1059.0,861.8611898016998,194.76015108593012,54.32381516329811,26.971049806392227,-0.19306022818784543,False,36.72003101679705,2.0141527880172907
Batch_3,img_kbdh4tri,69,750.0,857.3173333333333,1389.884,41.78286722814009,24.390001429913273,-0.9183245659843855,False,30.90193616185517,1.7131145870657978
Batch_3,img_kbdh4tri,70,238.0,855.1512605042017,1439.063025210084,20.544241986959076,15.562029411777605,-1.0711809670504204,False,17.407785949022028,1.3201518544497062
Batch_3,img_kbdh4tri,71,163.0,888.3312883435583,47.34355828220859,20.254547711756757,11.276700029639349,1.482101593584813,False,14.406180819073164,1.7961413940709867
Batch_3,img_kbdh4tri,72,234.0,890.2564102564103,10.217948717948717,27.1060506420668,12.289824911994792,1.499221139585475,True,17.26088217525478,2.205568495578116
Batch_3,img_kbdh4tri,73,686.0,904.0816326530612,1412.2565597667638,51.02764094543809,17.902545077241086,-1.390501400477534,False,29.554057719513263,2.8503009334861464
Batch_3,img_kbdh4tri,74,6407.0,985.8796628687373,898.8972998283128,156.24845897485554,56.20483239346628,-0.6423475027453872,False,90.31968646490192,2.7799826513319372
Batch_3,img_kbdh4tri,75,9635.0,1009.2466009340944,993.2481577581733,229.12110811225054,60.34545582787689,-0.8966372863298274,False,110.75948272506194,3.796824549072457
Batch_3,img_kbdh4tri,76,2371.0,987.0970054829186,6206.72163644032,73.12675540774065,46.39972655070758,0.4819028003876578,False,54.94407120488134,1.5760169475961168
Batch_3,img_kbdh4tri,77,384.0,968.859375,1085.5416666666667,25.258451677897934,21.868922427519166,1.1927096731766584,False,22.111625566165472,1.154992970577896
Batch_3,img_kbdh4tri,78,2026.0,1062.5730503455084,1081.8899308983218,67.66794474597825,39.393477134409814,-0.39817366522195285,False,50.78959851813597,1.7177449077444085
Batch_3,img_kbdh4tri,79,617.0,1072.129659643436,866.4602917341978,41.41622937961548,20.331445949723545,-1.3577200653455985,False,28.02835705319874,2.037052823593131
Batch_3,img_kbdh4tri,80,1983.0,1120.4730206757438,1039.8905698436713,80.56786614942466,33.047261579948895,1.480946414922268,False,50.24772648796986,2.437958919970193
Batch_3,img_kbdh4tri,81,14483.0,1191.2101774494236,541.3333563488228,193.47048163066796,107.68160401859076,1.0648520980767797,False,135.79517048260354,1.7966901904364847
Batch_3,img_kbdh4tri,82,2106.0,1167.273029439696,4342.9985754985755,93.69431097755687,31.339895257965466,-1.4100794248638566,False,51.782646525764335,2.9896178722468183
Batch_3,img_kbdh4tri,83,3581.0,1206.3973750349064,4530.066741133762,78.85399304514588,62.340290106274104,-0.2531953453729256,False,67.52385363482017,1.2648961516014792
Batch_3,img_kbdh4tri,84,6491.0,1196.9282082883992,2005.0419041750115,135.6750353180775,64.9343896203092,1.5349190925178828,False,90.9098338183276,2.089417273518855
Batch_3,img_kbdh4tri,85,263.0,1186.7490494296578,4583.254752851711,25.73448579422273,13.082733592332817,0.552926629473297,False,18.29923496393627,1.9670572371285249
Batch_3,img_kbdh4tri,86,2579.0,1202.528887165568,6562.795269484296,85.67878755839034,40.06156513162753,0.94999706239041,False,57.30344479934853,2.138677989161967
Batch_3,img_kbdh4tri,87,295.0,1203.671186440678,2158.7830508474576,30.270404212851904,17.51007467067714,-0.7143940256782974,False,19.38054864282415,1.7287421545690815
Batch_3,img_kbdh4tri,88,101.0,1216.3861386138615,2139.267326732673,14.257241949055299,10.245211684775319,0.5199770146596452,False,11.340070282773887,1.39160052400303
Batch_3,img_kbdh4tri,89,905.0,1227.9502762430939,4771.028729281768,80.01716120462162,20.372092235473158,1.2259039561005083,False,33.94527637220416,3.9277831790536832
Batch_3,img_kbdh4tri,90,46.0,1222.7826086956522,2150.608695652174,10.095903929434948,5.948816170358296,1.2766059176171192,False,7.653039857325812,1.6971282420426304
Batch_3,img_kbdh4tri,91,504.0,1252.998015873016,5723.607142857143,31.843452073083828,23.575640470868816,0.9298209323484,False,25.332049473868512,1.3506929795791174
Batch_3,img_kbdh4tri,92,156.0,1253.448717948718,5764.5641025641025,20.939115013301187,9.861060310863392,0.45415292786577505,False,14.093451279891855,2.123414151542477
Batch_3,img_kbdh4tri,93,103.0,1262.6990291262136,5777.621359223301,14.02781742468075,9.550144332169909,1.343419007512103,False,11.451797811161432,1.468859206392063
Batch_3,img_kbdh4tri,94,38139.0,1368.9899577859933,5720.086814022392,302.28606998606745,173.79513971108727,-1.3497693259842205,False,220.3635246510964,1.7393240713668996
Batch_3,img_kbdh4tri,95,2069.0,1343.3378443692604,4480.652489125181,91.93302693833965,30.911642894654975,-0.14711762455016425,False,51.325750048655415,2.9740582618543407
Batch_3,img_kbdh4tri,96,1165.0,1300.1768240343347,692.1587982832618,74.60721882878676,21.17105729360559,-1.5705851067111822,False,38.51394643004615,3.5240195042748663
Batch_3,img_kbdh4tri,97,487.0,1310.3121149897331,4923.796714579055,37.10269828250623,17.56874179456081,-0.6357267764236294,False,24.901157769991823,2.1118585904650855
Batch_3,img_kbdh4tri,98,673.0,1305.5319465081723,5924.225854383358,36.084795107735,25.350384489053248,0.7923580356489481,False,29.2726871606753,1.4234417282040461
Batch_3,img_kbdh4tri,99,66.0,1301.7424242424242,4777.212121212121,13.183618932947812,6.6550378539305015,-0.025080457157031617,False,9.166995688475081,1.9809983387489667
Batch_3,img_kbdh4tri,100,263.0,1319.5665399239545,4948.977186311787,24.304610841485776,17.698077086390256,1.5707087987868278,False,18.29923496393627,1.373291048674204
Batch_3,img_kbdh4tri,101,26690.0,1440.2615586361933,6557.147883102285,227.18754632120718,162.97548074885455,-0.5592431077163149,False,184.34414405936928,1.3939983197307055
Batch_3,img_kbdh4tri,102,1841.0,1354.3183052688755,4424.573058120586,64.8417322363258,37.43002493935378,0.8709543208683878,False,48.415224897313394,1.732345418988793
Batch_3,img_kbdh4tri,103,10006.0,1433.767739356386,2777.9290425744553,155.88261661280353,93.38810392904742,0.4915313009937766,False,112.87176300838061,1.6691913643651761
Batch_3,img_kbdh4tri,104,536.0,1363.9962686567164,4913.419776119403,39.07492801101484,18.024086655177413,1.2037724432279924,False,26.123866405607867,2.1679283260542124
Batch_3,img_kbdh4tri,105,21461.0,1450.3902427659475,1573.987558827641,177.59263542889687,162.82768104022796,0.38972537123827594,False,165.30273400510146,1.0906784048900204
Batch_3,img_kbdh4tri,106,106.0,1372.801886792453,4969.575471698113,15.725449202737911,8.863248162182256,1.0524454598653368,False,11.617374563210365,1.7742309495333013
Batch_3,img_kbdh4tri,107,8135.0,1433.0217578365089,1427.8446220036878,157.96125123672095,78.71856125930528,-1.2204640353872431,False,101.77329559575315,2.0066582608945795
Batch_3,img_kbdh4tri,108,2048.0,1415.2490234375,1724.38232421875,63.37979382804718,42.087600253798726,-0.25697109529704115,False,51.064611891383386,1.5059018201525203
Batch_3,img_kbdh4tri,109,105.0,1448.8190476190475,1698.2666666666667,15.527457678889771,8.93458763548873,0.41579210518105264,False,11.562445770562215,1.7379042337906851
Batch_3,img_kbdh4tri,110,182.0,1451.7087912087911,4190.642857142857,19.097805677539483,13.115183153392927,1.2946386266685397,False,15.222667215103916,1.4561600439867923
Batch_3,img_kbdh4tri,111,3140.0,1482.4541401273884,87.45286624203821,79.03500170432355,54.5282776919872,-1.0156108512348248,False,63.22951977097731,1.4494314702321425
Batch_3,img_kbdh4tri,112,31916.0,1579.5780486276476,4065.9438526131094,282.2539607571577,165.74185040307447,-1.252916317656771,False,201.58549875863454,1.702973389465199
Batch_3,img_kbdh4tri,113,455.0,1490.7802197802198,5.927472527472528,43.43505327439609,14.990495454045252,0.1925294821777364,True,24.069150231250354,2.897506183671531
Batch_3,img_kbdh4tri,114,26443.0,1564.8264947245018,202.97995688840146,218.4163686410641,162.18293162512117,0.9365294503084307,False,183.4891639346365,1.3467284531884285
Batch_3,img_kbdh4tri,115,21937.0,1569.62105119205,832.2643023202808,297.98074037208323,98.82865115650476,-1.121431360525708,False,167.12586841316715,3.0151250359594792
Batch_3,img_kbdh4tri,116,418.0,1576.5574162679425,1199.188995215311,32.0720743803205,17.03646223322047,-0.7845932777255399,False,23.06976657227589,1.8825548368710698
Batch_3,img_kbdh4tri,117,456.0,1588.7938596491229,1175.4890350877192,43.52921491006422,14.621517774540449,0.39101104233749634,False,24.095585330081406,2.977065416960951
Batch_3,img_kbdh4tri,118,37370.0,1696.4815627508697,4588.4521273749,279.5783935217986,186.154741175928,0.5133436689985196,False,218.1306071755017,1.5018601823177813
Batch_3,img_kbdh4tri,119,5926.0,1645.0428619642255,3452.93520080999,124.29227688039069,63.26514673374262,-1.1951527044114962,False,86.86321167272469,1.964624809984027
Batch_3,img_kbdh4tri,120,3282.0,1675.1709323583182,941.0210237659963,74.66782564299321,60.03860174472578,1.075227979835603,False,64.64342337640237,1.243663634280966
Batch_3,img_kbdh4tri,121,13811.0,1774.2244587647526,3144.9928318007387,190.5077622641885,96.14568769430375,-0.4900081308799245,False,132.60735783634834,1.9814488494784082
Batch_3,img_kbdh4tri,122,100.0,1686.61,2175.49,13.486722555548955,9.582959600752108,-1.2217575331570432,False,11.283791670955125,1.4073650643889246
Batch_3,img_kbdh4tri,123,4560.0,1761.2916666666667,5262.485745614035,114.98579731469454,58.131583508115376,0.4149686702689042,False,76.19693119799736,1.9780262359211687
Batch_3,img_kbdh4tri,124,13159.0,1795.5860627707273,1131.6489854852193,186.35787385539803,91.43681902267694,-0.7895033764550504,False,129.43940346420794,2.0381053917588714
Batch_3,img_kbdh4tri,125,21664.0,1895.100120014771,2528.721658050222,248.88212044125672,116.02091909668495,-0.20533879330240548,False,166.08269475518082,2.145148671282746
Batch_3,img_kbdh4tri,126,951.0,1878.6813880126183,2070.410094637224,41.30437225714266,33.239179088857,-0.30610123871276895,False,34.79728160421644,1.2426411659182466
Batch_3,img_kbdh4tri,127,103.0,1869.2233009708739,4812.271844660194,17.514856896684837,9.617291762723292,0.6618180324829434,False,11.451797811161432,1.8211838975887762
Batch_3,img_kbdh4tri,128,13495.0,1915.5479066320859,1190.8381622823267,196.94892837947583,93.93338764389621,1.559843671546684,False,131.0815305685779,2.096687166506909
Batch_3,img_kbdh4tri,129,9526.0,1962.4318706697459,2945.6095947931976,179.94923366729253,74.18659152811438,-0.5108634976837272,False,110.13119405121857,2.425630157157139
Batch_3,img_kbdh4tri,130,83.0,1916.6265060240964,4805.060240963855,14.43598707809411,7.693618626705431,0.8745494200777022,False,10.280023453913834,1.8763585483669734
Batch_3,img_kbdh4tri,131,5267.0,1958.2978925384468,843.8910195557244,120.58938603816698,60.126775908800795,1.2375982075061007,False,81.89110258214932,2.005585435365348
Batch_3,img_kbdh4tri,132,656.0,1955.596036585366,4924.082317073171,43.91917152916525,22.516587832861102,0.5827677139538064,False,28.900607975374268,1.9505251797107925
Batch_3,img_kbdh4tri,133,6851.0,1998.8629397168297,5178.655378776821,141.87309243013007,63.39880801488451,-0.6282209317365779,True,93.3968100150139,2.2377880100966836
Batch_3,img_kbdh4tri,134,343.0,1959.7784256559767,1063.2186588921284,32.96193518414848,13.594973051107866,0.8975509452718096,False,20.897874625046462,2.424567894341091
Batch_3,img_kbdh4tri,135,112.0,1962.419642857143,663.3928571428571,15.675089229374203,9.365835444290282,-1.2275728532455712,False,11.941642642883693,1.6736455944173403
Batch_3,img_kbdh4tri,136,5895.0,2020.6276505513147,587.4705682782019,100.29350095346382,81.07281091632208,1.3766639104085534,True,86.63571501530869,1.2370793589108442
Batch_3,img_kbdh4tri,137,12013.0,2023.5481561641554,3912.2668775493216,208.7882159709492,83.6678812033227,-1.4967658983744976,True,123.67468071882583,2.4954404601637936
Batch_3,img_kbdh4tri,138,274.0,1984.2919708029196,6245.744525547445,23.62692426847143,15.120042914417237,-0.10757688151802268,False,18.677998695187732,1.5626228313110624
Batch_3,img_kbdh4tri,139,6779.0,2033.523086000885,5287.971972267296,171.42753523409706,60.40234560060199,1.5018806171194565,True,92.90474085728708,2.8380940099185246
Batch_3,img_kbdh4tri,140,93.0,1996.032258064516,1040.3440860215053,12.132374731382292,10.213415973575078,0.6640179414701273,False,10.881694613449236,1.1878860865720235
Batch_3,img_kbdh4tri,141,5232.0,2035.226108562691,5719.515290519877,144.37512526547127,48.639926408854976,1.4959580451064896,True,81.61855976464159,2.968243085976124
Batch_3,img_kbdh4tri,142,77.0,2050.5584415584417,2770.3246753246754,10.462846181830498,9.551394479426326,-0.21077942609391612,True,9.901487006738307,1.0954260348441722
Batch_3,img_mgxahqnk,1,3350.0,24.12686567164179,1146.642985074627,91.5486168460633,48.531139411966315,1.1136857515983594,True,65.30966601401967,1.8863891916679412
Batch_3,img_mgxahqnk,2,11028.0,59.558940877765686,4143.163492927095,137.74344523447567,117.59493946803458,0.8298067394738077,True,118.49593115098668,1.1713382043273894
Batch_3,img_mgxahqnk,3,175.0,7.182857142857143,5579.92,25.488855884325872,12.653208885331086,-0.4666275119602653,True,14.927053303604616,2.014418327818424
Batch_3,img_mgxahqnk,4,150.0,5.086666666666667,5605.473333333333,18.516495524562593,14.869919455059753,-1.3850585328969034,True,13.81976597885342,1.245231729769863
Batch_3,img_mgxahqnk,5,935.0,16.12727272727273,6498.116577540107,46.02178640839773,26.977270108647502,-0.7253117333314562,True,34.503318308930474,1.7059467552888368
Batch_3,img_mgxahqnk,6,13779.0,70.71042891356412,488.27440307714636,151.25152001664367,120.10502429318781,1.1774375619536472,False,132.4536435395637,1.2593271672584179
Batch_3,img_mgxahqnk,7,1053.0,35.12820512820513,2482.7606837606836,57.89111984248535,24.301547442481812,-0.047931785995450636,False,36.61586050615398,2.3821989105634165
Batch_3,img_mgxahqnk,8,68.0,30.029411764705884,1739.2941176470588,10.329184559697913,8.438254564975185,0.7859831865314164,False,9.304852983362556,1.2240901812291187
Batch_3,img_mgxahqnk,9,1391.0,43.01078360891445,1898.4615384615386,66.16790101043685,28.43303628285089,-1.504323176205926,False,42.084156243491584,2.327148615160224
Batch_3,img_mgxahqnk,10,179.0,42.46927374301676,1753.558659217877,16.322183230831854,14.276478923370517,-0.698970604291641,False,15.09668435477122,1.1432919362289347
Batch_3,img_mgxahqnk,11,187.0,55.224598930481285,5590.187165775401,26.712201007025026,9.330520911820347,-1.272829042278434,False,15.430353037616328,2.8628842118755387
Batch_3,img_mgxahqnk,12,877.0,76.07297605473204,5165.636259977195,45.00107348643311,27.89250853000943,1.2914840444212996,False,33.416030295843605,1.6133749116905942
Batch_3,img_mgxahqnk,13,424.0,76.80896226415095,387.7051886792453,39.50027603116083,14.830452677028045,0.7913194401297885,False,23.23474912642073,2.663457204670876
Batch_3,img_mgxahqnk,14,2160.0,91.53518518518518,2511.6310185185184,85.29175930676098,39.127699757612746,1.3215878630711706,False,52.44232466841979,2.17983065283991
Batch_3,img_mgxahqnk,15,1957.0,109.88196218702095,5459.739908022483,68.18196161704822,39.62135100635971,-0.0868913510135205,False,49.91722938071296,1.720838888257601
Batch_3,img_mgxahqnk,16,2048.0,117.52880859375,2734.333984375,63.72378126284648,42.25902795379714,0.5293348882669259,False,51.064611891383386,1.5079329636383805
Batch_3,img_mgxahqnk,17,1655.0,116.81450151057402,2573.3220543806647,60.707849431784624,37.770672420661704,0.9666417414275855,False,45.90437284765684,1.6072747859944263
Batch_3,img_mgxahqnk,18,1277.0,128.64526233359436,5501.0532498042285,56.025727270022834,31.049036207500233,-0.43821978657430805,False,40.3227838650409,1.8044272580831096
Batch_3,img_mgxahqnk,19,20660.0,239.7400774443369,4219.734365924492,267.50480915995973,114.30029677923372,0.1918242101377329,False,162.18855999801116,2.3403684565809497
Batch_3,img_mgxahqnk,20,1232.0,172.55762987012986,190.52272727272728,71.85021743598908,26.761654459481424,-0.3481205846166573,False,39.60594802695323,2.684819712651703
Batch_3,img_mgxahqnk,21,4938.0,215.15694613203726,3427.2110166059133,132.00150879131576,51.83706769803668,0.16461665664497077,False,79.2922245362194,2.546469440753403
Batch_3,img_mgxahqnk,22,22135.0,213.61269482719675,5423.562954596792,221.00426849174355,152.90298424766996,1.520120645340998,False,167.87840040551026,1.445388849531963
Batch_3,img_mgxahqnk,23,230.0,178.1086956521739,5686.073913043479,24.234632968147633,12.564513056208158,1.2200203493980206,False,17.112717355495807,1.9288159325978207
Batch_3,img_mgxahqnk,24,352.0,227.7215909090909,3388.6335227272725,26.174563752665684,17.41481737536009,0.39796773385126644,False,21.17026971360491,1.5030053539177275
Batch_3,img_mgxahqnk,25,5299.0,293.3247782600491,2789.689564068692,121.11964306985583,61.01889815200802,0.22880695618094657,False,82.13949322677628,1.9849529692936614
Batch_3,img_mgxahqnk,26,226.0,253.26106194690266,1093.91592920354,25.269517473925617,12.984680554901765,-1.2007800553583725,False,16.96325844612841,1.9461023601682894
Batch_3,img_mgxahqnk,27,12780.0,338.0329420970266,4092.921283255086,155.9434419415873,110.09809381207768,-0.6176941406202211,False,127.5617551686844,1.4164045583546736
Batch_3,img_mgxahqnk,28,37499.0,339.5164137710339,1062.0526680711487,358.02063015037,139.79874649029966,-1.5016540598560817,False,218.5067726365109,2.56097167634627
Batch_3,img_mgxahqnk,29,331.0,291.7643504531722,3028.9365558912386,27.897444418714258,15.714799638211902,-1.3530979952465316,False,20.529059630371258,1.7752338598628516
Batch_3,img_mgxahqnk,30,773.0,316.4941785252264,891.1836998706339,33.85193189118231,30.030349448865206,0.8179228729902,False,31.372187811504013,1.1272573417377105
Batch_3,img_mgxahqnk,31,40603.0,491.26441395955965,3090.5306997019925,279.59994362200496,192.683895279015,-0.7235875033871191,False,227.3705021212774,1.4510810216761063
Batch_3,img_mgxahqnk,32,2430.0,393.279012345679,2866.866255144033,70.83768830638547,50.84911536133185,0.363881140715932,False,55.6234850913393,1.3930957855021784
Batch_3,img_mgxahqnk,33,8682.0,422.9513936880903,2240.532941718498,174.08481537687004,75.52374667715758,-1.05913751440809,False,105.1392682464106,2.305034151987094
Batch_3,img_mgxahqnk,34,324.0,402.4753086419753,4326.8456790123455,21.42049522433436,20.080854714390778,-1.4803850571663673,False,20.310825007719227,1.066712325197171
Batch_3,img_mgxahqnk,35,7359.0,486.78149205055036,6043.54192145672,208.60104182155033,51.43313309965575,0.3187504500058534,False,96.79757130065848,4.055771625216169
Batch_3,img_mgxahqnk,36,9894.0,509.44057004244996,4309.743177683445,135.738821029912,95.40993925028984,-0.38569465995250934,False,112.23828248690239,1.4226905718263483
Batch_3,img_mgxahqnk,37,30477.0,567.617744528661,105.58260327460052,257.8089222427918,156.27374759883375,-0.7948166169849521,False,196.98863318702823,1.649726369297845
Batch_3,img_mgxahqnk,38,42811.0,568.1829436359814,4910.530120763356,298.3168662591727,193.15423922211986,-1.5173932061712259,False,233.4708935813136,1.5444489722854071
Batch_3,img_mgxahqnk,39,920.0,537.2934782608696,4204.786956521739,53.088581421670064,22.753556587476822,0.7694057217670269,False,34.225434710991614,2.33319926129215
Batch_3,img_mgxahqnk,40,11592.0,599.336525189786,270.2627674258109,183.89291728995298,83.59455110386064,-1.1827419358756377,False,121.488241416896,2.1998194243722695
Batch_3,img_mgxahqnk,41,685.0,601.1328467153285,4354.322627737226,57.963324569630316,16.287520269207672,0.8299871111582849,False,29.53250900522315,3.5587568648625245
Batch_3,img_mgxahqnk,42,10053.0,680.0605789316622,2032.506217049637,153.1364383679315,88.02690621513105,-0.44909693587885713,False,113.13654203316712,1.7396548958982805
Batch_3,img_mgxahqnk,43,5180.0,699.6364864864864,516.3247104247105,187.46538892735896,37.35725537564468,0.5938696812007972,False,81.21195011652007,5.018178852870929
Batch_3,img_mgxahqnk,44,312.0,631.8589743589744,6327.301282051282,22.472745416593803,18.543781556468097,1.0338226851591046,False,19.931149940667517,1.2118750077033384
Batch_3,img_mgxahqnk,45,740.0,679.9851351351351,16.03108108108108,50.55931849558884,23.320472323792647,1.029610910283386,True,30.695231927842155,2.1680229196732794
Batch_3,img_mgxahqnk,46,840.0,693.7833333333333,2128.9785714285713,49.12657907343681,22.547976554049146,-0.6147409374953041,False,32.703535245865034,2.1787577681605623
Batch_3,img_mgxahqnk,47,4616.0,712.7564991334489,6051.727253032929,136.60060066867464,46.600537513975546,1.3867255455230814,False,76.66337938349386,2.9313095504039626
Batch_3,img_mgxahqnk,48,4816.0,726.1528239202657,4491.819975083056,100.32842319289271,67.56212589226278,-1.2091008184289251,False,78.30658750989309,1.484980258804768
Batch_3,img_mgxahqnk,49,1701.0,736.1875367430923,2084.4550264550267,64.61217689753671,35.86907282628745,-0.8860430410766456,False,46.5379465124377,1.801333901504815
Batch_3,img_mgxahqnk,50,28545.0,818.6624277456648,4325.420003503241,215.30476763053866,174.01151629936783,-0.27988734764717305,False,190.64265735785688,1.237301830415237
Batch_3,img_mgxahqnk,51,1104.0,746.2853260869565,5864.027173913043,84.0764580497158,21.002968040914528,-0.4492855839052529,False,37.492085263260826,4.003075083765869
Batch_3,img_mgxahqnk,52,1119.0,754.9830205540661,5924.901697944593,45.29937839225899,33.06445807122596,0.9178236395134166,False,37.7459276023076,1.3700323862764399
Batch_3,img_mgxahqnk,53,7934.0,803.576380136123,4198.773128308546,149.11899647215208,71.36386416893669,-0.09806712533956954,False,100.50812180082156,2.089558885420623
Batch_3,img_mgxahqnk,54,271.0,876.3431734317343,3274.6346863468634,39.187214731442495,9.51690237256739,-0.8983391296100797,False,18.575465448360347,4.117643871644645
Batch_3,img_mgxahqnk,55,79.0,891.6582278481013,4092.3037974683543,14.044926509462805,7.801459868812751,0.5503465364840433,False,10.02925341359355,1.8002946558257695
Batch_3,img_mgxahqnk,56,516.0,920.6375968992248,2979.09496124031,32.04492009148036,20.994497157232704,-1.455436127059033,False,25.631847476983474,1.5263485403574302
Batch_3,img_mgxahqnk,57,242.0,918.8181818181819,2163.3305785123966,37.11020550887504,9.348699494052783,-1.0450005944729481,False,17.55346033766304,3.969558068743451
Batch_3,img_mgxahqnk,58,5160.0,963.4635658914729,6065.048837209302,109.27631941695623,61.77430998478942,-0.989827315726755,False,81.05501866530807,1.7689605831916722
Batch_3,img_mgxahqnk,59,34149.0,1090.2079123839644,5501.542387771237,258.6169385391908,175.96591406437577,0.0485889652281193,False,208.51824191940875,1.4696990602656024
Batch_3,img_mgxahqnk,60,8055.0,962.4944754810676,6481.471508379888,189.71283574642646,55.32945653683274,1.5246380831967519,False,101.271637356378,3.4287854539134126
Batch_3,img_mgxahqnk,61,59030.0,1087.9186515331187,5821.161256987973,341.02164815826563,251.74801777076877,-0.8971017785868386,False,274.15202046623085,1.354615028066619
Batch_3,img_mgxahqnk,62,181.0,960.1933701657458,2003.3591160220994,25.70066331203634,9.362960676910122,-0.12450990772536642,False,15.180789096653193,2.744929109380585
Batch_3,img_mgxahqnk,63,1149.0,1000.0957354221061,5071.445604873803,70.35380061234623,22.09940589089671,1.5000368642704285,False,38.24855862513909,3.183515473659258
Batch_3,img_mgxahqnk,64,93535.0,1149.4613780937616,4933.7500721655,408.56959555976033,303.3485697923794,1.508130599374367,False,345.09775545025417,1.3468650794674828
Batch_3,img_mgxahqnk,65,814.0,1023.1965601965602,3971.544226044226,36.00332654212535,31.47863751868797,-1.2389990967480122,False,32.19343084255579,1.1437384010267662
Batch_3,img_mgxahqnk,66,219.0,1037.1004566210045,6989.132420091324,21.835387869972614,13.088993695494425,0.3946899523546866,True,16.698486766680407,1.6682251040803027
Batch_3,img_mgxahqnk,67,5013.0,1076.2623179732695,141.44145222421704,98.46769305051046,72.28353983979429,-1.4453341719951855,False,79.89211373945098,1.3622422652342352
Batch_3,img_mgxahqnk,68,5261.0,1136.5122600266109,6963.462269530508,130.51028648759373,57.97653228943235,0.5304156164507433,True,81.84444541232894,2.2510881788523673
Batch_3,img_mgxahqnk,69,603.0,1102.766169154229,1898.0978441127695,39.86360461213474,21.07038698524455,1.3284126044276825,False,27.70854462932514,1.8919256034571628
Batch_3,img_mgxahqnk,70,4344.0,1133.7552946593003,3944.02923572744,90.41781841345966,63.96966313282032,1.4463042978510594,False,74.37037435921341,1.413448406406721
Batch_3,img_mgxahqnk,71,868.0,1152.8041474654378,6907.44930875576,78.16103841897917,18.546342319706202,0.22525298586229228,False,33.244126170349574,4.214364054734936
Batch_3,img_mgxahqnk,72,144.0,1124.013888888889,2578.3819444444443,16.557587648532387,11.208042247165835,1.5204148575428267,False,13.540550005146152,1.477295256691175
Batch_3,img_mgxahqnk,73,433.0,1134.013856812933,2288.198614318707,30.642415489625122,18.311439901331333,0.8955220370999996,False,23.480049464818542,1.6734028375014498
Batch_3,img_mgxahqnk,74,266.0,1152.563909774436,6248.251879699248,31.148821613042454,11.780311108038074,-1.1975186162596188,False,18.403307281560924,2.6441425296305323
Batch_3,img_mgxahqnk,75,44.0,1156.840909090909,6226.272727272727,10.466844931089351,5.635530744775156,0.76866334364542,False,7.48482063701911,1.8572953294227752
Batch_3,img_mgxahqnk,76,427.0,1219.2014051522249,2714.8360655737706,28.232522876154274,19.817675169591137,1.2631593391002969,False,23.31680264534386,1.4246132623808034
Batch_3,img_mgxahqnk,77,7186.0,1308.084748121347,6953.436682438074,165.1827090262632,60.93682634927083,-0.5685127766796393,True,95.65301546980565,2.710720576084609
Batch_3,img_mgxahqnk,78,340.0,1300.9882352941177,674.6088235294118,44.02506189781631,10.993147329825138,-0.4151742648607435,False,20.806283791440396,4.004773207975972
Batch_3,img_mgxahqnk,79,50794.0,1453.9669449147536,4845.835590817813,279.0449646418758,244.06593296897398,0.8492129523540882,False,254.3087285864916,1.143317960222447
Batch_3,img_mgxahqnk,80,9084.0,1445.926133861735,5370.046235138705,180.9709132274896,74.44654278478045,-1.0656081891413896,False,107.54584150200424,2.430884047237269
Batch_3,img_mgxahqnk,81,785.0,1416.491719745223,1134.3464968152866,48.68783861194632,22.6089511100139,0.03389044349949438,False,31.614759885488656,2.1534762216537158
Batch_3,img_mgxahqnk,82,2429.0,1426.0201729106627,1201.573075339646,74.47508878314584,51.19067185517682,1.1798629233819573,False,55.61203875206977,1.454856638604838
Batch_3,img_mgxahqnk,83,27369.0,1561.8999232708538,1409.6089736563265,217.4794657253753,181.79345583534806,1.194676402368322,False,186.67429683771857,1.1962997497684866
Batch_3,img_mgxahqnk,84,3637.0,1478.139950508661,5210.024470717624,119.95659489560632,44.3622017823522,-1.560156387662599,False,68.04977754704116,2.7040270788211065
Batch_3,img_mgxahqnk,85,774.0,1475.639534883721,12.830749354005167,33.31487539619595,30.79607638489128,0.6051427630155711,True,31.39247374172695,1.0817896078651243
Batch_3,img_mgxahqnk,86,6058.0,1516.163915483658,5537.251238032354,117.14593036129693,74.83856485037454,0.8583312731390733,False,87.8253104862466,1.5653150296976954
Batch_3,img_mgxahqnk,87,1495.0,1520.895652173913,51.89030100334448,57.333036935540676,34.271465913412456,-0.3712499671810009,False,43.62903986313552,1.6729088005862878
Batch_3,img_mgxahqnk,88,388.0,1545.9948453608247,6348.007731958763,31.598291559048825,17.847584699760695,1.033335436867,False,22.22649192646566,1.7704519737885038
Batch_3,img_mgxahqnk,89,825.0,1567.7127272727273,6277.781818181818,76.08280243055844,14.757400485127778,-1.4634452040799941,False,32.41022407214287,5.155569404464778
Batch_3,img_mgxahqnk,90,175.0,1570.3257142857142,1825.84,27.352252597991892,8.242665029906139,-1.1177555769620424,False,14.927053303604616,3.3183748822440453
Batch_3,img_mgxahqnk,91,8734.0,1661.8969544309596,1481.2904740096176,317.2396246628806,40.77114839354117,-1.1579192627008104,False,105.45365893944559,7.780983297324455
Batch_3,img_mgxahqnk,92,7406.0,1627.2997569538213,4666.5307858493115,141.13129276186194,87.86577325800916,-0.6999255971259682,False,97.1061896498293,1.606214655932565
Batch_3,img_mgxahqnk,93,782.0,1600.108695652174,134.83631713554988,36.68528181856781,27.672306226914067,1.4035729765193785,False,31.554291688816235,1.3257038107972268
Batch_3,img_mgxahqnk,94,947.0,1602.3421330517424,1546.1330517423442,52.48999504730211,23.695002962451607,-0.96318621619828,False,34.72402408800281,2.2152347957280534
Batch_3,img_mgxahqnk,95,223.0,1599.6860986547085,481.7982062780269,32.59983622546921,9.2939153207577,-1.2106390112745995,False,16.85029431422316,3.5076536745130857
Batch_3,img_mgxahqnk,96,42719.0,1732.415037805192,5287.117910063438,278.7586918584921,206.75861988316564,0.46790913865699363,False,233.2198964744248,1.3482325042409937
Batch_3,img_mgxahqnk,97,3009.0,1627.608840146228,6446.583250249252,89.46368709401919,51.449473236119296,-1.5625752338369592,False,61.89650870693843,1.7388649769734206
Batch_3,img_mgxahqnk,98,45457.0,1773.622742371912,6686.867479156125,378.6669536859542,157.79032173876945,-0.760639644376805,True,240.5777420814866,2.3998110246131454
Batch_3,img_mgxahqnk,99,351.0,1631.6752136752136,1305.7264957264956,28.08841056913479,17.346390994387427,1.3218331970936954,False,21.14017691983778,1.6192653894532318
Batch_3,img_mgxahqnk,100,9564.0,1723.957549142618,6948.1998117942285,145.65702679297752,94.09805775046438,-0.8082023714302832,True,110.35063663544084,1.547928089857505
Batch_3,img_mgxahqnk,101,3401.0,1720.2978535724787,2030.321376065863,84.3091972925877,54.56704461685726,-0.7818823911686283,False,65.80492148497929,1.545057055674631
Batch_3,img_mgxahqnk,102,257.0,1708.9571984435797,6889.385214007782,22.733618694520224,15.316150940840226,0.3451170357248155,False,18.089294154193436,1.484290588564354
Batch_3,img_mgxahqnk,103,628.0,1762.0987261146497,4606.350318471337,66.63460652211602,13.19535292903114,-0.9200042397792352,False,28.277100878514442,5.049854056992519
Batch_3,img_mgxahqnk,104,3268.0,1880.281517747858,6218.30905752754,98.07208250586133,49.41147470793106,1.3882996714018017,True,64.50540157377917,1.9848037947776476
Batch_3,img_pl8uabbv,1,7658.0,23.430268999738836,344.4002350483155,172.8195346781096,61.68278575544501,-1.5542298515692294,True,98.74446026781389,2.801746590422986
Batch_3,img_pl8uabbv,2,107.0,3.794392523364486,893.3551401869158,20.24150199256368,7.557772395119954,1.1534077516930055,True,11.67204486311899,2.6782365139275166
Batch_3,img_pl8uabbv,3,12699.0,25.50980392156863,1342.347665170486,266.77066354055887,72.39277530905883,1.5525510436915926,True,127.15686760294086,3.6850453985451317
Batch_3,img_pl8uabbv,4,204.0,3.0,2055.372549019608,34.11795499472713,9.39854764948923,1.554242325765895,True,16.11647812414279,3.630130554967319
Batch_3,img_pl8uabbv,5,410.0,11.317073170731707,2808.531707317073,26.95601343040322,19.99518003250847,-0.3200656952765258,True,22.847936741452536,1.3481255675906756
Batch_3,img_pl8uabbv,6,9749.0,32.146989434813825,2918.187506410914,184.87819774512008,79.75451139356429,-1.3595197638899426,True,111.41280142615166,2.3180907827621478
Batch_3,img_pl8uabbv,7,72.0,1.5,3638.375,19.936790289831315,4.812824724439542,1.5384180723170324,True,9.574614729634384,4.142430159276779
Batch_3,img_pl8uabbv,8,205.0,2.234146341463415,3858.4731707317073,41.32937120177836,6.696866842074274,-1.5681820238976816,True,16.15593100600236,6.171448854577655
Batch_3,img_pl8uabbv,9,868.0,6.214285714285714,5511.104838709677,80.86762277410362,14.267877699438865,1.5079843293113824,True,33.244126170349574,5.667810201182481
Batch_3,img_pl8uabbv,10,3944.0,47.67266734279919,5296.045892494929,86.75176429054808,67.53799907790173,1.116578493698583,False,70.8636491047101,1.2844882210751347
Batch_3,img_pl8uabbv,11,15340.0,70.58083441981746,6142.517470664929,214.44358213295217,97.5951765553526,-1.5305666948908285,False,139.755123756653,2.197276440309806
Batch_3,img_pl8uabbv,12,153.0,22.372549019607842,1934.8954248366013,25.068829749422587,8.042855647728667,1.383359378840308,False,13.957279475043833,3.116906587339053
Batch_3,img_pl8uabbv,13,131.0,29.82442748091603,1841.9083969465648,15.868249126612092,10.96414254595964,0.30420091982891484,False,12.914889870235298,1.4472859195413914
Batch_3,img_pl8uabbv,14,165.0,36.38181818181818,1860.0969696969696,15.992944046865547,14.00163415745822,-0.3083358173048954,False,14.494292838262302,1.1422198199876992
Batch_3,img_pl8uabbv,15,62.0,33.62903225806452,1952.532258064516,14.189119520676183,6.380315773656231,0.7055034963859902,False,8.884866446580956,2.223889854991476
Batch_3,img_pl8uabbv,16,27614.0,112.12138770189034,4308.1432606648805,354.15864132542083,117.76860815591903,1.4954346657707442,False,187.50796459968515,3.007241461634111
Batch_3,img_pl8uabbv,17,2168.0,88.39206642066421,1910.8164206642066,97.3192139257998,31.592095254005212,0.42380369055122746,False,52.53935032892806,3.0804925454718544
Batch_3,img_pl8uabbv,18,55.0,60.872727272727275,3283.181818181818,10.409486049538659,7.923495045633526,-0.9147275141364091,False,8.368283871884005,1.3137492974486191
Batch_3,img_pl8uabbv,19,172.0,68.61627906976744,3292.529069767442,19.0562517483027,12.176096349279302,-0.4040785342411481,False,14.798554040663838,1.5650542835455332
Batch_3,img_pl8uabbv,20,14363.0,150.08779502889368,1816.4620204692612,152.06316194850058,128.4907741192042,0.811007732859444,False,135.23142970859675,1.1834558783763547
Batch_3,img_pl8uabbv,21,2259.0,100.27445772465693,4015.3957503320053,60.39677912293178,50.11288734672764,0.1530608445681286,False,53.63066409766648,1.2052145130862366
Batch_3,img_pl8uabbv,22,1235.0,93.63643724696357,3181.7368421052633,46.312393769960146,34.90286162183498,1.4039271171337484,False,39.65414023463283,1.3268938882933152
Batch_3,img_pl8uabbv,23,4161.0,117.8055755827926,539.2513818793559,92.34795279239715,59.88052564051722,1.113550039952052,False,72.78701632601114,1.5422034426817282
Batch_3,img_pl8uabbv,24,1839.0,123.81022294725395,3219.937466014138,54.483567023749146,45.082372691822854,1.5422810952412092,False,48.3889194213713,1.2085337077573892
Batch_3,img_pl8uabbv,25,6052.0,161.73215465961667,3062.913086582948,171.03362439325136,48.23561709470855,-0.8502261376907,False,87.78180748160295,3.5457953001292433
Batch_3,img_pl8uabbv,26,1017.0,121.89872173058014,5379.312684365782,56.12416331584844,24.38054131694129,0.9531279296044628,False,35.98450523483212,2.302006447939262
Batch_3,img_pl8uabbv,27,158.0,118.40506329113924,4105.664556962025,22.97739177295123,9.713293555876668,0.11413123666496285,False,14.183506197980657,2.365561345466555
Batch_3,img_pl8uabbv,28,6668.0,171.2129574085183,483.81913617276547,125.554281605254,79.32969748947843,0.869504947001052,False,92.14098590906256,1.5826895296292587
Batch_3,img_pl8uabbv,29,2089.0,153.81905217807562,5327.582096696984,86.48441949781815,34.30970331324679,-1.294488729881873,False,51.57322375954168,2.5206985530658024
Batch_3,img_pl8uabbv,30,2667.0,177.5466816647919,1129.4465691788525,87.38195926349407,40.07685642068526,0.5134240312493324,False,58.27289134587951,2.180359615690635
Batch_3,img_pl8uabbv,31,3160.0,203.875,3155.464240506329,87.7455820387576,57.50801236994293,0.26431983127758196,False,63.43056803594868,1.5257975092983496
Batch_3,img_pl8uabbv,32,109.0,162.3394495412844,1314.2477064220184,15.89985132485685,9.199253077288155,0.05758882991628482,False,11.780624362746345,1.7283850320534895
Batch_3,img_pl8uabbv,33,172.0,167.5,4074.6220930232557,28.730209746446857,8.26377813085632,-0.6025507484067274,False,14.798554040663838,3.476643405898137
Batch_3,img_pl8uabbv,34,1009.0,177.3131813676908,1281.9276511397422,56.431708522747485,24.30458943472121,-1.054300802516913,False,35.84269382507095,2.32185401338769
Batch_3,img_pl8uabbv,35,119.0,178.47899159663865,2475.831932773109,15.017926685593473,10.796179545682547,-1.124824950088808,False,12.309163489997376,1.3910408419985223
Batch_3,img_pl8uabbv,36,6633.0,240.91180461329716,6431.596411879994,168.22746696354437,53.901227870412676,0.820231714839509,False,91.89884602228874,3.121032184424269
Batch_3,img_pl8uabbv,37,97.0,183.6701030927835,1739.0103092783504,14.647098718765616,8.478468940001196,0.6529308035463659,False,11.11324596323283,1.7275641182880301
Batch_3,img_pl8uabbv,38,3536.0,217.55090497737555,3859.423642533937,81.92320975311917,58.165394662740766,-0.7599896577779838,False,67.09824908433555,1.4084527445938064
Batch_3,img_pl8uabbv,39,212.0,208.96698113207546,3998.3584905660377,21.994792652536102,12.545943068800312,-1.2541802799761805,False,16.42944866646031,1.7531398422517568
Batch_3,img_pl8uabbv,40,32173.0,380.3757809343238,1107.7892332079693,286.611039233963,168.9332658081022,-0.6737409691593994,False,202.3954937066643,1.696593254519424
Batch_3,img_pl8uabbv,41,694.0,246.38760806916426,1589.1527377521613,35.131082042291034,26.645468316467714,-1.4688908805444196,False,29.72588508432008,1.3184636736363515
Batch_3,img_pl8uabbv,42,997.0,246.6409227683049,332.9819458375125,91.70279487520307,14.40952911953049,-1.5244027855954205,False,35.6289183964509,6.364038277344559
Batch_3,img_pl8uabbv,43,69.0,256.4347826086956,1505.9420289855072,10.515255291879342,8.422040810041398,-0.3830468452231575,False,9.373021315815206,1.2485400544891987
Batch_3,img_pl8uabbv,44,546.0,275.9194139194139,531.2399267399268,37.002938972086326,23.888309630678553,1.2881994392919025,False,26.366433043273013,1.5489977961674324
Batch_3,img_pl8uabbv,45,792.0,290.3598484848485,811.0075757575758,50.14548489595122,24.154050952668875,0.5933606318099259,False,31.755404570407364,2.0760693514398025
Batch_3,img_pl8uabbv,46,21055.0,419.8039895511755,6081.872476846354,207.4114219943167,138.2771354007541,-0.13150481900037053,False,163.7316664985697,1.4999690396622547
Batch_3,img_pl8uabbv,47,605.0,330.7090909090909,1515.6495867768595,37.240846277210004,22.18783138778841,0.2004182760651221,False,27.754457742221764,1.6784356085248768
Batch_3,img_pl8uabbv,48,1404.0,346.22507122507125,3664.6659544159543,70.77841165803449,27.062500837635188,-0.7797648620371306,False,42.28035383967556,2.615368479161564
Batch_3,img_pl8uabbv,49,3189.0,361.72122922546254,5224.809658200063,85.66866279308405,55.325251040969206,-0.3812480886910447,False,63.72096129344279,1.5484550215532702
Batch_3,img_pl8uabbv,50,2277.0,343.90469916556873,2301.9934123847165,88.2482020077365,38.6843572419591,1.449535760113426,False,53.84390813603676,2.2812373863618918
Batch_3,img_pl8uabbv,51,146.0,353.1575342465753,6876.157534246576,18.376420351272248,10.73366945491259,0.5518950445442502,False,13.63425735166143,1.7120352390637221
Batch_3,img_pl8uabbv,52,1137.0,367.0316622691293,3731.358839050132,57.98024767201707,28.610998980554314,-1.1382606915038738,False,38.0483030155601,2.026502035508225
Batch_3,img_pl8uabbv,53,5604.0,421.470556745182,4071.6472162740897,113.81763564792035,66.14176176234739,-0.46690002231637406,False,84.47031673135749,1.7208134862944258
Batch_3,img_pl8uabbv,54,471.0,415.9193205944798,676.6305732484077,37.15723960265161,18.703144631105562,1.485261950538365,False,24.488687706168772,1.9866840756208815
Batch_3,img_pl8uabbv,55,381.0,442.15485564304464,680.6325459317585,31.077237638580222,16.052974863334132,0.9042584809103202,False,22.025082668269306,1.9359176665480442
Batch_3,img_pl8uabbv,56,170.0,461.21176470588233,2287.0823529411764,21.516628678597318,10.521539202663108,0.5102067726666613,False,14.712264360219255,2.045007699363154
Batch_3,img_pl8uabbv,57,134.0,486.9029850746269,2933.6194029850744,15.950488347764717,12.34613698965789,0.613351977729451,False,13.061933202803933,1.2919416300925641
Batch_3,img_pl8uabbv,58,212.0,528.9952830188679,5436.834905660377,24.062668465573804,11.643470272484294,-1.4005351690139736,False,16.42944866646031,2.0666234294803334
Batch_3,img_pl8uabbv,59,4704.0,580.9706632653061,5466.009566326531,130.2564705671792,57.5283004122916,0.8686177993649626,False,77.39068948157914,2.264215518860494
Batch_3,img_pl8uabbv,60,2354.0,579.4124893797791,6896.466015293118,79.07446945752515,46.789117436641746,-1.547113465463066,False,54.74674317533942,1.6900184014926498
Batch_3,img_pl8uabbv,61,31996.0,688.1920552569071,6110.433179147393,239.25807111181354,177.7549972421047,0.3085014361809513,False,201.83798570473863,1.3459991270228022
Batch_3,img_pl8uabbv,62,6618.0,664.8844061650045,5978.784224841342,121.20916278367064,74.35704222016305,-0.18784588086392412,False,91.79487625710547,1.6300966144509028
Batch_3,img_pl8uabbv,63,7511.0,647.198242577553,3880.9743043536146,134.88074764617875,93.86159322199875,1.4693797941987907,False,97.79213782562384,1.4370174532107363
Batch_3,img_pl8uabbv,64,390.0,626.0923076923077,5916.797435897436,28.343202351229298,18.283614152745475,-0.21294881194814105,False,22.283703068536735,1.5501969202830324
Batch_3,img_pl8uabbv,65,3188.0,680.9887076537013,6277.082810539523,117.71255092704165,35.4717259471109,0.467789320900951,False,63.71096976671834,3.318489523248843
Batch_3,img_pl8uabbv,66,10182.0,708.7914947947359,2292.5017678255745,131.5850811636515,100.41743449020116,-0.228285031773167,False,113.86011173582006,1.3103808300986988
Batch_3,img_pl8uabbv,67,2808.0,717.1424501424501,2204.1018518518517,103.68104039710975,43.45488128235355,-0.33682783338905814,False,59.79344982200255,2.385946925580792
Batch_3,img_pl8uabbv,68,98.0,688.8163265306123,3951.081632653061,12.908927723799104,9.94161137174848,0.12027252686674193,False,11.170383851240114,1.2984743862029227
Batch_3,img_pl8uabbv,69,598.0,712.1270903010034,3882.964882943144,44.7862396594779,21.196047609375665,0.76591700330071,False,27.59342761875783,2.1129523996571686
Batch_3,img_pl8uabbv,70,13392.0,830.9289874551971,1864.6618130227,175.17910546718178,120.13685953929276,0.2700249285344723,False,130.58033536139084,1.458162849761247
Batch_3,img_pl8uabbv,71,2836.0,765.7228490832158,4000.8476727785614,82.75642962378551,52.05060363828257,-1.5631516027512593,False,60.090825829480174,1.5899225722508084
Batch_3,img_pl8uabbv,72,5885.0,824.3774001699236,475.461002548853,177.85566649736245,51.66009794390994,0.38482054685317824,False,86.56220145517577,3.4428054451323264
Batch_3,img_pl8uabbv,73,2432.0,796.6792763157895,4907.827713815789,80.13735301772385,40.83755967684189,1.1542520960431366,False,55.646370706416384,1.9623443137119683
Batch_3,img_pl8uabbv,74,3571.0,800.2875945113414,3803.713525623075,113.38517205300703,41.4758295533689,-1.5050601483432589,False,67.4295069998978,2.7337650210735145
Batch_3,img_pl8uabbv,75,2087.0,859.8778150455199,2330.083373263057,82.99610672378925,36.792292693194455,-0.33173651804109067,False,51.54852985160959,2.2558014368901023
Batch_3,img_pl8uabbv,76,17275.0,938.8918668596237,1354.2121562952243,220.62505868923733,105.50096956650785,0.03536820167253138,False,148.30783234644062,2.09121356510525
Batch_3,img_pl8uabbv,77,1139.0,861.5592625109746,1765.2265144863916,65.01287728788888,23.723291729802842,-0.43912415644870495,False,38.08175207961617,2.7404661220017457
Batch_3,img_pl8uabbv,78,58326.0,958.0804615437369,4883.347752288859,372.71809491626146,211.42115211377927,-1.1187891403608663,False,272.51232942056606,1.7629177175029203
Batch_3,img_pl8uabbv,79,9232.0,927.4663128249566,1174.061416811092,172.88412510119446,71.7944597623254,-1.0499619982967112,False,108.41839086149093,2.4080427051547577
Batch_3,img_pl8uabbv,80,275.0,881.709090909091,3528.7527272727275,30.67363933748159,11.911608139616932,-1.3361935106088436,False,18.712051592547777,2.5751048034785358
Batch_3,img_pl8uabbv,81,101.0,892.009900990099,1733.5544554455446,13.6772108635471,9.577910698065303,0.05569381672723667,False,11.340070282773887,1.427995237657607
Batch_3,img_pl8uabbv,82,177.0,910.5649717514125,1875.322033898305,18.800716422449764,13.215019330859013,0.3774584966662671,False,15.012108426804138,1.4226779357444697
Batch_3,img_pl8uabbv,83,753.0,929.2470119521912,5079.197875166003,55.877688930840115,20.861432402062796,-0.6911751684869074,False,30.96367835360614,2.678516405484931
Batch_3,img_pl8uabbv,84,1883.0,926.1747211895911,3487.194370685077,79.32171440250366,31.731260048269867,-1.4718210556903684,False,48.9643754451776,2.499797180503982
Batch_3,img_pl8uabbv,85,318.0,929.7987421383648,2377.01572327044,23.51445680850277,18.32284000727053,0.36580786524502396,False,20.12188299403865,1.2833412723776556
Batch_3,img_pl8uabbv,86,350.0,932.3485714285714,5930.122857142857,29.616374176548344,17.048476771445497,-0.601797375736472,False,21.11004122822376,1.7371859418052424
Batch_3,img_pl8uabbv,87,221.0,930.2126696832579,1067.2036199095023,18.245355676359676,15.888199928949247,0.6500520198688173,False,16.774562271083887,1.1483588926342467
Batch_3,img_pl8uabbv,88,385.0,941.1116883116883,1752.1636363636364,37.59460703493923,14.638211773734087,1.5214676112196364,False,22.140398025397776,2.5682513421753264
Batch_3,img_pl8uabbv,89,13205.0,1044.0820143884891,3379.7369178341537,227.39148510433049,78.46555414357321,-0.5867097632333844,False,129.66544716395276,2.8979784516433593
Batch_3,img_pl8uabbv,90,855.0,1019.93216374269,555.5637426900585,37.4691084868907,31.13978701455156,0.4856801613156636,False,32.99423905394037,1.2032551304664179
Batch_3,img_pl8uabbv,91,645.0,1045.4527131782945,4630.541085271318,33.26385961811217,25.864917241109115,0.7142350567996043,False,28.65727667372076,1.2860609337362714
Batch_3,img_pl8uabbv,92,112.0,1043.2767857142858,4655.464285714285,15.99359652856959,10.554016678047772,0.0640887074645298,False,11.941642642883693,1.5154037573046553
Batch_3,img_pl8uabbv,93,138.0,1053.5942028985507,2394.449275362319,18.476469642611264,10.175380288795834,0.9365835102138913,False,13.255453865237978,1.8158013870946723
Batch_3,img_pl8uabbv,94,790.0,1077.832911392405,2382.7443037974685,46.34590072499312,25.269236629344647,1.5458655344420809,False,31.71528401797434,1.8340839260325172
Batch_3,img_pl8uabbv,95,7520.0,1121.3231382978724,6285.50545212766,120.1107037744135,83.3845412052158,1.267233535816383,False,97.85070963671353,1.4404433008609088
Batch_3,img_pl8uabbv,96,2407.0,1098.0182800166183,4925.4441213128375,92.6853482489593,34.55494105851781,-0.9817969597174152,False,55.35962052053407,2.68226034858515
Batch_3,img_pl8uabbv,97,8971.0,1137.5401850406868,4183.50863894772,137.12306298012575,88.14904332365737,1.1447840755174223,False,106.87484248324834,1.5555819758207718
Batch_3,img_pl8uabbv,98,715.0,1097.8167832167833,2424.358041958042,41.27511341916385,24.158984531245256,0.06515861714923622,False,30.172276587716105,1.708478821441439
Batch_3,img_pl8uabbv,99,149.0,1107.4026845637584,5164.597315436242,20.425481382700635,10.610872754128417,-0.2831004039666377,False,13.773623058786647,1.9249577161080937
Batch_3,img_pl8uabbv,100,154.0,1105.6753246753246,1603.3116883116884,24.159066786334055,9.930003363463985,1.4248846169778489,False,14.002817212590296,2.4329364152306185
Batch_3,img_pl8uabbv,101,2341.0,1123.4258863733448,1464.8180264844084,84.17695237716511,37.21493605461856,1.3057242248618628,False,54.59536403601515,2.2619131268591373
Batch_3,img_pl8uabbv,102,2826.0,1139.9094125973106,957.0976645435244,102.41693581979128,44.285493881360594,-1.441442916169359,False,59.98478935048093,2.312651996027479
Batch_3,img_pl8uabbv,103,175.0,1125.577142857143,3947.2057142857143,25.15160243319233,10.527597025165148,-0.9995165570310728,False,14.927053303604616,2.389111434743369
Batch_3,img_pl8uabbv,104,3177.0,1160.6688700031477,88.19735599622285,85.33259790058344,49.55186426595857,0.27040454680600495,False,63.60095937659755,1.7220865282198015
Batch_3,img_pl8uabbv,105,5463.0,1182.6765513454145,3490.4750137287206,121.17669274406484,58.50717079866245,-0.43333616303952527,False,83.40088508456127,2.0711425811557973
Batch_3,img_pl8uabbv,106,17451.0,1190.7412755716005,3814.6333161423413,213.27008489390235,119.30636877962641,-1.4624589062040403,False,149.06140779951505,1.7875834046029724
Batch_3,img_pl8uabbv,107,2769.0,1160.50523654749,1045.1957385337666,95.83015917903985,39.259197379972655,-1.4666637662485966,False,59.376765652666414,2.440960732119445
Batch_3,img_pl8uabbv,108,3464.0,1205.1763856812934,3089.2205542725173,121.54663612624712,39.417796811143596,-0.8756370452300578,False,66.41160879667503,3.083547178159012
Batch_3,img_pl8uabbv,109,238.0,1203.327731092437,3892.7268907563025,25.15749257314253,13.259671122845841,-1.4241697261495696,False,17.407785949022028,1.897293857446981
Batch_3,img_pl8uabbv,110,1516.0,1235.0065963060686,4874.948548812665,59.191335305846266,34.230397041855774,0.07694396141891514,False,43.934395976484154,1.7292038778711536
Batch_3,img_pl8uabbv,111,7738.0,1268.5457482553632,4751.248772292582,121.11403238071388,83.59288497281565,0.3013140832765321,False,99.25889177882598,1.4488557539328866
Batch_3,img_pl8uabbv,112,4409.0,1273.5404853708324,3168.3114084826493,112.46640600470123,54.619710882408505,-1.3498630091488752,False,74.92471656761427,2.0590809469283284
Batch_3,img_pl8uabbv,113,2104.0,1279.3968631178707,6877.113117870723,78.29575056918291,36.60976702489391,-1.2116269291248583,False,51.758052534101225,2.1386574384902084
Batch_3,img_pl8uabbv,114,1207.0,1282.5385252692627,4683.398508699254,54.67896247459605,30.22304775363976,-0.26527301045281626,False,39.202042427599885,1.8091809575363247
Batch_3,img_pl8uabbv,115,146.0,1264.835616438356,1311.1849315068494,18.09115308842726,10.683706892000087,1.1961108214244816,False,13.63425735166143,1.6933404548915354
Batch_3,img_pl8uabbv,116,80.0,1322.9,4716.675,10.859020407172283,9.499035519283833,1.553455974631279,False,10.092530088080641,1.1431708393054818
Batch_3,img_pl8uabbv,117,755.0,1344.3350993377483,4590.36821192053,35.83778871839395,28.746797128566485,1.0341029809713336,False,31.004771508189638,1.2466706658871904
Batch_3,img_pl8uabbv,118,2994.0,1396.5788243152972,6779.9719438877755,80.201748584262,53.17653495708793,-0.4388758513679256,False,61.74203751850985,1.5082168977159327
Batch_3,img_pl8uabbv,119,1145.0,1428.3877729257642,1426.014847161572,42.39330536357195,36.268768594746355,0.7559541959246358,False,38.18192345497751,1.168865307704788
Batch_3,img_pl8uabbv,120,5711.0,1482.1192435650498,6966.62108212222,122.92229921325978,74.03590336521705,0.3967488504351105,True,85.27292090683018,1.6603066029583984
Batch_3,img_pl8uabbv,121,153.0,1438.2549019607843,810.5490196078431,15.946992951586305,13.012349951102653,-0.20828168622710852,False,13.957279475043833,1.225527518973233
Batch_3,img_pl8uabbv,122,1429.0,1466.815955213436,2368.5661301609516,60.09652532082358,32.843885822485866,0.34113252575098063,False,42.65512055341712,1.8297629472234913
Batch_3,img_pl8uabbv,123,7574.0,1532.4090308951677,236.05703723263798,175.83252913612935,58.47154934233163,-1.1059428567135388,False,98.20140687293701,3.0071467425411957
Batch_3,img_pl8uabbv,124,97.0,1510.319587628866,190.56701030927834,12.837835242387031,10.208114891040433,0.6542384332633795,False,11.11324596323283,1.2576107713731435
Batch_3,img_pl8uabbv,125,2442.0,1546.9086814086813,1473.8660933660933,60.22813051622218,53.89817772647701,0.885451848609962,False,55.76065788926156,1.117442797822748
Batch_3,img_pl8uabbv,126,2169.0,1565.5103734439833,2976.4674965421855,104.68190907269874,28.48349578120129,-0.8640153575640585,False,52.55146594083335,3.675177719645892
Batch_3,img_pl8uabbv,127,572.0,1544.8304195804196,702.6398601398602,36.82739481974399,20.679488035809626,-0.893307489438111,False,26.986904594423443,1.7808658877807735
Batch_3,img_pl8uabbv,128,4449.0,1566.0173072600585,2851.5594515621488,136.42139099850428,46.26705251808031,-1.283292399556322,False,75.26382088710844,2.9485645523927273
Batch_3,img_pl8uabbv,129,1582.0,1584.1605562579014,3147.3919089759797,64.3230113356132,31.897098683962774,0.5880811647365644,False,44.88056327377173,2.01657874820927
Batch_3,img_pl8uabbv,130,176.0,1572.8579545454545,651.1306818181819,17.940443085626743,13.208085342710092,-0.8848979240165751,False,14.96964127403822,1.3582924867705046
Batch_3,img_pl8uabbv,131,23749.0,1670.5783822476735,5809.758642469156,241.90401500260606,126.99832090737597,-1.245607595299421,False,173.89124747357292,1.9047812071392234
Batch_3,img_pl8uabbv,132,4732.0,1624.9773879966187,2733.405748098056,160.322361127154,44.064141127724696,1.482661984688266,False,77.620677178744,3.6383861576342142
Batch_3,img_pl8uabbv,133,1001.0,1652.3146853146852,5952.732267732268,48.94225256211965,26.33751801621659,0.5500991185265331,False,35.700319106135424,1.8582712513755029
Batch_3,img_pl8uabbv,134,28592.0,1767.7407666480135,2597.1106952993846,223.11225539468845,169.24035139780622,0.5396362569050956,False,190.79954156933337,1.3183159545104828
Batch_3,img_pl8uabbv,135,989.0,1713.3751263902932,4876.373104145601,82.62094696227162,20.489213803378178,0.7874228040633654,False,35.485685983831225,4.032411773098361
Batch_3,img_pl8uabbv,136,1694.0,1703.0035419126327,1319.1009445100353,68.40699729592652,32.513853237631615,-1.3601311815405512,False,46.44209070209227,2.1039338769221017
Batch_3,img_pl8uabbv,137,1143.0,1711.8232720909887,2333.758530183727,60.18689221365917,25.471381452645613,1.265746664170905,False,38.14856222234714,2.362922180940751
Batch_3,img_pl8uabbv,138,386.0,1743.3756476683939,3724.360103626943,28.554155356090263,18.58341150744926,1.37088802453302,False,22.16913314200113,1.5365400128304847
Batch_3,img_pl8uabbv,139,3925.0,1840.488152866242,4413.864713375796,165.7715992647393,35.64659526223859,0.9493741700360674,False,70.69275219628611,4.6504188701675435
Batch_3,img_pl8uabbv,140,11169.0,1892.9212104933297,4344.735338884412,144.30013573619019,102.6492832889985,0.6506639354831723,False,119.25104810921803,1.4057588237603957
Batch_3,img_pl8uabbv,141,15483.0,1894.9642834076083,1353.1964735516374,177.19222852641434,125.86505092530511,1.4637780731835273,False,140.40501369657184,1.4077953111191244
Batch_3,img_pl8uabbv,142,78.0,1839.8974358974358,3542.5,11.83857344646435,8.705310593716735,-0.944742457408704,False,9.965574970333758,1.3599254522876096
Batch_3,img_pl8uabbv,143,1359.0,1863.7645327446653,2861.581309786608,67.74912354979186,31.275663274160824,-0.5724077529485371,False,41.597266031496424,2.166193022220076
Batch_3,img_pl8uabbv,144,1059.0,1884.3654390934844,6729.355051935789,40.89828047884054,33.68336104480794,-0.1297494291238272,False,36.72003101679705,1.2141983225615407
Batch_3,img_pl8uabbv,145,7449.0,1938.7944690562492,5842.633373607196,130.83296600685196,73.80973739716141,1.0707903351339116,False,97.38768591938216,1.7725705390720379
Batch_3,img_pl8uabbv,146,192.0,1924.203125,6238.901041666667,30.952326065117084,8.173330872267584,1.331374436223735,False,15.635280380893438,3.786990463109658
Batch_3,img_pl8uabbv,147,10934.0,1982.8228461679166,2033.8125114322297,181.88753823943537,82.99673546507626,1.2231503435974869,False,117.98983507969773,2.1915023189794116
Batch_3,img_pl8uabbv,148,224.0,1975.7857142857142,4388.075892857143,22.33758188020455,13.979265787932041,-0.9366465783385114,False,16.88803298257901,1.597908088956148
Batch_3,img_pl8uabbv,149,149.0,2036.758389261745,1283.3959731543623,21.57951742244297,9.799799101284366,0.0823688792011338,False,13.773623058786647,2.2020367151827376
Batch_3,img_pl8uabbv,150,42504.0,2158.2364718614717,5966.751764539808,324.8082847185228,174.75658586281398,1.0998697214465203,False,232.63227121236503,1.8586325838014552
Batch_3,img_pl8uabbv,151,1107.0,2059.60162601626,6848.3956639566395,49.59883842392695,30.605493016022937,0.9085278563564033,False,37.542991037233904,1.6205861607248215
Batch_3,img_pl8uabbv,152,32606.0,2175.5475986014844,97.5723486474882,216.56808918224658,212.07969792560354,-1.1521646919943043,True,203.75291064334448,1.0211637007245151
Batch_3,img_pl8uabbv,153,607.0,2093.675453047776,678.3492586490939,40.11255810790445,19.8464795955015,0.8989429310614856,False,27.80029502818709,2.0211422340613274
Batch_3,img_pl8uabbv,154,1331.0,2111.564988730278,731.9722013523666,74.1804637931383,24.394901768706557,0.695976066816548,False,41.16651350360511,3.040818302793741
Batch_3,img_pl8uabbv,155,17085.0,2186.2568334796606,4082.2019315188763,196.6780222104347,125.50395635408599,-0.7008822933983255,True,147.48999159875308,1.5671061528573997
Batch_3,img_pl8uabbv,156,1230.0,2116.99837398374,1512.3804878048782,54.74613889836976,31.169468520038453,0.6121860654654512,False,39.573787284315486,1.7564027074498934
Batch_3,img_pl8uabbv,157,1989.0,2124.2317747611864,6773.2926093514325,134.16562685952113,25.17857149131867,1.341033806147442,False,50.323686813251655,5.328563890361299
Batch_3,img_pl8uabbv,158,171.0,2121.6491228070176,1957.4502923976609,23.0182603912417,11.124417168450266,-1.4136183226955248,False,14.755472278097805,2.06916551606167
Batch_3,img_pl8uabbv,159,34928.0,2203.708342876775,6320.513857077416,333.34377795879556,146.3134314980184,1.4101748414181727,True,210.8831686467883,2.2782855582422057
Batch_3,img_pl8uabbv,160,7415.0,2206.624679703304,562.0427511800405,156.7882833264141,71.9446719148088,-0.07449795690259108,True,97.16517495590296,2.1792897118506622
Batch_3,img_pl8uabbv,161,152.0,2165.2105263157896,4727.565789473684,17.17905237973471,11.355345492132264,1.0243565123856666,False,13.911592676604096,1.5128603873512696
Batch_3,img_pl8uabbv,162,11858.0,2229.503794906392,2032.0744644965425,181.2274021018108,85.88596771546766,-1.5391497790247781,True,122.87422236364127,2.110093265784704
Batch_3,img_pl8uabbv,163,4627.0,2238.704560190188,4808.734169007997,96.60484060254753,66.34980612412554,-1.2831854231700186,True,76.75467004351981,1.45599280910967
Batch_3,img_pl8uabbv,164,168.0,2208.410714285714,212.04761904761904,23.73391279657831,9.688698803152217,-1.2036718002470275,False,14.625465582862905,2.449649150911419
Batch_3,img_pl8uabbv,165,5585.0,2239.3919427036703,2804.4417188898838,133.12998622688832,59.76451680753717,-1.4589207635960169,True,84.32699957514131,2.2275757144596993
Batch_3,img_pl8uabbv,166,2181.0,2241.8101788170566,2911.994956441999,58.96815423945255,49.26996757469753,-0.6462814841730828,True,52.69663601281765,1.1968376912376029
Batch_3,img_pl8uabbv,167,5712.0,2245.722338935574,3574.1186974789916,154.53520366150258,49.82518568022006,-1.4365338392664118,True,85.28038625338918,3.101547973214097
Batch_3,img_pl8uabbv,168,927.0,2251.4368932038833,4150.065803667745,47.130446909426226,26.362567253115802,0.778278862138514,True,34.355393433484295,1.7877791057642862
Batch_3,img_pl8uabbv,169,1012.0,2245.9219367588935,5418.120553359684,47.794452164917296,30.144720666460465,-1.4661519444822222,False,35.89593875735784,1.585499918667159
Batch_3,img_pl8uabbv,170,654.0,2260.788990825688,5685.241590214067,53.870355934905966,18.536573449307813,1.5645772879449782,True,28.856518540128786,2.9061658068696388
Batch_3,img_pl8uabbv,171,303.0,2261.207920792079,4870.188118811881,27.59835696343711,15.924020446894689,1.4516996314898343,True,19.64157789116634,1.7331274507889123
Batch_3,img_pl8uabbv,172,1065.0,2262.838497652582,1390.3755868544602,125.33356695699094,12.075975766454095,1.5627260103677414,True,36.823906842470535,10.378752771693662
Batch_3,img_ptg8lmto,1,2196.0,35.92531876138433,358.8356102003643,78.62726417856994,41.27989245750307,-0.6000399491415688,True,52.877538144645285,1.9047351990927628
Batch_3,img_ptg8lmto,2,9249.0,26.7040761163369,515.5041626121742,202.79685481928158,68.61882922007057,-1.418914457138561,True,108.51816690884306,2.9554111768488873
Batch_3,img_ptg8lmto,3,4990.0,18.16052104208417,2851.671743486974,158.65419244123333,51.18646694489976,1.4453216041973156,True,79.70862769003404,3.099533957130083
Batch_3,img_ptg8lmto,4,174.0,3.4022988505747125,4756.833333333333,27.813608638007278,11.834647245142405,-1.5510032373809257,True,14.884343478431232,2.350184848088609
Batch_3,img_ptg8lmto,5,11652.0,39.83470648815654,4895.23935805012,158.90931633854288,100.51839321859428,-1.512631347116925,True,121.80224618312306,1.5808978959001825
Batch_3,img_ptg8lmto,6,2188.0,12.456124314442413,6461.725319926873,104.73008665098885,28.203132209416033,-1.459824317174943,True,52.78113416629597,3.713420405696044
Batch_3,img_ptg8lmto,7,57.0,11.56140350877193,4747.070175438596,12.27109045793992,6.20841180485358,1.3090751605867503,False,8.51907589177983,1.9765265004403687
Batch_3,img_ptg8lmto,8,1198.0,46.6118530884808,6803.760434056761,61.03406015092021,25.293908663740257,-0.8234487500199068,False,39.05561386782603,2.41299440755927
Batch_3,img_ptg8lmto,9,298.0,49.53691275167785,396.0268456375839,22.514011306612467,17.609067313302845,1.3480548827737415,False,19.47884453275087,1.278546495736555
Batch_3,img_ptg8lmto,10,657.0,105.38812785388127,2119.65601217656,39.6166802725998,22.194632601246962,-1.3797402768617373,False,28.92262748940701,1.7849667072377677
Batch_3,img_ptg8lmto,11,1951.0,139.84008200922605,2031.321373654536,76.59102271965607,34.61220471709683,-0.6927664207893889,False,49.84064959225855,2.2128328243078847
Batch_3,img_ptg8lmto,12,1542.0,149.3242542153048,2134.797016861219,72.32933766145628,31.596078817959434,1.219443664400074,False,44.30954048488453,2.289187151297514
Batch_3,img_ptg8lmto,13,188.0,143.9627659574468,1915.973404255319,16.11697541441073,14.976471899392697,-1.0386312416632,False,15.471555655790098,1.076153016723804
Batch_3,img_ptg8lmto,14,114.0,143.41228070175438,3072.3245614035086,19.533317855475854,7.549292302660829,-1.1421157699637703,False,12.047792665040703,2.5874369506915404
Batch_3,img_ptg8lmto,15,173.0,147.11560693641619,2068.1040462427745,23.971489578358078,10.153062803278427,-1.0190076637268535,False,14.841510746523857,2.361010666714056
Batch_3,img_ptg8lmto,16,4617.0,206.76413255360623,2100.2991119774747,94.79310543751967,68.23345456177087,1.3668495798528015,False,76.67168302601846,1.3892467565408797
Batch_3,img_ptg8lmto,17,46151.0,303.65186019804554,581.5159368161037,327.133739278576,197.21610637135456,-1.5445871056645049,False,242.40725696453993,1.6587577216568141
Batch_3,img_ptg8lmto,18,7709.0,232.39278765079777,4841.682708522506,113.83869837264848,91.75611349380507,-1.0735200868499648,False,99.07271900156657,1.240666087936847
Batch_3,img_ptg8lmto,19,39410.0,330.14283176858663,2201.667597056585,248.58386674286075,208.2823596366442,1.2550423498372134,False,224.00529113842995,1.1934945771524959
Batch_3,img_ptg8lmto,20,392.0,221.18367346938774,3587.0867346938776,34.219978162586855,17.06668475289268,0.6749200835648665,False,22.34076770248023,2.0050747206065793
Batch_3,img_ptg8lmto,21,675.0,232.6948148148148,2399.731851851852,40.70698903802983,22.994452049926632,-0.7305340969035136,False,29.316150714175198,1.770296110976896
Batch_3,img_ptg8lmto,22,11650.0,294.73519313304723,824.6739055793992,171.30169740075056,99.78804337949943,0.7360543777846371,False,121.79179240065665,1.7166555390737621
Batch_3,img_ptg8lmto,23,1434.0,243.51743375174337,2027.7154811715482,50.16187370144116,40.699098434272436,0.7099745492607694,False,42.72967946463235,1.2325057711647043
Batch_3,img_ptg8lmto,24,493.0,240.99797160243406,4981.075050709939,40.64629845782683,16.586829706134235,-0.4990693712186318,False,25.05408341078227,2.450516414405267
Batch_3,img_ptg8lmto,25,104.0,232.52884615384616,5000.096153846154,15.699484980217333,9.550449340137558,-0.15536907437539754,False,11.507254783503184,1.6438477836050391
Batch_3,img_ptg8lmto,26,1595.0,297.564263322884,2568.8112852664576,100.58172693472217,21.945831116109,-0.6058385275966132,False,45.06458780298101,4.583181489120806
Batch_3,img_ptg8lmto,27,28499.0,348.1238639952279,5663.122846415664,290.15277990423925,138.91358759930594,-1.4500871800062918,False,190.48898599501075,2.0887285752145455
Batch_3,img_ptg8lmto,28,1118.0,299.33720930232556,4992.964221824687,51.279587703659615,28.632621456457226,0.30697823713572703,False,37.72905791315113,1.7909498011435152
Batch_3,img_ptg8lmto,29,97.0,287.44329896907215,2311.3711340206187,18.120068781170367,7.5985338574077055,0.4165836319758269,False,11.11324596323283,2.384679613357959
Batch_3,img_ptg8lmto,30,111.0,292.2882882882883,6021.594594594595,13.57170001148274,10.655666737172071,1.342663493178658,False,11.888212206450685,1.2736603298729443
Batch_3,img_ptg8lmto,31,1907.0,326.2281069743052,2010.649711588883,98.50449152871614,25.444288457715587,0.6958332218836191,False,49.275428073330374,3.871379295688113
Batch_3,img_ptg8lmto,32,239.0,326.5020920502092,5019.933054393306,21.632327282824367,15.684251447755054,-0.679833780813838,False,17.44431859350499,1.3792387449845867
Batch_3,img_ptg8lmto,33,232.0,330.60775862068965,2329.0258620689656,24.503342066250706,12.348813043732774,0.5907148255339987,False,17.186959427966244,1.9842669882095718
Batch_3,img_ptg8lmto,34,14890.0,465.41417058428476,1006.6259234385493,158.05402032851225,136.60525778177643,-0.2143956102912488,False,137.69000261858727,1.1570127160185861
Batch_3,img_ptg8lmto,35,4646.0,443.12742143779593,2345.558329746018,86.28780596270998,77.22729241776126,1.4049240595722878,False,76.91209868960517,1.1173226881493636
Batch_3,img_ptg8lmto,36,4170.0,445.6467625899281,151.88537170263788,150.41468249236485,37.672300715525516,-1.4097664286897615,False,72.86569083969236,3.992712938564326
Batch_3,img_ptg8lmto,37,579.0,463.146804835924,66.74956822107082,35.231995026804015,22.295178754200144,-1.557698100818953,False,27.151532118863187,1.5802517403080578
Batch_3,img_ptg8lmto,38,643.0,486.59564541213064,4246.015552099533,53.36131741503589,15.758370871762155,1.047193305034056,False,28.61281229213077,3.3862204316218665
Batch_3,img_ptg8lmto,39,13280.0,544.7041415662651,1413.7885542168674,169.8836316995031,111.02299082070397,-0.2810602325129441,False,130.0331540572748,1.5301662335313577
Batch_3,img_ptg8lmto,40,57.0,519.1578947368421,6424.017543859649,8.69379160577071,8.49851147391583,-0.38440108842576987,False,8.51907589177983,1.0229781571107182
Batch_3,img_ptg8lmto,41,1771.0,550.4856013551665,4256.76002258611,103.53573954299978,26.874735643453125,-1.1012725682302085,False,47.485863514586875,3.8525305296620402
Batch_3,img_ptg8lmto,42,7359.0,600.2823753227341,4366.622095393396,109.27035196222732,90.15463764498713,0.2894561208318151,False,96.79757130065848,1.2120325123208244
Batch_3,img_ptg8lmto,43,3452.0,581.7694090382387,3610.1045770567785,91.7839023092433,50.20164522357332,-0.8485776760129152,False,66.29647734552555,1.8283046681136277
Batch_3,img_ptg8lmto,44,1359.0,584.8653421633554,2384.0721118469464,45.16892562258891,40.89982717136145,0.6575492225107186,False,41.597266031496424,1.1043793763074072
Batch_3,img_ptg8lmto,45,1538.0,603.7717815344604,6054.318595578674,55.073206892478,36.490242662948866,-0.9385439257468464,False,44.25203294542162,1.5092584448170232
Batch_3,img_ptg8lmto,46,16271.0,748.1977751828406,5367.369184438572,307.90874659236636,83.14708202004654,0.9199163363751924,False,143.93359799708279,3.7031816284079624
Batch_3,img_ptg8lmto,47,285.0,632.9263157894737,5986.877192982456,21.32029879924744,17.887588073711992,1.3094409447143556,False,19.04923279949934,1.1919046162841953
Batch_3,img_ptg8lmto,48,2403.0,662.3424885559717,6313.259675405743,113.51280335987516,31.645524041101456,0.825289180858566,False,55.31360254041131,3.587009752546485
Batch_3,img_ptg8lmto,49,3540.0,672.6514124293785,6080.042937853107,110.64935287721777,47.725191348494,1.5140594740360387,False,67.13618985586295,2.318468501660798
Batch_3,img_ptg8lmto,50,1735.0,668.4766570605187,3581.5095100864555,73.91094956067992,33.15647103379135,-0.6707711089129262,False,47.00075116543891,2.2291560970211135
Batch_3,img_ptg8lmto,51,5087.0,706.5875761745626,4364.279732651858,130.03298823210145,56.70251169437256,-1.2146854369590234,False,80.47962204227709,2.293249176209007
Batch_3,img_ptg8lmto,52,3429.0,709.4097404491105,4793.977544473608,154.321602068943,30.361583371393518,-0.7423439668889588,False,66.07524800480792,5.082791637749163
Batch_3,img_ptg8lmto,53,2295.0,739.2980392156862,6033.564270152506,68.43483100069098,47.09975135264968,-0.20260889830998505,False,54.05631096520737,1.4529764815168402
Batch_3,img_ptg8lmto,54,606.0,716.2046204620463,6384.46699669967,48.07946797033476,16.644036599391644,0.9750401194992554,False,27.777385840094972,2.888690353642464
Batch_3,img_ptg8lmto,55,115.0,713.1130434782609,3787.4,18.499443030016455,8.183603345888832,0.16941664289931926,False,12.100518486599809,2.260549815053042
Batch_3,img_ptg8lmto,56,302.0,729.2218543046357,4392.470198675496,21.126041297239478,18.726718462875503,0.49810290461995965,False,19.60913925979463,1.128122972485568
Batch_3,img_ptg8lmto,57,161.0,778.1055900621118,5993.006211180124,24.795445554137704,8.397761742422702,-0.6922713669573906,False,14.317526556719258,2.952625510780968
Batch_3,img_ptg8lmto,58,111.0,777.5765765765766,5108.657657657658,13.522737697285411,10.462928626998862,0.7004298004565289,False,11.888212206450685,1.29244288854183
Batch_3,img_ptg8lmto,59,94.0,821.3085106382979,5178.840425531915,14.105067774585809,8.573199904401127,0.47938600598513453,False,10.940041919714261,1.6452512401285369
Batch_3,img_ptg8lmto,60,2770.0,862.5425992779783,1310.9209386281589,100.77109051374421,39.151669391420846,1.0618914846284504,False,59.38748638321377,2.573864463001054
Batch_3,img_ptg8lmto,61,8101.0,894.9076657202814,6910.233921738057,164.22529175386327,67.84182012515144,-0.9977367238724204,True,101.56039361827796,2.4207088113336
Batch_3,img_ptg8lmto,62,3296.0,880.5157766990292,5923.80552184466,106.44301543203419,45.42761868186618,-1.4588804956309336,False,64.78115111239609,2.343134386538385
Batch_3,img_ptg8lmto,63,217.0,903.0967741935484,2476.3225806451615,24.85335256320856,12.091748252772486,-0.18242139083817183,False,16.622063085174787,2.0553977839813196
Batch_3,img_ptg8lmto,64,581.0,935.5851979345955,5920.153184165232,50.643111515878424,14.713167654697633,1.5148938843958772,False,27.19838553096727,3.44202640141255
Batch_3,img_ptg8lmto,65,14800.0,1005.6083783783783,5799.913445945946,159.97848632191128,124.18889668751078,0.9721897148305516,False,137.27325035155394,1.2881867106401286
Batch_3,img_ptg8lmto,66,676.0,957.8860946745563,332.7973372781065,37.839296080842594,24.875259752934234,-0.331369176335524,False,29.33785834448333,1.5211618474206747
Batch_3,img_ptg8lmto,67,32320.0,1046.698360148515,3414.4652227722772,289.8769949086673,159.61460612303455,-1.5264340986996479,False,202.8573441752614,1.8161056932673416
Batch_3,img_ptg8lmto,68,7024.0,1046.9043280182232,1962.1779612756263,152.6008685052885,69.4714384164762,-0.7252883868012909,False,94.56867643263166,2.1965986595880946
Batch_3,img_ptg8lmto,69,930.0,1001.6752688172043,6946.279569892473,42.57086156219834,32.009291524283995,-1.4361240003085667,False,34.41093978088511,1.3299532584125382
Batch_3,img_ptg8lmto,70,25173.0,1098.1258491240615,1146.788543280499,384.43763027703653,97.13441746390403,1.220443254721082,False,179.02865429762426,3.957790043059627
Batch_3,img_ptg8lmto,71,1715.0,1068.998833819242,806.8005830903791,67.42927333315707,33.78072333171051,-1.052007366916327,False,46.72906824687182,1.9960873149764713
Batch_3,img_ptg8lmto,72,5524.0,1107.4768283852281,2039.8874004344677,128.03102045729395,55.907546335373674,-0.18575765864924051,False,83.8652207122657,2.2900489978449743
Batch_3,img_ptg8lmto,73,928.0,1072.907327586207,4099.0969827586205,49.847211454245866,25.288037691901756,0.05731146584830745,False,34.37391885593249,1.9711775212281077
Batch_3,img_ptg8lmto,74,453.0,1132.5739514348786,4891.136865342163,34.948997352490366,18.337509489558187,-0.3188732167311705,False,24.016192740836935,1.9058748066301563
Batch_3,img_ptg8lmto,75,1153.0,1137.7970511708586,5241.328707718994,47.72021786847274,32.40395971714275,-1.495255578637569,False,38.31507790778511,1.4726662508232657
Batch_3,img_ptg8lmto,76,6244.0,1211.808135810378,2864.625880845612,111.3735191556754,78.96124933225697,1.3664790091336674,False,89.16337654736027,1.4104832445980244
Batch_3,img_ptg8lmto,77,7093.0,1233.1395742281122,5712.178767799239,119.98576276155538,80.70128022924305,-0.7782462550806105,False,95.03203718118701,1.4867888392937432
Batch_3,img_ptg8lmto,78,67755.0,1320.4524979706296,3339.8460039849456,330.27466953005273,273.38077722200796,-1.327903830019143,False,293.71473465512577,1.208112263364597
Batch_3,img_ptg8lmto,79,214.0,1211.1261682242991,4626.943925233645,30.117947841263817,9.876172966602569,-1.493231751678541,False,16.50676414605009,3.0495565380548895
Batch_3,img_ptg8lmto,80,1368.0,1335.0650584795321,4394.470760233919,107.17688727159879,18.99995647197205,0.6383715101544792,False,41.73477802981229,5.640901726785621
Batch_3,img_ptg8lmto,81,16818.0,1374.8383874420265,2880.4606374122964,232.1126405712374,97.56815966179964,1.3301642502416073,False,146.33298556154716,2.3789793860600534
Batch_3,img_ptg8lmto,82,2745.0,1360.4775956284152,3095.3664845173043,86.60092905564477,44.450767314663146,0.287353341137916,False,59.11888488713248,1.9482437376750836
Batch_3,img_ptg8lmto,83,257.0,1344.4902723735408,3568.52140077821,29.179833396699554,11.902950558295517,0.49685759437028765,False,18.089294154193436,2.4514790054608158
Batch_3,img_ptg8lmto,84,3125.0,1356.01344,6825.01696,100.50808007012266,43.25455754269843,-1.5234160053072747,False,63.078313050504,2.3236413867118353
Batch_3,img_ptg8lmto,85,874.0,1349.220823798627,2749.824942791762,44.396986416386426,30.762595715527855,-1.3649450337939284,False,33.35882734897215,1.4432132719533943
Batch_3,img_ptg8lmto,86,84.0,1343.595238095238,3482.3214285714284,13.24015796646688,8.283375929912047,-0.9604201321524592,False,10.341765891652821,1.5984011927619304
Batch_3,img_ptg8lmto,87,12325.0,1416.8460851926977,5089.734929006086,147.11644706321337,113.01972640285514,-0.2556040526300488,False,125.27041705391133,1.301688225105249
Batch_3,img_ptg8lmto,88,9277.0,1436.3652042686213,1730.7945456505336,171.96366100356897,71.1713703425942,0.6327605054419728,False,108.68230424732494,2.41619151318565
Batch_3,img_ptg8lmto,89,184.0,1370.9130434782608,5823.451086956522,21.301124871802553,14.265136549776747,-0.5457626067426621,False,15.306079714651624,1.4932296510078567
Batch_3,img_ptg8lmto,90,4144.0,1412.484555984556,5793.297055984556,83.95570120162925,74.86872312010354,-0.28434219154501195,False,72.63817641834433,1.1213721525201985
Batch_3,img_ptg8lmto,91,283.0,1385.7703180212013,2993.4134275618376,20.722648651890697,18.025798457923102,-1.2751709276217689,False,18.982275710779543,1.1496105817594013
Batch_3,img_ptg8lmto,92,380.0,1415.25,5735.376315789474,36.429107345837956,13.704075643105323,0.32768542299228365,False,21.996159369293583,2.6582681163297472
Batch_3,img_ptg8lmto,93,5369.0,1454.610728254796,6800.614453343267,104.92825989080009,71.8672943941264,0.8676188962754279,False,82.68024622413196,1.4600279692646354
Batch_3,img_ptg8lmto,94,413.0,1438.3535108958838,2943.193704600484,40.343405833906694,13.781714367193254,1.3909297670206655,False,22.93137440223813,2.927314030679836
Batch_3,img_ptg8lmto,95,5850.0,1468.8194871794872,6140.50358974359,170.12226660269351,47.09420477913702,-1.2742478307813563,False,86.30441087627389,3.6123821901343276
Batch_3,img_ptg8lmto,96,14710.0,1539.7866757307954,3602.164785859959,200.9330488303936,105.38470549785085,-0.5536104717035965,True,136.85522899419752,1.906662336637562
Batch_3,img_ptg8lmto,97,1620.0,1462.7037037037037,3190.516666666667,92.54844421574995,24.428349639530705,-1.3188340011549888,False,45.416385396362884,3.7885672008716145
Batch_3,img_ptg8lmto,98,201.0,1472.0646766169154,6359.308457711443,24.138419938404624,12.797160457787337,-1.1590588831983004,False,15.99753570059363,1.8862324980629508
Batch_3,img_ptg8lmto,99,1306.0,1495.5857580398163,4134.235068912711,80.54897265359855,24.63467760418735,-1.1627969117900585,False,40.77806819142028,3.2697392654291124
Batch_3,img_ptg8lmto,100,220.0,1488.409090909091,1985.290909090909,24.748195777802234,13.90109796929135,1.2786592240335302,False,16.73656774376801,1.7803051120474802
Batch_3,img_ptg8lmto,101,130.0,1484.7615384615385,6254.5615384615385,18.01530414339496,9.76421737167559,-1.4373446264791778,False,12.865501965161373,1.8450330894572702
Batch_3,img_ptg8lmto,102,7989.0,1524.3593691325573,6906.266741769934,183.5695175486939,59.86302474421055,1.5090861600535312,False,100.85589086855173,3.0664925190978964
Batch_3,img_ptg8lmto,103,337.0,1502.2759643916913,1960.186943620178,33.703474166948055,15.188868348465446,-1.1428190917673517,False,20.71428798138497,2.2189588713074313
Batch_3,img_ptg8lmto,104,238.0,1512.9873949579833,1900.861344537815,27.735099444066286,13.263977640057513,1.3079181756333242,False,17.407785949022028,2.0910092128250923
Batch_3,img_ptg8lmto,105,2803.0,1545.0645736710667,442.50909739564753,68.65823597966926,56.14273255856246,1.1928050450328382,False,59.74019119397477,1.2229229474723533
Batch_3,img_ptg8lmto,106,232.0,1528.426724137931,3473.4827586206898,18.59324066011694,16.629659150662746,-1.213236172836438,False,17.186959427966244,1.118077074921643
Batch_3,img_ptg8lmto,107,2869.0,1579.9693272917393,5360.063785291042,91.89860127231442,46.2186769348669,-1.123652477652328,True,60.439426319623365,1.988343400695381
Batch_3,img_ptg8lmto,108,1100.0,1578.3381818181817,5116.255454545455,78.04911091326225,22.015377526464516,-0.5861360510786123,True,37.424103185095554,3.5452088350263367
Batch_3,img_ptg8lmto,109,152.0,1589.421052631579,1958.282894736842,20.477210685441804,10.363827082506997,-0.04667583794007239,False,13.911592676604096,1.9758348457979473
Batch_3,img_ptg8lmto,110,164.0,1595.121951219512,5635.219512195122,23.994442439185704,9.320277081192428,0.06275044148624034,True,14.450303987687134,2.574434454057655
Batch_3,img_ptg8lmto,111,337.0,1604.1632047477744,2863.1305637982196,61.7599711539638,8.140343983967869,-1.568805248316753,True,20.71428798138497,7.586899432701857
Batch_3,img_tuy3zymq,1,4386.0,24.3312813497492,444.73096215230277,122.33343716602775,63.16846839121652,1.3780058216348137,True,74.72903480715125,1.936621866599476
Batch_3,img_tuy3zymq,2,1950.0,10.864102564102565,626.1533333333333,102.34428132333869,30.35577083650826,1.451741257657093,True,49.827874851668795,3.3714934097555953
Batch_3,img_tuy3zymq,3,4961.0,29.266478532553922,1334.6363636363637,128.76587428388308,61.00045586626201,-1.0274174699784324,True,79.47667193227923,2.110900196650835
Batch_3,img_tuy3zymq,4,6807.0,49.42103716762156,1579.334214778904,108.7538142391074,90.56717080785175,-0.8413516997238586,True,93.09641014030697,1.2008083422396028
Batch_3,img_tuy3zymq,5,39281.0,109.11491560805479,3288.0841628268117,267.12333625279416,203.52862745200807,1.4410381637377647,True,223.638374517304,1.3124607559974908
Batch_3,img_tuy3zymq,6,2660.0,9.65451127819549,3433.7853383458646,142.0323994659349,26.424528222554585,1.550462549781897,True,58.196367489694175,5.3750212026379165
Batch_3,img_tuy3zymq,7,400.0,8.16,4603.3975,40.60937946563957,13.631602965744381,1.1627564121147351,True,22.56758334191025,2.979061198282341
Batch_3,img_tuy3zymq,8,51643.0,147.32960904672464,6888.701663342564,292.5846682764431,234.6762303388714,0.03854435930178946,True,256.4252518937205,1.246758855185087
Batch_3,img_tuy3zymq,9,3778.0,44.225780836421386,928.1199047114876,91.01053321914073,61.51217015006422,-0.42371071270561594,False,69.35631910654894,1.4795532818483352
Batch_3,img_tuy3zymq,10,2592.0,50.18942901234568,3907.3622685185187,98.02253494250942,37.72604369892526,1.2029444203088495,False,57.44768837780631,2.5982723161957715
Batch_3,img_tuy3zymq,11,211.0,31.14218009478673,3406.3649289099526,19.065246409383093,14.59518799818299,1.120069460417905,False,16.39065416446578,1.3062693273808188
Batch_3,img_tuy3zymq,12,1051.0,50.367269267364414,3748.619410085633,61.36378237526239,25.690186996094592,0.830803780607807,False,36.581071082141044,2.3886078518848803
Batch_3,img_tuy3zymq,13,132.0,50.75,3420.621212121212,18.98310097607736,9.057768097890035,1.2208496262772233,False,12.964089628857149,2.0957812974367696
Batch_3,img_tuy3zymq,14,128.0,78.609375,5398.8359375,20.308715439943935,8.370125857290494,1.197656459255926,False,12.766152972845846,2.426333341481928
Batch_3,img_tuy3zymq,15,260.0,86.8923076923077,3955.4423076923076,19.35570991911422,17.49050247874703,-0.825354008406034,False,18.19456736586892,1.1066411581161621
Batch_3,img_tuy3zymq,16,543.0,113.60589318600368,690.0736648250461,38.04756343209007,19.98467906023186,-1.4224204978163384,False,26.29389801439097,1.903836599898275
Batch_3,img_tuy3zymq,17,320.0,126.565625,2110.475,39.903227325129734,10.67490247210812,0.24074303916016074,False,20.185060176161283,3.7380413947003954
Batch_3,img_tuy3zymq,18,2643.0,157.1324252743095,6163.428301172909,91.96341850047358,39.97498041276306,-1.2198281346087956,False,58.01010357459324,2.3005244167952577
Batch_3,img_tuy3zymq,19,10582.0,209.5970515970516,1245.7255717255716,129.353094262211,108.7978461050439,0.5327747701876279,False,116.07506563593877,1.1889306534370274
Batch_3,img_tuy3zymq,20,3235.0,157.50200927357034,2906.4862442040185,139.85609914373563,31.27701628553063,-1.4267555760643724,False,64.17889004352017,4.471529440883267
Batch_3,img_tuy3zymq,21,1685.0,181.7406528189911,4554.789910979229,75.82973870002134,30.851296238641748,0.37708750148770276,False,46.318556031883695,2.4579109452472006
Batch_3,img_tuy3zymq,22,1298.0,195.6255778120185,2350.9360554699538,69.8561068304959,27.990271340992653,0.463833628801824,False,40.65298179797198,2.495728104221319
Batch_3,img_tuy3zymq,23,1679.0,249.17927337701013,2713.5491363907086,98.7905366228792,25.543356937545123,0.2578157705376351,False,46.23601621690972,3.867562782152219
Batch_3,img_tuy3zymq,24,91.0,221.64835164835165,5789.802197802198,13.417780118669171,8.827802042168639,1.5196157413285198,False,10.764051215546116,1.5199457412587107
Batch_3,img_tuy3zymq,25,202.0,228.31683168316832,6106.618811881188,25.088220241724645,12.44380318658956,-0.6724407083399159,False,16.03728119216293,2.0161215880336103
Batch_3,img_tuy3zymq,26,2830.0,254.75371024734983,44.16148409893993,84.98240623383795,43.74430236437034,1.0599238743224353,False,60.027226419354996,1.942708001740953
Batch_3,img_tuy3zymq,27,152.0,240.3815789473684,3468.2434210526317,17.904252944783067,11.843364759057987,1.1364277249040582,False,13.911592676604096,1.5117539068523258
Batch_3,img_tuy3zymq,28,152.0,256.25657894736844,3157.9868421052633,16.07542153555618,13.114816524903326,-0.44791318216573,False,13.911592676604096,1.225745057510416
Batch_3,img_tuy3zymq,29,484.0,256.56404958677683,6659.702479338843,50.46703501040061,12.62529587207586,-1.405764654512428,False,24.824341676101277,3.9972952334544205
Batch_3,img_tuy3zymq,30,917.0,304.5179934569247,5526.972737186477,60.24602028152504,21.110210115053775,-0.1032256021216335,False,34.16958680642984,2.8538806555299687
Batch_3,img_tuy3zymq,31,391.0,304.460358056266,6677.718670076726,31.507535635100574,17.838694015246734,0.5104513487713668,False,22.312253628700276,1.7662467671776352
Batch_3,img_tuy3zymq,32,2679.0,361.64352370287423,5332.526315789473,76.80802825891293,50.21975835312719,0.8287098893086031,False,58.40384182864601,1.5294384277763073
Batch_3,img_tuy3zymq,33,27429.0,444.73586350213276,5144.504320244996,235.77179400771107,159.8347061257004,1.1200642180965916,False,186.87880423563496,1.4750976162979943
Batch_3,img_tuy3zymq,34,793.0,368.2421185372005,3457.643127364439,42.00195276859062,25.494904955832297,-0.8019572449930431,False,31.775445850136926,1.6474645754261625
Batch_3,img_tuy3zymq,35,1589.0,392.9553178099434,1372.8848332284456,57.929018988898434,36.46724549755471,0.19539336617950265,False,44.97974695998382,1.5885219242232824
Batch_3,img_tuy3zymq,36,7997.0,467.363136176066,6279.441290483932,141.17076413041679,83.54333237352942,-0.7100717747346937,False,100.90637561248099,1.6897909159192999
Batch_3,img_tuy3zymq,37,29046.0,489.5579425738484,3417.1335123597055,301.7708823658712,138.18246295531253,1.0716180294502342,False,192.30838727517198,2.1838580374954115
Batch_3,img_tuy3zymq,38,117.0,445.05128205128204,703.8717948717949,20.300581026731653,7.661100353689752,1.0232120966359852,False,12.205286835384658,2.649825754723922
Batch_3,img_tuy3zymq,39,3977.0,547.8825748051295,26.975609756097562,100.89714616243423,52.16026663884297,0.4551306571779818,True,71.1594945837289,1.9343679138192447
Batch_3,img_tuy3zymq,40,170.0,499.68823529411765,2990.1823529411763,18.489034993814688,13.300956604289455,1.085885050383517,False,14.712264360219255,1.3900530273027218
Batch_3,img_tuy3zymq,41,6845.0,545.318626734843,4104.007012417823,133.9375040925868,69.4424790722626,-1.3374063046302163,False,93.35590331474593,1.9287546453116973
Batch_3,img_tuy3zymq,42,14460.0,576.6293222683264,2779.0827800829875,201.67243860634397,95.70792757660676,1.5703997609563531,False,135.68730160508923,2.1071654534042734
Batch_3,img_tuy3zymq,43,360.0,544.1972222222222,3315.108333333333,34.03797306874316,14.867774223439394,1.2045435224794507,False,21.409489393833255,2.28937920076036
Batch_3,img_tuy3zymq,44,148.0,554.4054054054054,5265.060810810811,22.302966382483362,10.959246452148932,1.0611550753973005,False,13.727325035155395,2.035082108962894
Batch_3,img_tuy3zymq,45,2675.0,637.6063551401869,5088.75738317757,92.45423379226744,46.12248113816072,1.5323567011791126,False,58.360224315594955,2.0045372996157584
Batch_3,img_tuy3zymq,46,138.0,631.6521739130435,1245.6014492753623,20.729732772173755,8.98329111455683,-0.7594383011025052,False,13.255453865237978,2.307587776887537
Batch_3,img_tuy3zymq,47,1257.0,666.6348448687351,1367.1607000795545,78.32330570888776,22.375721746804018,1.0242014108144186,False,40.005775929634204,3.5003700258327926
Batch_3,img_tuy3zymq,48,232.0,648.625,1820.4655172413793,26.519605606821923,12.562675026966728,1.5134595849046248,False,17.186959427966244,2.110983970364241
Batch_3,img_tuy3zymq,49,124.0,655.983870967742,53.314516129032256,19.026574978537134,9.165994717119514,0.09555986636837499,False,12.565098628628435,2.0757785233064574
Batch_3,img_tuy3zymq,50,626.0,674.9760383386581,2780.26357827476,38.70665716245382,24.185051997455403,0.366335675451318,False,28.2320377409108,1.6004372108245328
Batch_3,img_tuy3zymq,51,4117.0,691.0505222249211,3785.2390089871265,112.26227630701733,48.58831131225389,-0.8387699395968828,False,72.40115472611376,2.310479069452759
Batch_3,img_tuy3zymq,52,1774.0,698.4808342728297,1684.8224351747463,70.34549647804677,34.18105667579944,1.1374973355463016,False,47.5260660307602,2.0580257990634956
Batch_3,img_tuy3zymq,53,882.0,701.5589569160998,5330.116780045351,47.734356794233335,29.02569032465879,0.9653318141133584,False,33.511151553720346,1.6445554355577408
Batch_3,img_tuy3zymq,54,872.0,715.7901376146789,3704.6100917431195,41.65264302109508,28.485840946409372,0.14492858046368645,False,33.32063749403756,1.4622226915981351
Batch_3,img_tuy3zymq,55,8397.0,799.1569608193403,2368.5875908062403,139.11447226069293,98.5346151807409,0.5807155519800263,False,103.39918982826298,1.4118335166328795
Batch_3,img_tuy3zymq,56,1113.0,804.2991913746631,2224.347708894879,65.24043546410563,22.19959580352643,-1.3882288853829488,False,37.64459607022283,2.9388118613286696
Batch_3,img_tuy3zymq,57,268.0,829.5671641791045,4990.391791044776,41.21321473743139,9.970976028008584,0.38180807120109017,False,18.47236308621676,4.133318004342104
Batch_3,img_tuy3zymq,58,6135.0,859.4290138549308,5585.4635696821515,101.74450374150561,84.66510314204542,0.09242520807342686,False,88.38169837104412,1.2017289292237148
Batch_3,img_tuy3zymq,59,12770.0,926.2343774471417,2703.84408770556,164.7892777781057,108.06493482399169,-1.1773702832025985,False,127.51183861221682,1.524909796563543
Batch_3,img_tuy3zymq,60,4578.0,939.2066404543468,2945.952599388379,131.08825975566367,46.44110153754929,1.1543527629737096,False,76.3471717603054,2.822677658704416
Batch_3,img_tuy3zymq,61,7606.0,970.9208519589797,6873.079016565869,127.16669015965589,79.52242721300708,-0.4452221763273836,False,98.4086377166946,1.5991298884656766
Batch_3,img_tuy3zymq,62,31201.0,1113.546585045351,3150.9489118938495,280.80747488138326,145.8564893004503,-0.011484929939903164,False,199.31469347562364,1.925231275126518
Batch_3,img_tuy3zymq,63,272.0,1001.9448529411765,6349.996323529412,20.46085715625727,17.673801869663517,0.8138678597027044,False,18.609705966725112,1.1576941569871075
Batch_3,img_tuy3zymq,64,23579.0,1107.531065778871,2377.4773315238135,228.00840316033668,143.74555319090592,-0.7891116279643824,False,173.26775587312952,1.5861944811435158
Batch_3,img_tuy3zymq,65,298.0,1023.8187919463087,3511.711409395973,21.3184846290003,18.964816866919527,0.16637862102941986,False,19.47884453275087,1.1241070651299718
Batch_3,img_tuy3zymq,66,443.0,1034.099322799097,3532.941309255079,32.57285783491451,18.101208974139666,-0.2501809096438165,False,23.74963406702674,1.7994852101563932
Batch_3,img_tuy3zymq,67,506.0,1037.1778656126482,1748.8833992094862,40.03293046997079,17.702650938835625,-1.3107691293020154,False,25.38226171238474,2.261408791727773
Batch_3,img_tuy3zymq,68,2357.0,1060.8498090793382,3408.207891387357,78.44594355216164,41.09376906866757,1.2117418493971863,False,54.78161741807902,1.908949831812183
Batch_3,img_tuy3zymq,69,311.0,1056.9421221864952,6697.971061093248,30.379353464596992,15.45491031376897,-0.9935094511710211,False,19.899183360445615,1.9656764644911366
Batch_3,img_tuy3zymq,70,305.0,1064.8622950819672,4332.573770491803,28.45532499691514,15.841501948023247,0.7511204792695392,False,19.706294962377495,1.7962517121342707
Batch_3,img_tuy3zymq,71,453.0,1085.5540838852098,6712.21412803532,38.91327521663831,15.077313542927206,-0.06159919739922947,False,24.016192740836935,2.580915698665204
Batch_3,img_tuy3zymq,72,662.0,1104.391238670695,6686.432024169184,32.79279194578543,26.601588768840344,-1.28190094136946,False,29.03247455203703,1.2327380981167984
Batch_3,img_tuy3zymq,73,38.0,1132.078947368421,2297.842105263158,10.550691540899644,4.653813195742418,0.08719649969388028,False,6.955796338302048,2.267106799764124
Batch_3,img_tuy3zymq,74,17872.0,1241.794538943599,1969.4653648164726,222.499276377351,115.75790710380912,0.2970745540463848,False,150.8487227108895,1.922108665784866
Batch_3,img_tuy3zymq,75,463.0,1208.7645788336933,5600.246220302376,35.58408690585827,20.23261630757634,0.7791185009272558,False,24.279825147895533,1.7587486642809211
Batch_3,img_tuy3zymq,76,6979.0,1247.6118355065196,4405.13554950566,124.43253717069288,73.05060708780802,0.7192858200925231,False,94.26525755922327,1.703374443159972
Batch_3,img_tuy3zymq,77,6840.0,1270.523245614035,2922.691520467836,181.1646307550948,64.51019037276504,-1.4955256567739164,False,93.32180070052502,2.808310279480729
Batch_3,img_tuy3zymq,78,11209.0,1330.6408243375859,4302.525649032028,164.34840500561594,97.32219645207199,0.3944207654754707,False,119.46439660809591,1.6887042318917675
Batch_3,img_tuy3zymq,79,4455.0,1361.5322109988776,6652.308866442199,144.80896385215053,49.526606589010235,1.0932809945182116,False,75.31455484695604,2.9238620173158214
Batch_3,img_tuy3zymq,80,371.0,1339.0916442048517,2909.4474393530995,27.62376257373237,18.792521498296548,0.8770662861510857,False,21.73411767467788,1.4699338019241501
Batch_3,img_tuy3zymq,81,80.0,1351.1375,4361.1,11.873500743457802,8.553214605930746,1.1863470633587083,False,10.092530088080641,1.3881916087110442
Batch_3,img_tuy3zymq,82,359.0,1362.6852367688023,2924.091922005571,25.380923196140756,18.772773363843903,-1.4532275269958352,False,21.37973331358283,1.3520071171276193
Batch_3,img_tuy3zymq,83,4683.0,1412.6991244928465,5884.018150758061,89.022498351748,73.20580358721544,1.0319031890099022,False,77.21774917721163,1.2160579351565886
Batch_3,img_tuy3zymq,84,161.0,1392.1614906832299,5949.627329192546,16.926311715659192,12.564504707329075,1.3626625094327576,False,14.317526556719258,1.3471531198349431
Batch_3,img_tuy3zymq,85,3193.0,1425.309426871281,856.7409959285937,88.53710096653978,49.99722752629463,0.7166989763519752,False,63.76091174331947,1.770840211489251
Batch_3,img_tuy3zymq,86,269.0,1415.0557620817845,6683.052044609665,25.255699596037157,14.838061640919774,-1.551598327739107,False,18.5067943613625,1.7020888716615157
Batch_3,img_tuy3zymq,87,95.0,1418.9263157894736,821.8526315789474,14.156035433693557,9.182001626813443,0.3810998839604393,False,10.998079684646791,1.5417156311925335
Batch_3,img_tuy3zymq,88,5926.0,1456.2392845089437,5998.047080661492,117.73210895057484,68.50639172242924,1.3280655988618046,False,86.86321167272469,1.7185565607891873
Batch_3,img_tuy3zymq,89,13859.0,1479.0069269067033,6904.874377660726,205.49410606521738,87.82032824866468,1.528929228526895,True,132.83759577199754,2.3399378044153685
Batch_3,img_tuy3zymq,90,228.0,1447.1447368421052,6581.789473684211,18.510069427126762,16.082561921130335,0.4870860714890693,False,17.03815178355966,1.150940348801456
Batch_3,img_tuy3zymq,91,218.0,1456.4908256880733,4291.045871559633,22.13797708178529,14.913933604325372,1.5185776869624577,False,16.66031874701878,1.4843821669800639
Batch_3,img_tuy3zymq,92,19524.0,1580.071552960459,857.4342860069657,330.77090103852584,80.93217829400928,-0.7894810777728882,False,157.66651157239863,4.087013447690806
Batch_3,img_tuy3zymq,93,133.0,1458.842105263158,6789.007518796992,18.57568496773539,9.714096991894797,0.6783644491824192,False,13.013103375051497,1.9122400139955864
Batch_3,img_tuy3zymq,94,636.0,1488.506289308176,6596.11320754717,54.62530744618031,16.495348236350775,0.6823316039037686,False,28.456639830653998,3.3115583050136883
Batch_3,img_tuy3zymq,95,181.0,1491.3922651933701,6578.325966850829,28.37280371036572,9.477737734218683,0.7376540155334386,False,15.180789096653193,2.99362616966365
Batch_3,img_tuy3zymq,96,2163.0,1544.6736014794267,6008.317614424411,71.62362715722206,42.17762334519022,-0.08723595454811617,False,52.478730312976865,1.6981427941313756
Batch_3,img_tuy3zymq,97,6629.0,1575.8921405943581,5403.097903152813,161.08504246477435,59.93515144293552,1.1143202091780113,False,91.87113225627185,2.687655550818855
Batch_3,img_tuy3zymq,98,140.0,1547.1357142857144,2695.0785714285716,19.36833768791406,9.669674102457858,-1.3576459440327657,False,13.351162356249091,2.0029979793208312
Batch_3,img_tuy3zymq,99,119.0,1586.1596638655462,296.61344537815125,15.641068434059234,9.884389863506623,-1.179048734253293,False,12.309163489997376,1.582401003000336
Batch_3,img_tuy3zymq,100,591.0,1599.4433164128595,255.99661590524533,40.820932012921105,22.06840432622039,-1.149447065184198,False,27.431452220735256,1.8497455189553538
Batch_3,img_tuy3zymq,101,4677.0,1641.5283301261493,319.59803292709,97.68825314660664,73.66453394697143,1.467384783449098,False,77.16826647480399,1.3261232768665727
Batch_3,img_tuy3zymq,102,1855.0,1617.788679245283,2674.4846361185982,55.49141750099793,47.94915817690238,1.4293857502310432,False,48.5989645515594,1.1572970123118604
Batch_3,img_tuy3zymq,103,916.0,1613.646288209607,5355.267467248908,82.07965949992091,15.012996740097599,1.2519881524580947,False,34.15095054280933,5.467240213321149
Batch_3,img_tuy3zymq,104,112.0,1609.919642857143,5256.651785714285,15.934644382077993,9.214167565597787,1.1868868093694094,False,11.941642642883693,1.7293634252509062
Batch_3,img_tuy3zymq,105,15563.0,1677.9350382317034,1300.3654179785387,154.43677550227105,133.0527234603785,1.3147309343940263,False,140.76727970204348,1.1607186345814293
Batch_3,img_tuy3zymq,106,4028.0,1658.6794935451837,1533.0027308838132,85.23675922506463,61.99925140860862,1.1638054638394535,False,71.61430643518958,1.3748030385610346
Batch_3,img_tuy3zymq,107,256.0,1642.796875,6195.29296875,22.12416711914074,15.175647663895822,1.1845021081831997,False,18.0540666735282,1.457873008726741
Batch_3,img_tuy3zymq,108,114.0,1661.640350877193,726.0350877192982,17.004883384051947,8.974082490466754,0.3775896121974615,False,12.047792665040703,1.8948882408999896
Batch_3,img_tuy3zymq,109,494.0,1684.163967611336,4843.724696356276,52.52977323477288,12.440641382441001,-1.4734786709757426,False,25.079480359432697,4.222432881066291
Batch_3,img_tuy3zymq,110,161.0,1699.6645962732919,4448.099378881988,25.844968667896786,9.249751687034765,0.5462397548222875,False,14.317526556719258,2.794125674111153
Batch_3,img_tuy3zymq,111,41539.0,1941.9235898793904,6370.016634969546,279.256999108295,202.3762623589892,-0.8988518322312342,True,229.9762975803244,1.37989009112605
Batch_3,img_tuy3zymq,112,232.0,1828.1896551724137,5421.625,22.405353696796052,13.774118647253829,1.1568306088723932,False,17.186959427966244,1.6266270293281557
Batch_3,img_tuy3zymq,113,607.0,1849.0148270181219,5504.500823723229,37.18121556374032,27.1963718721381,-0.50109131686231,False,27.80029502818709,1.367138813167627
Batch_3,img_tuy3zymq,114,6168.0,1909.9135862516214,3251.3281452658885,104.79513209242613,78.29890808218111,-0.3755496364080742,False,88.61908096976906,1.3383983845909455
Batch_3,img_tuy3zymq,115,725.0,1891.2979310344829,3182.057931034483,60.82603121230631,18.66008159553878,-1.2294381915511343,False,30.38253889873249,3.259687311702243
Batch_3,img_tuy3zymq,116,292.0,1913.599315068493,1731.75,23.69437701635269,15.898463694177668,-0.08207280458838423,False,19.281751659604673,1.4903563936828714
Batch_3,img_tuy3zymq,117,12182.0,1989.0482679362995,3796.784353964866,204.35584284878425,81.47572028243665,-0.7284591710364126,True,124.54157592532604,2.5081808683664537
Batch_3,img_tuy3zymq,118,2106.0,1938.0384615384614,3961.496201329535,58.81248006270328,47.114466384838096,-0.9918931337514025,False,51.782646525764335,1.2482892108405523
Batch_3,img_tuy3zymq,119,3842.0,1949.58042686101,170.27407600208224,96.11374120177076,52.2776798976155,-1.323456868432493,False,69.94130632803834,1.838523465272504
Batch_3,img_tuy3zymq,120,15900.0,2011.9743396226415,4028.7015723270442,217.6821834858176,101.90085236939623,-1.3665360318243078,True,142.28319915326998,2.1362155313157505
Batch_3,img_tuy3zymq,121,372.0,1997.4059139784947,2194.2903225806454,27.077825933995314,18.157318342146276,-0.7414771225340061,False,21.76338922689847,1.491289926395298
Batch_3,img_tuy3zymq,122,5988.0,2035.0890113560454,1312.8969605878424,184.83246155829067,50.15486221109935,-1.4487658030787998,True,87.3164268272251,3.6852351578664484
Batch_3,img_tuy3zymq,123,1454.0,2035.1382393397523,2907.115543328748,71.48675015017125,28.01183702719303,1.4066174323263092,False,43.02662313085849,2.5520193509898728
Batch_3,img_tuy3zymq,124,983.0,2042.7873855544253,2204.618514750763,43.16689209995384,30.995700846842784,1.426448585411118,True,35.37788111906457,1.3926735295727573
Batch_3,img_tuy3zymq,125,505.0,2047.9465346534653,5923.669306930693,37.04025531625144,21.127202284788446,-1.4539057747287938,True,25.357168021907675,1.7532020954293777
Batch_3,img_tuy3zymq,126,270.0,2049.311111111111,2293.737037037037,26.72136019346031,16.5621999658981,-1.295851772837173,True,18.5411616971131,1.6133943708251395
Batch_3,img_ufdvpb81,1,1240.0,21.06048387096774,1210.7379032258063,45.999830904550706,35.81160163544084,-0.5754285257685271,True,39.734330691124036,1.2844952139484072
Batch_3,img_ufdvpb81,2,400.0,11.5675,1319.44,33.33541364634055,17.917022549167378,-0.10105636637450542,True,22.56758334191025,1.8605442703921629
Batch_3,img_ufdvpb81,3,16056.0,45.52366716492277,2176.0553687095166,204.70104968246335,103.79553424039747,-1.347424630321655,True,142.97948849491584,1.972156617146571
Batch_3,img_ufdvpb81,4,144.0,6.534722222222222,2540.4236111111113,21.358315111326437,10.421065692777585,0.4636995556225791,True,13.540550005146152,2.049532719684227
Batch_3,img_ufdvpb81,5,283.0,8.113074204946997,2992.3604240282684,25.0967653309083,15.040465404445627,-0.8061945414464649,True,18.982275710779543,1.6686162732364822
Batch_3,img_ufdvpb81,6,55.0,1.9272727272727272,3839.4,12.337088462048426,5.901215760599283,-1.5698049798603206,True,8.368283871884005,2.0906011511084905
Batch_3,img_ufdvpb81,7,11011.0,24.99364272091545,4234.723185905004,234.43917271409762,64.14232674074299,1.5372508669128835,True,118.40456337100727,3.6549839182117267
Batch_3,img_ufdvpb81,8,3058.0,42.4375408763898,4412.249509483322,124.95113885842424,44.12641686706022,0.5460679488884632,True,62.39844972273051,2.8316629295975897
Batch_3,img_ufdvpb81,9,535.0,35.35327102803738,1848.7046728971964,33.43338735311484,22.32096905648491,0.5666559646902024,False,26.099485750361293,1.4978465884930492
Batch_3,img_ufdvpb81,10,12239.0,83.8660838303783,3940.330582563935,190.55234477592393,88.12564358246878,1.081164099104815,False,124.8326030651194,2.1622803196620435
Batch_3,img_ufdvpb81,11,14092.0,136.5813227363043,95.26099914845302,169.55526738301563,110.98520462089458,-0.40364685302414505,False,133.94958627934582,1.527728564921656
Batch_3,img_ufdvpb81,12,17619.0,220.50649866621262,6437.249446620126,205.88687248468423,118.87637320550192,-0.5121106870558376,False,149.7771929857441,1.731941065604071
Batch_3,img_ufdvpb81,13,7827.0,176.80273412546313,3609.314296665389,184.6490578347151,58.15352424175646,0.7030652317895569,False,99.82808180387981,3.1751997878424367
Batch_3,img_ufdvpb81,14,5765.0,187.23313096270599,4380.993061578491,124.6982063275817,61.27960228593816,0.023716822495305878,False,85.67511876500792,2.0349056076722647
Batch_3,img_ufdvpb81,15,879.0,154.24800910125143,731.9829351535836,50.19667553763148,26.39140645333011,-1.2060405608954905,False,33.454111254406506,1.9020083536054815
Batch_3,img_ufdvpb81,16,32438.0,279.16477588014055,2995.5438374745668,247.3664446368157,173.62542447885002,-0.934258345063104,False,203.2273218642592,1.4247132606258845
Batch_3,img_ufdvpb81,17,3471.0,222.05214635551715,1319.4661480841255,95.08467900090753,57.53361724269481,0.7949953491025085,False,66.47867673002938,1.652680355553008
Batch_3,img_ufdvpb81,18,397.0,212.00251889168766,3.256926952141058,57.91265064376282,9.32754626752229,0.0035621533133613076,True,22.48279562821002,6.208776561678355
Batch_3,img_ufdvpb81,19,190.0,193.75263157894736,4906.836842105263,17.986319780804507,13.665667656129829,0.01313678420384018,False,15.553633450087505,1.3161683887970612
Batch_3,img_ufdvpb81,20,44882.0,323.16469854284566,5143.5806336616015,331.44530263046795,191.81751379457367,-1.3957413952954434,False,239.0513276407466,1.7279199176016231
Batch_3,img_ufdvpb81,21,594.0,232.3804713804714,1047.5589225589226,44.499523299395186,18.48777555777778,0.7792528056829148,False,27.500987065425246,2.406970117109319
Batch_3,img_ufdvpb81,22,7977.0,289.32004512974805,2670.75291462956,175.55270611532922,62.43680724341357,0.6652274879712581,False,100.78011633428686,2.8116861490198666
Batch_3,img_ufdvpb81,23,1337.0,249.11817501869857,3422.9723261032163,47.70583450814621,40.09381206250201,-0.9728329150638412,False,41.25919620291836,1.1898552932252453
Batch_3,img_ufdvpb81,24,3159.0,267.3510604621716,2142.7439062994617,66.5335746293606,62.492195943281,1.1951068881960503,False,63.420530759513355,1.0646701340075748
Batch_3,img_ufdvpb81,25,88.0,254.375,582.7272727272727,13.542209933976622,8.60683207507662,0.2865414771227589,False,10.585134856802455,1.573425601411663
Batch_3,img_ufdvpb81,26,87.0,260.95402298850576,6291.275862068966,12.072400918708366,9.363353163143959,-0.5584745666840292,False,10.524820207108489,1.289324530257789
Batch_3,img_ufdvpb81,27,3018.0,291.544731610338,3523.641484426773,78.68922186888966,50.45898004526126,0.7268320349525116,False,61.98900665449255,1.5594691331118093
Batch_3,img_ufdvpb81,28,3183.0,286.2588752748979,1341.0106817467797,101.28804864805922,43.11613535587132,1.4061502029952504,False,63.66098861070273,2.3491912670755255
Batch_3,img_ufdvpb81,29,142.0,278.443661971831,6315.971830985915,16.218454697897954,11.659352523403653,0.4053592708294022,False,13.446189622059965,1.391025330552694
Batch_3,img_ufdvpb81,30,9136.0,378.14645359019266,1209.9882880910684,128.62292440978453,93.06320118184158,-1.5223177634792746,False,107.85321729415607,1.3821029448413316
Batch_3,img_ufdvpb81,31,141.0,334.60283687943263,5501.446808510638,14.38558330813324,12.848962444520692,1.4558445111267477,False,13.398760233979036,1.119591046378054
Batch_3,img_ufdvpb81,32,4933.0,428.04561118994525,443.9020879789175,160.16664071505107,53.401382370072675,0.4022449071599702,False,79.25207047250285,2.9992976512310667
Batch_3,img_ufdvpb81,33,1039.0,442.49470644850817,3602.988450433109,114.6358802111888,13.006190449412033,0.2954446944884903,False,36.371635747926355,8.813947531913245
Batch_3,img_ufdvpb81,34,822.0,424.93552311435525,6792.28102189781,52.287421647399555,25.013370110072792,0.013018176231101238,False,32.35124272377035,2.090378922044719
Batch_3,img_ufdvpb81,35,1265.0,439.0798418972332,1457.1335968379447,60.65027477292134,37.47466184450324,0.33841498556289473,False,40.13287958881073,1.6184342109498577
Batch_3,img_ufdvpb81,36,6911.0,538.6550426855737,826.7350600491969,145.06072920247968,69.08641999505637,0.7963082134841888,False,93.80489589389623,2.0996996111950774
Batch_3,img_ufdvpb81,37,3149.0,505.4125119085424,6424.496030485869,107.34430586102722,42.29222972202434,1.2847183097164854,False,63.32007048615018,2.5381566913490494
Batch_3,img_ufdvpb81,38,1412.0,512.2110481586402,714.0467422096317,59.45037503252933,33.029798862344926,0.2715475718412538,False,42.40063958439837,1.7999012128500953
Batch_3,img_ufdvpb81,39,1370.0,528.3525547445255,3640.678102189781,50.03470285383184,40.867099943149285,0.547267975420577,False,41.76527476609214,1.2243272197791308
Batch_3,img_ufdvpb81,40,1218.0,565.0738916256157,6392.493431855501,72.81111815557581,25.242140693831917,-1.1900693410612961,False,39.38027127239512,2.8845064702997907
Batch_3,img_ufdvpb81,41,4038.0,590.1983655274888,705.3776622090144,105.18006235993317,55.85892996091621,-1.477206305787377,False,71.70314694377498,1.8829587754997517
Batch_3,img_ufdvpb81,42,9270.0,618.654476806904,38.81553398058252,134.8283434958473,90.89013814295066,-0.10022271642389938,True,108.64129316100282,1.4834210427075298
Batch_3,img_ufdvpb81,43,6306.0,638.0610529654298,4141.557722803679,204.83865113801352,46.48432035632428,-1.1420102224997033,False,89.60495839572683,4.406618179373786
Batch_3,img_ufdvpb81,44,143.0,606.951048951049,3862.7272727272725,20.137028729048694,9.190237386844593,0.2223210940703393,False,13.493452297211721,2.1911325988025006
Batch_3,img_ufdvpb81,45,3212.0,643.2051681195517,871.6198630136986,89.7752704944894,52.147702343351426,-0.3181700039622257,False,63.950335555721225,1.7215575463591888
Batch_3,img_ufdvpb81,46,3859.0,638.7574501166105,5529.539258875357,81.11614699447564,72.7692400898718,-0.7924575746557198,False,70.09587293937491,1.1147037799803214
Batch_3,img_ufdvpb81,47,17304.0,690.0345006934813,745.1380605640314,177.1588255800659,129.8391773924267,-1.140349327413303,False,148.4322642894639,1.3644481514590932
Batch_3,img_ufdvpb81,48,6300.0,678.4519047619048,6106.493015873016,98.51685318867095,93.12344822238546,-0.48042582568526754,False,89.5623198216277,1.0579167231158113
Batch_3,img_ufdvpb81,49,2687.0,678.9449199851135,4026.1816151842204,69.68241932374276,51.943414912490695,-1.3518419109136206,False,58.49097927632416,1.3415063187727847
Batch_3,img_ufdvpb81,50,114.0,688.2280701754386,4068.0263157894738,15.531272972194408,9.641253409781799,1.0585592881695909,False,12.047792665040703,1.61091844722562
Batch_3,img_ufdvpb81,51,5336.0,751.5419790104947,6266.2035232383805,94.31510151144191,83.08843977763577,0.5796992256776572,False,82.42576181453725,1.1351170122324035
Batch_3,img_ufdvpb81,52,659.0,731.7481031866464,857.4446130500759,36.52264014766563,25.166769365446108,1.0320376169904029,False,28.96661630188228,1.4512248122641875
Batch_3,img_ufdvpb81,53,39244.0,891.2950259912343,3796.799128529202,285.5259072739239,189.55192214529728,-0.5549248046198645,False,223.53302372040406,1.5063202949483132
Batch_3,img_ufdvpb81,54,23898.0,865.2749602477195,1829.7665913465562,203.2310289581103,169.292291607608,-1.019627616495806,False,174.43588690427472,1.200474203687707
Batch_3,img_ufdvpb81,55,1419.0,811.029598308668,1400.492600422833,95.83411794870504,20.07108673072426,-1.3492168379774003,False,42.505610382385946,4.774734882790619
Batch_3,img_ufdvpb81,56,1562.0,845.3111395646607,1208.2227912932137,56.327725566967366,41.716980472475186,1.4907852896325973,False,44.59596583634359,1.3502349625743486
Batch_3,img_ufdvpb81,57,140.0,834.6,5298.192857142857,20.03538644330205,9.674689483294067,1.0798823397031785,False,13.351162356249091,2.0709074413084254
Batch_3,img_ufdvpb81,58,6504.0,937.0448954489544,6318.848554735548,152.90756884900327,58.07723072996461,0.4663839911703182,False,91.000824166364,2.6328316093437887
Batch_3,img_ufdvpb81,59,389.0,900.1953727506427,3563.5372750642673,40.78935599605749,12.83538660517431,0.435901837849053,False,22.255115881567058,3.1778829302745066
Batch_3,img_ufdvpb81,60,238.0,926.1134453781513,1319.0546218487395,26.068592199796647,12.444433371914368,-1.0090782871978403,False,17.407785949022028,2.0947994513458856
Batch_3,img_ufdvpb81,61,962.0,964.506237006237,1731.4844074844075,41.816048312487354,30.33430974747657,0.82932089972466,False,34.997949111844065,1.378506669859726
Batch_3,img_ufdvpb81,62,27359.0,1037.3867100405716,3525.626850396579,196.6233289413859,187.10007026912007,-0.506872339994595,False,186.64019048535425,1.0508992789717706
Batch_3,img_ufdvpb81,63,148.0,983.3513513513514,904.2162162162163,15.588028259612448,12.246056306631084,0.3329211075842739,False,13.727325035155395,1.2729018934178613
Batch_3,img_ufdvpb81,64,866.0,988.1120092378753,6745.506928406467,61.086363723832775,19.331451271566774,-1.503519837700846,False,33.20580439833751,3.159947117559677
Batch_3,img_ufdvpb81,65,491.0,998.8024439918534,5246.187372708758,36.97556826711661,22.711418570822147,-0.7932242377343864,False,25.003212122944625,1.6280607110389804
Batch_3,img_ufdvpb81,66,9635.0,1085.6977685521535,6613.337104307213,151.8277253661449,88.0205530655098,-0.6087913648498617,False,110.75948272506194,1.7249121946910086
Batch_3,img_ufdvpb81,67,16817.0,1095.166260331807,6801.407147529286,155.54559206800675,145.28557723064864,-0.08534496427200432,False,146.32863500973153,1.070619637770856
Batch_3,img_ufdvpb81,68,9606.0,1123.845096814491,4023.2107016448053,140.6176232949542,95.18878280051207,0.37739406822409893,False,110.59267184911472,1.477249935947261
Batch_3,img_ufdvpb81,69,9056.0,1170.1724823321554,2127.0245141342757,142.2973520112053,85.55476356701533,0.24209343384672993,False,107.37996701955926,1.6632311992744078
Batch_3,img_ufdvpb81,70,1165.0,1130.379399141631,311.29270386266097,84.72962105400858,19.458292145196243,1.4277751171801463,False,38.51394643004615,4.354422290597902
Batch_3,img_ufdvpb81,71,192.0,1147.71875,3955.921875,25.207014384980674,11.328127730508282,1.5586696469850077,False,15.635280380893438,2.225170388668425
Batch_3,img_ufdvpb81,72,2088.0,1180.3414750957854,4613.675766283525,119.62365086462233,25.038788775135416,-1.4913106357143673,False,51.56087828389873,4.777533447760609
Batch_3,img_ufdvpb81,73,525.0,1185.1104761904762,3357.8380952380953,41.134782630119204,18.01228988138459,-0.5509359800118384,False,25.854414729132053,2.2837064527054576
Batch_3,img_ufdvpb81,74,3306.0,1205.7202056866304,4177.609497882638,141.22726217848887,31.740217888528765,1.4532481675606865,False,64.87934906343041,4.449473619698428
Batch_3,img_ufdvpb81,75,3240.0,1226.8765432098764,5909.131790123457,79.32094703988379,56.15803465671248,1.4752685441355644,False,64.22846818149976,1.4124594552634095
Batch_3,img_ufdvpb81,76,615.0,1225.4861788617886,5223.162601626016,57.59316380913835,15.178282486502233,0.31978443027955766,False,27.982893345973448,3.7944453768306716
Batch_3,img_ufdvpb81,77,2032.0,1245.6136811023623,3737.95718503937,62.861182171382595,49.89034671573339,-1.1457227468788354,False,50.86474962979618,1.259986877412474
Batch_3,img_ufdvpb81,78,91.0,1229.5714285714287,4500.065934065934,13.658887967146772,8.743479009862005,-0.31686209890641964,False,10.764051215546116,1.5621799917104557
Batch_3,img_ufdvpb81,79,2081.0,1257.762614127823,6371.88274867852,70.98562683519472,42.47440262554634,1.3361134133501893,False,51.474377049109336,1.6712566262791941
Batch_3,img_ufdvpb81,80,250.0,1277.74,4421.32,22.69075082838774,15.09363530909705,-0.25102747174128887,False,17.841241161527712,1.5033323890310142
Batch_3,img_ufdvpb81,81,29022.0,1386.0652608366067,5595.165081662188,248.18204798541157,168.06143817481117,-1.2840800860755965,False,192.22892099604547,1.4767340484571003
Batch_3,img_ufdvpb81,82,1892.0,1371.1818181818182,3421.1072938689217,70.16197239312773,43.264183647596866,0.7235304861924221,False,49.08125119267976,1.6217103034839053
Batch_3,img_ufdvpb81,83,1567.0,1365.02616464582,3371.44671346522,81.98381975355808,28.710528122768142,-0.37351268643588975,False,44.66728519397614,2.855531580714565
Batch_3,img_ufdvpb81,84,85.0,1367.6588235294118,3729.6470588235293,12.197050727466248,8.893486317543575,1.1386805010347238,False,10.403141895720198,1.3714588736034772
Batch_3,img_ufdvpb81,85,14257.0,1483.8261906431928,5962.099600196395,167.36419252898736,113.05262175006966,1.0149542008526087,False,134.73149664903605,1.4804096529400852
Batch_3,img_ufdvpb81,86,6043.0,1585.8025814992554,2301.4342214132053,150.97884943322532,56.60835240144612,0.06083272889864996,False,87.71651252093068,2.667077260304937
Batch_3,img_ufdvpb81,87,17777.0,1647.140743657535,4479.499296844237,197.88270209464227,128.57933873269852,0.05676763125160669,False,150.44726447083372,1.5389929987586681
Batch_3,img_ufdvpb81,88,4049.0,1592.1247221536182,5649.975302543838,99.02795219015749,56.84147805733768,1.501209417967001,False,71.80074454093547,1.7421776416557124
Batch_3,img_ufdvpb81,89,1397.0,1635.5168217609162,5547.206156048675,54.25991295045341,36.017560217112496,0.004723227963704685,False,42.17482239435066,1.5064849652052137
Batch_3,img_ufdvpb81,90,2669.0,1652.5327838141627,6446.328587485949,86.62125480909883,46.373639492143354,1.3716282482147821,False,58.29473685418049,1.8678985681892457
Batch_3,img_ufdvpb81,91,553.0,1649.3526220614829,4562.9258589511755,40.951593064064085,19.167291861548804,0.03396995807668248,False,26.534910368014152,2.1365351641676837
Batch_3,img_ufdvpb81,92,382.0,1678.9712041884816,6389.34554973822,42.917935902630305,12.453108700776326,1.008248156948368,False,22.05396803500069,3.4463632281596324
Batch_3,img_ufdvpb81,93,4157.0,1719.0180418571085,6320.812605244167,98.18685192595558,59.31094149985774,-0.29265538156578147,False,72.7520225661395,1.6554593375691242
Batch_3,img_ufdvpb81,94,3933.0,1733.395372489194,6444.131960335621,99.92564854540706,53.231315581327486,-1.2020856843224337,False,70.7647590926684,1.877196673689933
Batch_3,img_ufdvpb81,95,11742.0,1767.9959972747401,4620.686424799864,181.3081769393205,94.90767387128486,-0.7002140289997205,False,122.27174135621149,1.910363720274224
Batch_3,img_ufdvpb81,96,139.0,1715.6546762589928,877.4892086330935,19.586433441219434,9.16287012322734,-1.2649425349897356,False,13.303394180365686,2.137587150948366
Batch_3,img_ufdvpb81,97,234.0,1732.8290598290598,4296.106837606838,21.539377100008153,15.090154717262614,-1.1664007891672952,False,17.26088217525478,1.4273794738080354
Batch_3,img_ufdvpb81,98,49117.0,1889.6174237025878,5631.702221226867,303.07514730795964,241.01748236956328,1.4682788890992449,False,250.0754020665707,1.2574820064016785
Batch_3,img_ufdvpb81,99,34314.0,1918.469749956286,6698.130121816168,290.24147558463426,160.58620000601525,-0.0472858572413383,False,209.02139062316655,1.8073874067246276
Batch_3,img_ufdvpb81,100,1304.0,1790.8680981595091,4032.2875766871166,57.00168940372059,31.107822609816598,-1.464372688198322,False,40.74683259266482,1.8323908464661474
Batch_3,img_ufdvpb81,101,4353.0,1821.993337927866,6385.427061796462,132.5899100364844,42.77986775298361,1.0407349891347235,False,74.44737563025417,3.0993529667290085
Batch_3,img_ufdvpb81,102,153.0,1814.9738562091504,5563.313725490196,17.08791121787377,13.53810623433436,1.2437646107370224,False,13.957279475043833,1.2622083858772397
Batch_3,img_ufdvpb81,103,35.0,1813.2285714285715,5550.371428571429,7.2131273279965225,6.142273914763755,0.4386136835920302,False,6.6755811781245455,1.1743415269479975
Batch_3,img_ufdvpb81,104,2064.0,1849.7514534883721,6976.523740310077,68.57026034239928,41.91221302854722,0.45314704972298175,True,51.26369495396695,1.6360448515494694
Batch_3,img_ufdvpb81,105,373.0,1860.2975871313672,2613.4745308310994,32.6825123701599,16.399578773365864,0.678941551654571,False,21.792621462004423,1.9928873065470882
Batch_3,img_ufdvpb81,106,184.0,1872.7717391304348,2675.6902173913045,23.14421632282031,10.622886773014681,1.4747815376098927,False,15.306079714651624,2.1787125117076047
Batch_3,img_ufdvpb81,107,290.0,1952.8137931034482,6480.451724137931,23.394805019319485,16.81649456066796,0.2047346571526879,False,19.21560480373171,1.3911820287467944
Batch_3,img_ufdvpb81,108,350.0,1968.1057142857144,456.7057142857143,33.92018191034924,15.315153559679743,-0.9257090724046967,False,21.11004122822376,2.214811740422311
Batch_3,img_ufdvpb81,109,77.0,1962.4935064935064,5738.467532467533,12.645040703458974,7.881077257150953,-1.2174979284990506,False,9.901487006738307,1.6044812518473162
Batch_3,img_ufdvpb81,110,210.0,1966.557142857143,3258.847619047619,19.288348855041033,14.241208682906525,-0.9564955138760474,False,16.351767622932517,1.3544039192538835
Batch_3,img_ufdvpb81,111,607.0,1995.6276771004943,6485.9522240527185,48.59873280569642,21.44517381572604,1.318491657452853,False,27.80029502818709,2.2661850737744222
Batch_3,img_ufdvpb81,112,4226.0,2014.4183625177473,2969.2366303833414,122.06983565443522,48.91737542734836,1.341433402393028,False,73.35332518741599,2.4954289674786874
Batch_3,img_ufdvpb81,113,425.0,2002.9176470588236,6583.632941176471,28.047956086460477,19.69982808300652,1.109505815582542,False,23.26213245840639,1.4237665409199802
Batch_3,img_ufdvpb81,114,2997.0,2022.8808808808808,1211.194861528195,94.4365948752817,44.45808447567416,1.5284403998964566,False,61.77296265819928,2.1241714749755793
Batch_3,img_ufdvpb81,115,921.0,2076.8762214983713,5907.466883821932,98.57904644336368,16.294057890294656,1.5028883656862837,True,34.24403043891132,6.049999767220725
Batch_3,img_ufdvpb81,116,99.0,2076.848484848485,2350.909090909091,17.44974107767625,9.10416296743796,0.11899996903099964,True,11.227230955528665,1.9166771443005985
Batch_3,img_utfgcjfa,1,32780.0,55.62541183648566,185.78023184868823,330.3788776356633,134.005240189074,1.450638081993055,True,204.29584498079896,2.4654175998604004
Batch_3,img_utfgcjfa,2,2907.0,28.666322669418644,1589.7777777777778,77.31233620840229,53.02920186695112,0.67115948792717,True,60.8383707584705,1.4579200419115663
Batch_3,img_utfgcjfa,3,303.0,7.287128712871287,3098.973597359736,29.779067734973932,13.940313139442043,-1.2497449251567965,True,19.64157789116634,2.13618355894162
Batch_3,img_utfgcjfa,4,3531.0,59.72925516850751,2472.986689323138,134.55030688494836,36.635535108993444,1.159269968167529,False,67.05079292938943,3.6726720787522598
Batch_3,img_utfgcjfa,5,18350.0,110.76730245231607,4751.929264305177,237.96281614294298,106.00605859274265,-1.5244252127249975,False,152.85269263539402,2.2448039225489542
Batch_3,img_utfgcjfa,6,359.0,65.00278551532034,1411.5793871866294,28.556417360017953,19.545133381751846,1.2811077015139753,False,21.37973331358283,1.4610500119011425
Batch_3,img_utfgcjfa,7,3583.0,95.5071169411108,6792.557075076751,99.96716254208967,47.49145025051193,-1.3055286179986598,False,67.54270714730117,2.104950723020131
Batch_3,img_utfgcjfa,8,7120.0,150.80407303370785,412.4480337078652,156.12699413890846,62.59007731541068,-0.5636743490982045,False,95.21273842566634,2.4944368314507175
Batch_3,img_utfgcjfa,9,2250.0,172.55422222222222,473.176,116.34011407899382,32.82207386241631,-0.5551813090014114,False,53.52372348458314,3.5445692605125667
Batch_3,img_utfgcjfa,10,68.0,135.10294117647058,1763.5441176470588,10.002376920857516,8.703548925097992,0.7202705872988968,False,9.304852983362556,1.1492297000840839
Batch_3,img_utfgcjfa,11,494.0,159.748987854251,74.03643724696356,41.39841468599341,15.386787877735804,0.3718192828120757,False,25.079480359432697,2.6905170211578473
Batch_3,img_utfgcjfa,12,2081.0,203.26669870254685,1800.6708313310908,96.62756043396863,35.8399817800393,0.28724303183682776,False,51.474377049109336,2.6960828559289145
Batch_3,img_utfgcjfa,13,209.0,167.44976076555025,2943.712918660287,20.846973397908293,14.407822013848309,0.5149332770769857,False,16.312788383647018,1.4469205253834265
Batch_3,img_utfgcjfa,14,22575.0,222.21944629014396,6765.425160575858,288.1660544256225,109.81461905636378,-1.3621309147170042,False,169.5387351680916,2.624113773756457
Batch_3,img_utfgcjfa,15,933.0,175.40514469453376,2244.064308681672,58.75559493892726,21.257940895198175,-1.4390010258480854,False,34.46639660942099,2.7639363204833822
Batch_3,img_utfgcjfa,16,791.0,192.2591656131479,2915.953223767383,40.698419557623055,26.904250644263282,-0.5540187352561379,False,31.735350634355903,1.5127133662167642
Batch_3,img_utfgcjfa,17,158.0,184.51898734177215,345.5,16.680656096746233,12.907776856197684,-0.16633387095465757,False,14.183506197980657,1.29229504682187
Batch_3,img_utfgcjfa,18,3607.0,216.63432215137234,291.27224840587746,86.62463583152427,55.90094623991932,-1.3810330595236326,False,67.76854017801868,1.5496094727939491
Batch_3,img_utfgcjfa,19,4293.0,224.17167481947357,964.574190542744,110.46281235137553,54.387010826294876,-1.0574581004141208,False,73.9325189990714,2.031051360851207
Batch_3,img_utfgcjfa,20,41258.0,323.9888264094236,3052.582844539241,313.8529224169675,180.12822132081703,-0.7686433335742018,False,229.19711415435262,1.742386174224084
Batch_3,img_utfgcjfa,21,510.0,216.8,3008.227450980392,63.62379778176744,12.209426802480962,-1.372064703125543,False,25.482389366284572,5.211038880943948
Batch_3,img_utfgcjfa,22,3945.0,257.51254752851713,1741.2025348542459,143.1657318851355,46.85489069512628,1.2911328886026043,False,70.87263226366167,3.0555130907610297
Batch_3,img_utfgcjfa,23,170.0,231.74705882352941,5837.7588235294115,21.40250204125923,11.898679805523765,-0.21908641111918328,False,14.712264360219255,1.7987291355906116
Batch_3,img_utfgcjfa,24,116.0,228.88793103448276,5852.370689655172,13.133499577370054,11.265201637065951,0.9639378114315889,False,12.153015559492998,1.1658468264036068
Batch_3,img_utfgcjfa,25,31515.0,365.6264318578455,290.49078216722194,224.1682327065395,186.03207296997405,-1.4822068064937934,False,200.3151123912738,1.2049977680070292
Batch_3,img_utfgcjfa,26,1686.0,320.4756820877817,1815.3748517200474,66.85106786886215,32.71065041492876,1.4136496488220425,False,46.33229837190774,2.0437095264346103
Batch_3,img_utfgcjfa,27,30551.0,407.85768059965307,2304.2636247586006,259.30819736925815,165.58940390364165,-1.333954663853106,False,197.2276383552872,1.565970957417979
Batch_3,img_utfgcjfa,28,35466.0,458.0380646252749,1954.284667005019,278.4834500283882,169.7939854419791,0.6918267456294871,False,212.50109104091038,1.6401255280243703
Batch_3,img_utfgcjfa,29,659.0,389.74810318664646,5179.230652503794,39.003338810763665,22.472488196954423,-0.7601675500100317,False,28.96661630188228,1.7356039290766914
Batch_3,img_utfgcjfa,30,885.0,414.9819209039548,963.7604519774011,46.84583431416208,26.438070359098166,-0.33139920560226677,False,33.568094927931476,1.7719082246878493
Batch_3,img_utfgcjfa,31,1875.0,443.8464,1047.2426666666668,100.54910830576841,24.407961906798803,0.39756807108368203,False,48.860251190292,4.11952086330324
Batch_3,img_utfgcjfa,32,191.0,412.8062827225131,5150.141361256545,23.122413025229882,11.000920557392192,-0.8621884671830183,False,15.594510349620345,2.101861649177397
Batch_3,img_utfgcjfa,33,3681.0,457.3344199945667,5544.618038576474,131.7813832147788,36.902645205562244,-1.4447205206798728,False,68.46016918011621,3.5710552043276214
Batch_3,img_utfgcjfa,34,53893.0,587.827101849962,5237.018963501753,330.12971231789913,222.8868567118519,-1.50336225626638,False,261.951710787336,1.4811537889140354
Batch_3,img_utfgcjfa,35,123.0,473.2520325203252,6104.910569105691,20.051490399736274,7.970266472824057,-0.41842497062791645,False,12.514330345744634,2.5157867014992723
Batch_3,img_utfgcjfa,36,952.0,527.3235294117648,6073.894957983193,46.073492471426746,30.847205335704682,-0.4469103995290391,False,34.815571898044055,1.493603455159619
Batch_3,img_utfgcjfa,37,33979.0,623.5551958562642,2298.417640307249,251.05055573561356,176.63130499448917,0.4810829809878227,False,207.99857328971297,1.4213253745900039
Batch_3,img_utfgcjfa,38,183.0,520.688524590164,561.6939890710382,27.462906860919443,10.25070683657699,1.1531579669382968,False,15.26443044094783,2.6791232349875793
Batch_3,img_utfgcjfa,39,2232.0,544.4215949820789,1824.3575268817203,92.19046529638372,35.36912863210422,1.2606151409720439,False,53.30919867948573,2.6065235096774004
Batch_3,img_utfgcjfa,40,195.0,534.1384615384616,4014.2410256410258,26.968249668816515,9.45327720800137,0.05846254465098257,False,15.756957549709801,2.852793700579335
Batch_3,img_utfgcjfa,41,3967.0,592.953113183766,2947.140660448702,117.59599815746061,47.442269954829854,-0.0305222760203781,False,71.0699744896844,2.4787177820417248
Batch_3,img_utfgcjfa,42,492.0,585.6016260162602,5019.412601626016,34.56850486860462,19.939321413660217,-0.5818492473993041,False,25.028660691489268,1.7336851215469202
Batch_3,img_utfgcjfa,43,210.0,581.1571428571428,6429.628571428571,28.075864243388526,11.616104088622052,1.2745452138282976,False,16.351767622932517,2.41697767420049
Batch_3,img_utfgcjfa,44,5047.0,625.2425203090945,4455.58292054686,91.42304369672391,76.99798453592821,1.5504847415808043,False,80.16258467813003,1.1873433343448723
Batch_3,img_utfgcjfa,45,304.0,605.8190789473684,6484.5296052631575,34.372012448028805,11.629167820874837,0.42532361366457977,False,19.67396303746374,2.9556725792820377
Batch_3,img_utfgcjfa,46,1148.0,633.5975609756098,2188.9102787456445,99.79572196364299,19.562542466197623,0.5321996655155822,False,38.231910720705116,5.10136768449609
Batch_3,img_utfgcjfa,47,3903.0,644.9413271842172,411.0158852165001,82.79920920085914,62.430211848725165,-0.24094101960988487,False,70.49435398031065,1.3262682721867123
Batch_3,img_utfgcjfa,48,186.0,616.6182795698925,5007.532258064516,19.52407010757871,12.432626279441813,-0.6240214465832504,False,15.389040103942165,1.5703898491554498
Batch_3,img_utfgcjfa,49,709.0,637.5275035260931,5024.421720733428,55.21673109831778,17.425754052350076,-0.14054463862908806,False,30.045412914740087,3.1686853224507163
Batch_3,img_utfgcjfa,50,85.0,645.6941176470589,1733.9058823529413,13.576565278850877,8.232818312973363,1.0676143673744474,False,10.403141895720198,1.6490786948931913
Batch_3,img_utfgcjfa,51,808.0,670.8168316831683,363.41212871287127,47.83652450698478,22.433104888283726,-0.24954026631166104,False,32.07456238432586,2.1324076513353556
Batch_3,img_utfgcjfa,52,494.0,680.8704453441295,5018.161943319838,36.78622820298573,17.976937283019204,0.6073908314728308,False,25.079480359432697,2.0463011926805548
Batch_3,img_utfgcjfa,53,1023.0,814.9638318670577,4621.94623655914,49.91435761755953,26.975260905611837,0.1940395896675019,False,36.09049811604256,1.8503753417701152
Batch_3,img_utfgcjfa,54,240.0,821.7791666666667,916.1625,24.727499033591695,12.869136739991951,-0.27651816350694647,False,17.480774889473267,1.9214574787094196
Batch_3,img_utfgcjfa,55,8939.0,870.2447701085133,3519.15829511131,161.06761009260367,77.20383969958826,-1.1374295234724379,False,106.68405827670608,2.086264241770124
Batch_3,img_utfgcjfa,56,7739.0,892.5881896885902,2029.3747254167206,167.406932635056,63.58162848774305,0.8331866337443694,False,99.265305302031,2.6329450285679274
Batch_3,img_utfgcjfa,57,226.0,870.3407079646017,1452.6592920353983,21.47926925961575,14.061395055304379,-1.5480256609211163,False,16.96325844612841,1.5275347271829283
Batch_3,img_utfgcjfa,58,1623.0,920.4812076401726,599.8028342575477,72.67045642620502,32.18356613238272,-0.6418728501110472,False,45.45841815445374,2.2579988845016423
Batch_3,img_utfgcjfa,59,932.0,904.68669527897,5091.964592274678,52.03589318641055,27.65539958408734,1.1893506887042078,False,34.44792091974742,1.8815816791290014
Batch_3,img_utfgcjfa,60,33551.0,1069.944681231558,4177.002444040416,275.0280790862239,170.7295222094891,-0.7375064395828702,False,206.68444538815552,1.6108993660086395
Batch_3,img_utfgcjfa,61,2536.0,948.2586750788644,3770.3880126182967,67.85248611117734,50.39045432513111,1.1656472915686897,False,56.82372291084396,1.3465345176960914
Batch_3,img_utfgcjfa,62,577.0,945.4436741767764,1977.2495667244368,38.73959006189336,20.66182232020632,0.9967126025997212,False,27.104597715372734,1.8749357855046411
Batch_3,img_utfgcjfa,63,152.0,952.75,3841.7631578947367,20.54608025402417,11.274705051877527,-1.0876589039579956,False,13.911592676604096,1.8223164295196104
Batch_3,img_utfgcjfa,64,78.0,964.2692307692307,4557.153846153846,11.102595121482095,9.087273266200144,0.3361591964925703,False,9.965574970333758,1.2217741005740284
Batch_3,img_utfgcjfa,65,117.0,1016.2735042735043,111.13675213675214,18.369648482104154,8.932802786722059,0.14680035086558224,False,12.205286835384658,2.056426064774346
Batch_3,img_utfgcjfa,66,532.0,1025.093984962406,698.1447368421053,37.51390934637867,18.473024958482686,-0.4867435397102433,False,26.026206750102993,2.0307399264976653
Batch_3,img_utfgcjfa,67,153.0,1052.0653594771243,4620.633986928105,23.736068531578162,8.366307125650328,0.6283362286531475,False,13.957279475043833,2.8371022214574886
Batch_3,img_utfgcjfa,68,287.0,1054.7177700348432,6976.88850174216,37.10553010636633,10.209938837018385,1.0389621969459801,True,19.115955360352558,3.6342558656504433
Batch_3,img_utfgcjfa,69,2418.0,1106.734904880066,106.50827129859388,80.9799161911283,44.84782979935506,-0.0506108040367622,False,55.485973174935154,1.805659639572857
Batch_3,img_utfgcjfa,70,4159.0,1150.483529694638,24.132964654965136,142.00868600729638,39.44520773232999,-0.27206340648685684,True,72.76952154957144,3.600150542264822
Batch_3,img_utfgcjfa,71,125.0,1099.112,5770.832,16.67878025751568,9.710097894537686,0.7397576714771675,False,12.6156626101008,1.7176737493963015
Batch_3,img_utfgcjfa,72,1481.0,1114.1809588116137,5913.315327481431,53.75229153494845,44.01382081328859,0.753697113750988,False,43.424276226009525,1.221259380388072
Batch_3,img_utfgcjfa,73,116.0,1118.905172413793,5855.146551724138,14.054136084762177,10.81795853229011,0.00961760799974166,False,12.153015559492998,1.2991486372232364
Batch_3,img_utfgcjfa,74,8878.0,1160.6099346699707,4621.699594503267,125.88673303051279,95.85898024580679,-1.3443914105887198,False,106.31942756692577,1.3132492407879492
Batch_3,img_utfgcjfa,75,32.0,1146.3125,5898.90625,8.817934003586,4.694775277731806,0.154445476441784,False,6.383076486422923,1.878244107957862
Batch_3,img_utfgcjfa,76,126.0,1161.1825396825398,1354.4761904761904,22.232628592262035,7.523070865085123,0.41555240908526475,False,12.666024736934256,2.9552597590758536
Batch_3,img_utfgcjfa,77,125.0,1156.616,435.0,17.852720425721426,9.860277754760713,-1.4807368414431312,False,12.6156626101008,1.810569729346805
Batch_3,img_utfgcjfa,78,627.0,1182.7703349282297,430.07336523125997,46.83302176332313,22.016006078658982,0.5173167219066316,False,28.254578293596012,2.1272260552616897
Batch_3,img_utfgcjfa,79,12434.0,1236.4771594016406,5837.342528550748,158.31201571126422,118.4540266310256,-0.14318605464371484,False,125.82313181302162,1.3364848812138141
Batch_3,img_utfgcjfa,80,163.0,1172.8650306748466,449.84662576687117,26.274082525186625,10.760006859139477,1.072384054674841,False,14.406180819073164,2.441827674381973
Batch_3,img_utfgcjfa,81,1851.0,1192.1437061048082,4510.4981091302,64.3690849443585,37.72932096229527,1.0039776074617652,False,48.54653846882171,1.7060758927701254
Batch_3,img_utfgcjfa,82,178.0,1199.573033707865,451.2752808988764,30.449660318079587,9.87182631790594,-0.26674164381815685,False,15.054455784347004,3.0845012196829975
Batch_3,img_utfgcjfa,83,37.0,1208.972972972973,1435.2702702702702,10.895976099421814,4.9088981629199075,-0.12812120841418634,False,6.863662517577698,2.2196378368013803
Batch_3,img_utfgcjfa,84,3393.0,1246.9071618037135,4378.425287356322,83.49039548214797,58.601057265502895,-1.0950585600837657,False,65.72748112689553,1.4247250711515211
Batch_3,img_utfgcjfa,85,550.0,1246.7872727272727,4663.172727272728,38.980200487847476,21.205420085478035,0.8190953735886128,False,26.462837142006137,1.8382187351497943
Batch_3,img_utfgcjfa,86,1117.0,1267.6571172784243,21.593554162936435,49.99060487249469,29.26873187233684,-0.41047338780130677,False,37.71218067772237,1.7079867037130845
Batch_3,img_utfgcjfa,87,1886.0,1290.8239660657475,1394.5132555673383,59.9260303336071,44.598111732050526,0.5569867962143977,False,49.00336500048254,1.3436898560559714
Batch_3,img_utfgcjfa,88,406.0,1288.2931034482758,1119.4655172413793,40.56707634099997,14.601184888217588,0.8734590722229879,False,22.736210219877808,2.778341391576757
Batch_3,img_utfgcjfa,89,10821.0,1374.8260789206174,6872.813695591904,182.28606450677344,80.32829579428342,0.43981785384793065,False,117.37855474310116,2.2692634358084547
Batch_3,img_utfgcjfa,90,664.0,1303.6265060240964,4149.814759036145,33.461114303294416,26.324331492132707,-1.235145600255779,False,29.076297180076903,1.2711097454951366
Batch_3,img_utfgcjfa,91,5605.0,1360.6049955396968,1507.550223015165,170.21773325033098,45.85375111113371,-0.7394115876077377,False,84.47785300444482,3.712187751832599
Batch_3,img_utfgcjfa,92,50540.0,1433.086228729719,4278.758923624851,270.18678651368816,242.8771111377578,0.9853725849875203,False,253.67208476873273,1.112442359216141
Batch_3,img_utfgcjfa,93,618.0,1335.4352750809062,2408.564724919094,45.12043055771845,21.57368052599044,0.9514811614233599,False,28.05106127486678,2.0914572505771813
Batch_3,img_utfgcjfa,94,420.0,1389.3666666666666,5711.9595238095235,33.11773065495749,17.825891324880768,1.0038482468073813,False,23.12489154112443,1.8578443036244083
Batch_3,img_utfgcjfa,95,213.0,1394.5352112676057,5670.845070422535,29.29650627843213,11.886633350853668,-0.5349805259156671,False,16.46815177937675,2.464659707563717
Batch_3,img_utfgcjfa,96,10195.0,1458.6435507601766,5721.441196665032,158.42342840157895,87.94988390183451,1.1683488741322678,False,113.93277473394117,1.8012920696791785
Batch_3,img_utfgcjfa,97,155.0,1401.6774193548388,361.96774193548384,16.401939795791666,12.64316526662366,1.0593793542722314,False,14.048207338801282,1.2972969545127033
Batch_3,img_utfgcjfa,98,330.0,1414.439393939394,2584.733333333333,26.389336653377978,18.431371479428215,0.22239794827281453,False,20.49802550887777,1.431761965344352
Batch_3,img_utfgcjfa,99,156.0,1417.673076923077,2263.0576923076924,17.070927521025762,12.091515014547728,1.4001486978641693,False,14.093451279891855,1.4118104720944504
Batch_3,img_utfgcjfa,100,4519.0,1475.2593494135872,1621.5981411816774,97.68115219449237,70.5114373876737,-0.2025467558786765,False,75.85360573274154,1.3853235136512518
Batch_3,img_utfgcjfa,101,296.0,1436.4763513513512,3727.3344594594596,20.980816148754702,18.47148571998652,0.5533046041278517,False,19.413369239820483,1.1358488681856833
Batch_3,img_utfgcjfa,102,38285.0,1615.1020504113883,6823.086195637979,381.4923688474633,143.35030681244132,0.07847939124144505,False,220.78490883705277,2.6612595210319685
Batch_3,img_utfgcjfa,103,3327.0,1464.1229335737903,1143.3044785091674,142.0331815185797,39.46780281732221,1.1836744251971698,False,65.0850825100029,3.5987101226785825
Batch_3,img_utfgcjfa,104,29338.0,1591.2170563773946,538.1029722544141,267.48236875562094,150.19485295427378,0.8443482964270487,False,193.27260996695887,1.7809023644575548
Batch_3,img_utfgcjfa,105,3311.0,1493.923890063425,934.4512231954093,110.5034985436008,39.40800718821487,1.070286546868292,False,64.92839234586148,2.8040874539996365
Batch_3,img_utfgcjfa,106,53.0,1480.5849056603774,1588.2641509433963,9.51785859075175,8.020570813208982,-0.11822807109995877,False,8.214724333230155,1.186680949824282
Batch_3,img_utfgcjfa,107,56.0,1485.0714285714287,5655.946428571428,12.332055200137534,5.958787564147459,-1.2228303831520067,False,8.444016491289505,2.0695577862745838
Batch_3,img_utfgcjfa,108,329.0,1508.1519756838907,834.355623100304,27.611351415495417,15.97142773958467,-0.6127373288750437,False,20.466944330257718,1.7287966902959822
Batch_3,img_utfgcjfa,109,28945.0,1613.376921748143,4380.061392295734,331.3300655024306,118.52530800843338,-1.3232007863989397,False,191.97374461722438,2.795437287358541
Batch_3,img_utfgcjfa,110,3933.0,1557.57843885075,806.0147470124587,80.62847383266883,68.40210242315793,-1.094346812269777,False,70.7647590926684,1.178742625977701
Batch_3,img_utfgcjfa,111,795.0,1549.6037735849056,386.0327044025157,48.40155825248413,26.273795325187567,-0.7718463047995149,False,31.815490536285218,1.8421989534981122
Batch_3,img_utfgcjfa,112,10233.0,1605.1334896902179,3251.703605980651,223.6877358780587,72.16496831461419,1.024117552777482,False,114.14490904668031,3.0996720583712847
Batch_3,img_utfgcjfa,113,17323.0,1631.1325982797437,6637.935057438088,244.86325349820635,96.26450147638421,-0.958471966638315,False,148.51373213762835,2.543650564255783
Batch_3,img_utfgcjfa,114,741.0,1587.0269905533064,424.50607287449395,37.81540556541764,25.914457438266243,-0.7130295639809802,False,30.71596494738128,1.4592397180416372
Batch_3,img_utfgcjfa,115,576.0,1608.0902777777778,2585.1579861111113,29.696543014630826,25.44497374877523,-1.480106003530426,False,27.081100010292303,1.1670887660499254
Batch_3,img_utfgcjfa,116,2946.0,1685.040393754243,3348.5763747454175,76.02099347506869,56.15466389538414,-0.3349136500437218,False,61.24511163178486,1.3537787995080057
Batch_3,img_utfgcjfa,117,523.0,1683.204588910134,2518.4780114722753,41.334604613715236,16.651545741184382,-0.8728956701786366,False,25.805121233904135,2.482328382973004
Batch_3,img_utfgcjfa,118,1279.0,1692.9046129788896,4479.692728694293,72.34322640754667,23.38174451360741,-1.1282781219303066,False,40.35434769286047,3.0940046567288975
Batch_3,img_utfgcjfa,119,4454.0,1744.166142792995,5966.13762909744,97.4367841131093,66.1773151837139,0.253284170597939,False,75.30610156056689,1.4723592796506844
Batch_3,img_utfgcjfa,120,435.0,1723.7471264367816,3242.5885057471264,33.981377300282965,17.92674311157692,-0.707473069306797,False,23.534213434057992,1.8955689323365223
Batch_3,img_utfgcjfa,121,420.0,1729.3642857142856,2485.9785714285713,24.871558062834772,22.17675180488509,0.7700031530176158,False,23.12489154112443,1.1215149216467342
Batch_3,img_utfgcjfa,122,1816.0,1771.568281938326,2105.43281938326,104.8641889253889,23.74623559319891,-0.534464653988585,False,48.08537213372748,4.416034217879265
Batch_3,img_utfgcjfa,123,246.0,1729.9105691056911,5128.247967479675,31.55076975872997,10.989562724313158,-1.3837206684609995,False,17.697935698969246,2.8709759023375407
Batch_3,img_utfgcjfa,124,902.0,1747.1263858093128,1693.1463414634147,44.5563339788291,28.455856376810036,-1.51201229488128,False,33.88896677904354,1.5658054141410438
Batch_3,img_utfgcjfa,125,425.0,1744.0941176470587,6874.007058823529,28.401748521916208,20.576469442998736,0.6741116448161475,False,23.26213245840639,1.380302320599517
Batch_3,img_utfgcjfa,126,758.0,1771.7348284960422,3257.032981530343,45.35521586918865,23.555681131165432,-0.23051661501019213,False,31.066309322306914,1.9254470128304317
Batch_3,img_utfgcjfa,127,3926.0,1844.4393785022924,509.6658176260825,89.08348048096342,62.23146721515741,-0.24994547723013344,False,70.70175706890352,1.4314861028901757
Batch_3,img_utfgcjfa,128,9982.0,1847.7562612702866,4135.905930675215,161.3872072430125,86.0985633463762,-1.5025729244231198,False,112.73631684398065,1.8744471564960803
Batch_3,img_utfgcjfa,129,1015.0,1834.0266009852216,340.120197044335,50.611801979997274,28.24551172482963,1.0601195023315488,False,35.949104827605794,1.7918528958888087
Batch_3,img_utfgcjfa,130,271.0,1884.2324723247232,3923.0332103321034,35.227822820899675,10.410401575136055,1.3923033198827508,False,18.575465448360347,3.3839062371077917
Batch_3,img_utfgcjfa,131,4038.0,1910.0797424467557,4778.4947994056465,144.2612044011749,40.75917088325755,-1.5606941388045104,False,71.70314694377498,3.539355714922856
Batch_3,img_utfgcjfa,132,21960.0,1986.1122950819672,4197.857832422586,187.9625277444952,150.14311870124476,-1.4086803484427437,True,167.21345759951313,1.2518890600541182
Batch_3,img_utfgcjfa,133,3169.0,1955.8232881035026,4029.9630798359103,92.95088128447894,55.016022629972085,0.7200533396387179,False,63.52083215186755,1.6895238303512037
Batch_3,img_utfgcjfa,134,989.0,1926.4287158746208,4097.162790697675,50.06545410153146,27.168325154931665,-1.5289491772212338,False,35.485685983831225,1.8427876512823407
Batch_3,img_utfgcjfa,135,2206.0,1959.3309156844969,229.94832275611967,80.15415506843186,37.77613143130227,1.1868297704889814,False,52.997796517268235,2.1218201025744547
Batch_3,img_utfgcjfa,136,1925.0,2019.776103896104,1770.2327272727273,77.30973072209243,41.49649010071094,1.2375636943856714,False,49.507435033691536,1.8630426461241334
Batch_3,img_utfgcjfa,137,1921.0,2044.892243623113,4333.333159812598,57.940501426874356,50.40210605331829,-1.2269578709213846,True,49.455971989601494,1.149565086934691
Batch_3,img_utfgcjfa,138,1902.0,2046.9789695057834,25.218717139852785,81.09804740325004,38.29334802500627,1.1411810428485898,True,49.2107875783987,2.117810313955612
Batch_3,img_utfgcjfa,139,411.0,2046.2603406326034,6867.442822384428,49.12614039870181,14.261937458525844,0.07134825633116659,True,22.875783109789968,3.4445628822565055
Batch_3,img_utfgcjfa,140,129.0,2025.077519379845,1487.860465116279,19.083327898396234,10.161884163587827,-1.0667653841789573,False,12.815923738491737,1.8779320440175673
Batch_3,img_utfgcjfa,141,758.0,2049.960422163588,6779.126649076517,33.03869652256818,30.751438282448433,-1.2609603243786678,True,31.066309322306914,1.0743789028373745
Batch_3,img_utfgcjfa,142,151.0,2043.4437086092714,2053.708609271523,21.47765253019887,9.18985980501544,-0.5336232258936087,False,13.86575534383214,2.3371033928588627
Batch_3,img_utfgcjfa,143,695.0,2055.9625899280577,4701.021582733813,52.25640285180703,19.30090274258693,-1.500910521649274,True,29.747293718772774,2.707459000687292
Batch_3,img_vc2whyaq,1,1317.0,20.063022019741837,144.27638572513288,57.97237202236161,32.91730985507917,0.4971387714491391,True,40.94943809646488,1.7611515727618436
Batch_3,img_vc2whyaq,2,925.0,7.741621621621622,1510.3913513513514,66.82918802216045,22.3531704077091,1.5513832422401868,True,34.318312587888485,2.989696172991755
Batch_3,img_vc2whyaq,3,137.0,5.642335766423358,1576.2408759124087,16.50128935530522,13.089341893767484,1.5478811020040752,True,13.207339536360731,1.2606660815516129
Batch_3,img_vc2whyaq,4,86.0,2.0232558139534884,1596.7790697674418,21.909021779585586,7.175250408204097,1.4433217316260745,True,10.464157913908982,3.0534156347400874
Batch_3,img_vc2whyaq,5,3535.0,20.774823196605375,4054.1247524752475,110.99839858764581,44.220066953577145,-1.3561453082619417,True,67.08876053884734,2.5101363755096413
Batch_3,img_vc2whyaq,6,452.0,11.196902654867257,5042.212389380531,28.888782744613586,20.829451854709077,-0.2626147427480254,True,23.98967015655475,1.3869199701519017
Batch_3,img_vc2whyaq,7,84.0,2.369047619047619,5400.202380952381,17.08372340149053,6.745546961637704,-1.3970045611583677,True,10.341765891652821,2.5325927606236536
Batch_3,img_vc2whyaq,8,8646.0,61.089636826278046,6669.131505898681,123.8884932327532,93.14554632361465,1.0468291861777068,True,104.9210612974355,1.3300527842987644
Batch_3,img_vc2whyaq,9,6706.0,28.317626006561287,6788.023113629585,129.3252970081104,78.34777060185966,1.4714448079257525,True,92.40316221317322,1.6506570131434055
Batch_3,img_vc2whyaq,10,128.0,10.125,1549.1875,18.55592658335069,9.636653393855113,0.11076331006873662,False,12.766152972845846,1.925557122889054
Batch_3,img_vc2whyaq,11,440.0,30.670454545454547,85.61363636363636,37.4446829903473,16.674058538612886,-0.464302837365041,False,23.66908109081279,2.2456849904679728
Batch_3,img_vc2whyaq,12,123.0,22.869918699186993,1406.8861788617887,25.37138289361918,7.37234651179818,0.3627815640920072,False,12.514330345744634,3.441425718801554
Batch_3,img_vc2whyaq,13,125.0,28.096,5772.192,19.97163077573368,9.136119753909057,-0.21219542184467952,False,12.6156626101008,2.1860079895722087
Batch_3,img_vc2whyaq,14,7105.0,93.29021815622801,726.048275862069,103.63769884721425,90.47086669377323,0.8950645510599013,False,95.11239122923644,1.1455367084965402
Batch_3,img_vc2whyaq,15,163.0,68.52147239263803,3670.478527607362,19.545608135876563,11.188999614164695,0.23449874773184162,False,14.406180819073164,1.7468593091318758
Batch_3,img_vc2whyaq,16,525.0,70.08380952380952,5398.687619047619,43.34612997009052,17.426069370730897,-1.4339284666931433,False,25.854414729132053,2.487430128270657
Batch_3,img_vc2whyaq,17,15116.0,150.907581370733,487.44674517068006,184.21733146201188,137.4638241153561,-1.3449997542261596,False,138.7309949442327,1.340114991326165
Batch_3,img_vc2whyaq,18,542.0,89.71217712177122,6769.247232472325,34.77571382063134,22.011892139548312,0.8076787510954572,False,26.26967516446403,1.5798602682661038
Batch_3,img_vc2whyaq,19,410.0,100.68780487804878,5420.426829268293,35.99815567211004,16.306511164270983,-1.3056587404990625,False,22.847936741452536,2.2075939671868743
Batch_3,img_vc2whyaq,20,4152.0,165.492774566474,2230.5510597302505,86.66784533723718,63.375706592058364,-0.08253962573253455,False,72.708256682033,1.367524718818639
Batch_3,img_vc2whyaq,21,1220.0,144.32131147540983,6419.1598360655735,82.16139889076288,19.738154267095656,-1.1684792581874786,False,39.41258992475499,4.162567471049177
Batch_3,img_vc2whyaq,22,259.0,141.52895752895753,6844.571428571428,26.987116571853594,13.157866369489703,1.1062284584106916,False,18.159544104586082,2.0510252813048004
Batch_3,img_vc2whyaq,23,18630.0,234.03794954374663,6197.087224906066,166.9325135596661,157.74462824421278,-1.4639605582474235,False,154.01445619946227,1.0582453134393208
Batch_3,img_vc2whyaq,24,177.0,163.41242937853107,6894.593220338983,18.209167003022248,13.034746323764148,1.4182007740273455,False,15.012108426804138,1.3969713372806047
Batch_3,img_vc2whyaq,25,340.0,172.3029411764706,632.6941176470589,26.64367786826355,17.47188251984173,-0.5355680856348648,False,20.806283791440396,1.5249460290272658
Batch_3,img_vc2whyaq,26,867.0,185.15801614763552,2172.8200692041523,45.37213013171143,28.79230289854236,0.7739503413288865,False,33.224970809398556,1.575842345490483
Batch_3,img_vc2whyaq,27,12628.0,239.19116249604053,72.24596135571745,145.52542837007175,117.73980685418265,-1.0643504334821228,True,126.80090287894497,1.2359917368498896
Batch_3,img_vc2whyaq,28,21187.0,259.1491480624911,1516.632321706707,243.6209881167208,114.74384781982864,-1.1822517098596037,False,164.24410563032055,2.123172551257438
Batch_3,img_vc2whyaq,29,2708.0,214.32200886262925,173.95457902511077,82.74485173958786,43.66279212339621,-0.516294494391763,False,58.7190998495619,1.8950884200383047
Batch_3,img_vc2whyaq,30,517.0,194.71760154738877,669.2185686653771,48.19620618157254,14.321207238178562,-0.9709150572549496,False,25.65667251667837,3.365373140686592
Batch_3,img_vc2whyaq,31,205.0,201.22439024390243,6281.160975609756,19.839780108302126,15.368386038950305,-0.041894363855970604,False,16.15593100600236,1.2909475372377637
Batch_3,img_vc2whyaq,32,7489.0,268.98691414073977,349.4441180397917,145.16009606991477,97.2738775356988,0.567107483368659,False,97.6488143835942,1.4922824066167413
Batch_3,img_vc2whyaq,33,6085.0,313.4139687756779,6043.322925225965,138.05554875154624,58.93462242824669,-0.4936704946245865,False,88.02080793604127,2.342520288810365
Batch_3,img_vc2whyaq,34,1966.0,297.99643947100714,5020.50966429298,81.63030970291341,31.751042249481454,-1.4938225102519638,False,50.03187928660416,2.5709489805565853
Batch_3,img_vc2whyaq,35,5475.0,375.5461187214612,3171.5530593607305,120.72477530734702,64.96650389932078,-0.47171628807183585,False,83.49243383340203,1.8582618435868945
Batch_3,img_vc2whyaq,36,841.0,333.60047562425683,6379.632580261593,55.18643123507609,21.26819427878728,1.1975678775807848,False,32.722995845769866,2.5947868686773554
Batch_3,img_vc2whyaq,37,139.0,338.0,6209.6115107913665,13.925534329451047,12.87610997928211,-0.8120564457086065,False,13.303394180365686,1.0815016609719457
Batch_3,img_vc2whyaq,38,5686.0,381.4009848751319,6142.083538515652,144.69739103313006,51.606881617543074,-1.240939115528182,False,85.08607436804294,2.803839071414501
Batch_3,img_vc2whyaq,39,12453.0,475.83232955914235,5521.381916004176,276.54821410543167,58.30473386614086,-0.9484609076438661,False,125.9192282798262,4.743151983856849
Batch_3,img_vc2whyaq,40,9265.0,434.55035078251484,5428.609282245008,168.44549825952805,78.2785877564149,-1.2662125525692218,False,108.61199004700762,2.151871962530699
Batch_3,img_vc2whyaq,41,6758.0,462.22787807043505,3981.3131103876885,166.76782887421794,52.69651042814772,0.76554793972133,False,92.76072899304009,3.164684483265884
Batch_3,img_vc2whyaq,42,21577.0,496.7574268897437,5238.027297585392,258.9548961248619,113.07750756767874,1.1349453496124742,False,165.7488752804996,2.2900654753985723
Batch_3,img_vc2whyaq,43,1833.0,489.9694489907256,3907.206764866339,97.97566319718638,27.03214986922509,0.30769232614524006,False,48.30991705125929,3.6244125484346825
Batch_3,img_vc2whyaq,44,41484.0,571.071907241346,5877.30358692508,323.6910141712911,187.61658855873557,0.8752888704673747,False,229.8239962967172,1.725279287177508
Batch_3,img_vc2whyaq,45,470.0,496.41702127659573,4166.712765957447,40.667879172847634,17.16390878388607,0.6431881513256549,False,24.462677409178383,2.369383319668286
Batch_3,img_vc2whyaq,46,4260.0,561.6227699530516,5577.162676056338,106.9420167673633,57.65370642057194,-0.182822096130383,False,73.64781368494107,1.8549027184348437
Batch_3,img_vc2whyaq,47,21586.0,612.670202909293,3126.336699712777,275.2905849766843,103.51671449085043,1.0080929894602246,False,165.78343950061245,2.6593829443941295
Batch_3,img_vc2whyaq,48,963.0,570.8805815160955,5528.375908618899,55.6260141525262,23.492667697727793,-0.8776309091572047,False,35.01613458935697,2.3678032170823387
Batch_3,img_vc2whyaq,49,11327.0,671.9893175598129,2958.898560960537,140.95112598912849,107.21678379178057,-1.0648167319224866,False,120.09156641169766,1.3146367667851462
Batch_3,img_vc2whyaq,50,374.0,691.7860962566845,5463.919786096257,43.77069395079058,11.372045168728127,1.2530626498271913,False,21.821814538001895,3.848972924514508
Batch_3,img_vc2whyaq,51,6785.0,740.9612380250553,6164.934856300663,159.66481749175864,57.06164190565632,1.4255998434481487,False,92.9458461203516,2.7981111681949624
Batch_3,img_vc2whyaq,52,160.0,750.475,3065.30625,25.09408057913612,8.383107710618031,0.5637129479092651,False,14.27299292922217,2.9934102537358545
Batch_3,img_vc2whyaq,53,469.0,757.6460554371002,3049.7185501066097,31.08636058571545,19.897916986156226,0.12771003915097748,False,24.436639426909572,1.562292204120837
Batch_3,img_vc2whyaq,54,4583.0,872.106480471307,1196.0281475016366,232.25007251461244,35.28952504075977,0.084027339049147,False,76.38885280930229,6.581275102069557
Batch_3,img_vc2whyaq,55,48815.0,884.1293045170542,4065.9771791457542,271.6333323423217,256.70758901696206,1.3709280948982638,False,249.3054118470896,1.0581429765380774
Batch_3,img_vc2whyaq,56,2588.0,814.5262751159196,5130.81027820711,73.37961024553398,48.086817116328895,-0.9904231025384629,False,57.403344343118206,1.525981852115897
Batch_3,img_vc2whyaq,57,142.0,842.1338028169014,5303.598591549296,15.94941612273756,11.891152242654304,-0.5446697277850849,False,13.446189622059965,1.3412843261333423
Batch_3,img_vc2whyaq,58,25659.0,954.2741338321837,6142.4190342569855,224.6686498200756,151.4614619315123,0.7041568702704043,False,180.74859191252236,1.4833387117421726
Batch_3,img_vc2whyaq,59,2598.0,891.7132409545804,5240.613548883757,93.1856844163284,39.72688901480622,-0.7859704975685041,False,57.51414032411467,2.3456577327662904
Batch_3,img_vc2whyaq,60,37086.0,972.6756727606105,642.845763900124,269.4483175465892,191.64224805570484,-1.4033683675979038,False,217.3001651081937,1.405996434921116
Batch_3,img_vc2whyaq,61,384.0,910.5078125,2764.0234375,28.551867357871174,17.36824990474085,0.09843610690712053,False,22.111625566165472,1.6439115923866132
Batch_3,img_vc2whyaq,62,5350.0,970.1342056074766,1296.8820560747663,120.9563386224712,61.163503366602534,0.8539436983283268,False,82.53382073025045,1.9775900980930026
Batch_3,img_vc2whyaq,63,4903.0,1062.46155415052,498.49173975117276,208.1170688063558,39.54495486651133,0.9541500060548567,False,79.01071755044693,5.262796973947235
Batch_3,img_vc2whyaq,64,44337.0,1135.949590635361,1721.9965491575886,292.10360585232013,200.59617183481745,-0.3264372275695947,False,237.59550015714294,1.456177369590359
Batch_3,img_vc2whyaq,65,597.0,1037.1842546063651,3085.6331658291456,60.004265996873976,15.59993439821227,-0.5669840390491376,False,27.570346537664197,3.8464434827206953
Batch_3,img_vc2whyaq,66,2103.0,1090.1911554921542,6279.142653352354,83.58542238500559,34.02723468808768,0.6627944665527645,False,51.745751154834416,2.456427128187038
Batch_3,img_vc2whyaq,67,28325.0,1186.1612356575463,2435.5827007943512,244.9441920981583,152.69496826443466,-0.8010066407177338,False,189.90658257317855,1.6041405612918949
Batch_3,img_vc2whyaq,68,277.0,1087.1660649819494,610.6750902527076,29.6495247131929,13.198400062105858,1.453701267926283,False,18.77997214831907,2.2464484008421697
Batch_3,img_vc2whyaq,69,13230.0,1235.554648526077,1106.6199546485261,175.35594221505403,117.52257252108241,0.7011287425039442,False,129.7881318797917,1.4921043545366306
Batch_3,img_vc2whyaq,70,483.0,1249.3374741200828,1571.5424430641822,33.48736502090872,20.99433028168919,0.9997691366086912,False,24.798683434954437,1.5950670762818135
Batch_3,img_vc2whyaq,71,19108.0,1288.545007326774,2718.0357965250155,277.21575068704095,103.94701708942549,-1.36251070920657,False,155.9777587375825,2.666894716647353
Batch_3,img_vc2whyaq,72,1761.0,1273.6371379897785,449.5235661555934,56.13781265133841,44.442409189317175,0.42650811166301145,False,47.35160861342117,1.2631586287818193
Batch_3,img_vc2whyaq,73,4440.0,1293.927027027027,5659.948873873874,95.38523016406502,61.377455998441995,0.8142790902407034,False,75.18765575960008,1.5540759813584695
Batch_3,img_vc2whyaq,74,833.0,1281.4969987995198,1810.4621848739496,63.89532582714347,22.41431525774822,-0.33143770257759164,False,32.56698544176895,2.850648127876939
Batch_3,img_vc2whyaq,75,40010.0,1382.510047488128,100.6387903024244,261.0179664968613,203.9771315783394,0.906769454639502,True,225.7040411354078,1.2796432839169267
Batch_3,img_vc2whyaq,76,558.0,1294.36917562724,5059.795698924731,40.57179464682696,26.689210945182154,-0.982392131100447,False,26.654599339742866,1.5201571425306915
Batch_3,img_vc2whyaq,77,13673.0,1343.2397425583267,429.603378921963,270.9512841463273,71.213132186546,1.3889803561231482,False,131.94318586105112,3.804793804555011
Batch_3,img_vc2whyaq,78,190.0,1317.8947368421052,3570.926315789474,18.621735125734183,14.118240701985007,1.0623768950869334,False,15.553633450087505,1.3189841084885308
Batch_3,img_vc2whyaq,79,6164.0,1351.5673264114212,2432.4926995457495,127.16176397901388,65.07028553445987,-1.1820937100126938,False,88.59034119895658,1.9542216994217991
Batch_3,img_vc2whyaq,80,16335.0,1414.0452402816038,5480.847260483624,192.45483749480923,125.79888831359256,-1.295006476607664,False,144.21639283815443,1.5298611941232434
Batch_3,img_vc2whyaq,81,496.0,1394.4858870967741,4982.441532258064,37.1927933845044,21.43992760967093,1.5687849547595651,False,25.13019725725687,1.7347443546277557
Batch_3,img_vc2whyaq,82,1860.0,1412.3274193548386,2701.647311827957,71.05522309020189,35.58760669813208,0.7249199550402011,False,48.66441773213158,1.9966283120109742
Batch_3,img_vc2whyaq,83,263.0,1394.8783269961978,6593.178707224334,21.617718562463992,15.937215432709698,0.9486201876131753,False,18.29923496393627,1.3564300899199475
Batch_3,img_vc2whyaq,84,1972.0,1447.6937119675456,6597.6734279918865,84.2346042397938,32.21129413898628,0.5298866343862729,False,50.10816682156454,2.6150642652336704
Batch_3,img_vc2whyaq,85,2747.0,1469.2573716781944,1061.3065161994903,86.99590262134572,41.47036624299369,0.16074090086627635,False,59.1404179000072,2.0977847678411434
Batch_3,img_vc2whyaq,86,2303.0,1461.838905775076,2549.3894919669997,80.8013430458479,37.88388685110107,0.6923281006799944,False,54.150444795265344,2.132868344883135
Batch_3,img_vc2whyaq,87,10186.0,1524.2828391910466,5118.812487728254,216.12172747919786,82.2746218995856,-1.2822440164521296,False,113.88247451944643,2.626833432829017
Batch_3,img_vc2whyaq,88,10546.0,1555.7448321638535,2544.4232884505973,135.56834168577743,108.21045957944592,1.4660092978153623,False,115.87745353940527,1.2528210508730526
Batch_3,img_vc2whyaq,89,5490.0,1550.9914389799635,6746.917122040073,143.05518443780178,54.151868005487714,1.198283974302394,False,83.60672879975657,2.641740529122738
Batch_3,img_vc2whyaq,90,84.0,1515.2142857142858,2617.2380952380954,13.871489915686363,7.723621551920328,0.6392051582970517,False,10.341765891652821,1.7959825999291081
Batch_3,img_vc2whyaq,91,135.0,1563.5037037037036,2842.511111111111,15.287652525343338,11.611150623875174,-1.3730224540472193,False,13.110581167104948,1.3166354498845652
Batch_3,img_vc2whyaq,92,289.0,1567.7716262975778,3329.560553633218,29.40000942315062,12.921064883675028,-1.0415240181348642,False,19.182445840623714,2.2753549872112884
Batch_3,img_vc2whyaq,93,14686.0,1679.9472967451995,1360.5880430341822,159.5648064403892,138.89748592275407,0.24281345705512603,False,136.743540812649,1.1487954974874706
Batch_3,img_vc2whyaq,94,141.0,1578.354609929078,72.63120567375887,14.26970867853219,12.71465580442089,-1.1219838797756327,False,13.398760233979036,1.1223039693745078
Batch_3,img_vc2whyaq,95,1990.0,1632.162311557789,1289.4221105527638,100.94580173330317,28.322042321927842,-0.36798178822798566,False,50.33633572304378,3.5642133637780655
Batch_3,img_vc2whyaq,96,90.0,1600.4222222222222,2994.811111111111,13.33363934082058,8.74018604220634,0.012586252502981819,False,10.704744696916627,1.525555551842085
Batch_3,img_vc2whyaq,97,282.0,1625.936170212766,3399.7340425531916,24.615288181042736,18.829127864856616,-1.069240574061727,False,18.948708441878455,1.3072983707857029
Batch_3,img_vc2whyaq,98,5545.0,1709.633183047791,4344.530928764653,144.87077509636134,54.605805916269325,-0.8589214877725362,False,84.02448021592564,2.653028788156725
Batch_3,img_vc2whyaq,99,3235.0,1724.69057187017,382.5755795981453,119.13315558125049,38.56115277037106,0.001400638232945043,False,64.17889004352017,3.089460429014662
Batch_3,img_vc2whyaq,100,1725.0,1707.8040579710146,5334.724637681159,55.63460119440144,41.63630192498651,-0.8150627212432425,False,46.865106579076034,1.3362041925489632
Batch_3,img_vc2whyaq,101,269.0,1701.3345724907063,3168.368029739777,26.339296180148615,13.71540443306623,-1.0720184487492492,False,18.5067943613625,1.9204170251551362
Batch_3,img_vc2whyaq,102,256.0,1748.26171875,1240.79296875,26.322789007758523,15.320053543371744,0.26925526699130453,False,18.0540666735282,1.7181917108342704
Batch_3,img_vc2whyaq,103,5810.0,1817.7048192771085,1394.3576592082616,146.20250974618736,54.33496017645423,1.0010194226886802,False,86.00884695722468,2.6907631711036655
Batch_3,img_vc2whyaq,104,13997.0,1821.7414445952704,3063.3582910623704,290.13883710087373,68.98823915263864,1.546213463317956,False,133.49731797926904,4.205627519481001
Batch_3,img_vc2whyaq,105,1255.0,1841.2517928286852,5230.274103585657,74.48576299159274,26.582151312320796,-0.24745337777783896,False,39.97393686694656,2.8020968700553843
Batch_3,img_vc2whyaq,106,40895.0,1903.791808289522,3812.25394302482,359.1979070784458,148.72071693223626,-1.5133203865058495,False,228.18661481766296,2.415251314597362
Batch_3,img_vc2whyaq,107,316.0,1855.860759493671,3170.5379746835442,24.899597937321122,16.601991137368792,-1.199730027240072,False,20.0585068271871,1.4997958817888755
Batch_3,img_vc2whyaq,108,779.0,1868.2259306803594,1283.8587933247754,36.64926486564542,27.2950621212243,0.7577116370757633,False,31.493707392885515,1.3427067761515519
Batch_3,img_vc2whyaq,109,8546.0,1958.7249005382635,2991.807746314065,129.03258728464084,98.35969951565912,0.7177516188893986,False,104.31253591638304,1.3118440572716321
Batch_3,img_vc2whyaq,110,136.0,1916.5073529411766,3558.0367647058824,16.27110452493983,10.859767425775877,-1.133771425282073,False,13.159049284959082,1.4982921721067466
Batch_3,img_vc2whyaq,111,9136.0,2000.468476357268,1874.3284807355517,149.50439756157638,84.16448949983908,0.03646108403706893,True,107.85321729415607,1.7763358210811964
Batch_3,img_vc2whyaq,112,85.0,1928.070588235294,1881.729411764706,12.899920816486892,8.438685922049588,0.8520336450317373,False,10.403141895720198,1.5286646446670644
Batch_3,img_vc2whyaq,113,2058.0,1959.960641399417,1800.2842565597668,59.8612845257905,46.043299029311974,0.253155258277682,False,51.18912954002017,1.3001085019490406
Batch_3,img_vc2whyaq,114,12527.0,2006.2185678933504,3264.428594236449,186.19607265046463,94.27817060711025,0.8891415382555332,True,126.29280176200615,1.9749648455357505
Batch_3,img_vc2whyaq,115,719.0,1950.7468706536856,3069.1905424200277,41.959302305556456,22.405356670975785,0.8781445684527045,False,30.256556854086718,1.8727352981580128
Batch_3,img_vc2whyaq,116,307.0,1959.9902280130293,2827.14657980456,37.16945048371134,15.040510157743714,1.3965304107844314,False,19.77080019204319,2.4712892111956974
Batch_3,img_vc2whyaq,117,85.0,1971.0941176470587,2870.7764705882355,12.877407940717692,8.446823978074612,-1.3588734646782656,False,10.403141895720198,1.524526611912777
Batch_3,img_vc2whyaq,118,1932.0,2003.7246376811595,2857.4285714285716,74.6394894217642,37.659909358955794,0.9166913555337787,False,49.597366869908875,1.981934919448084
Batch_3,img_vc2whyaq,119,7407.0,2031.394086674767,3675.8406912380183,176.43995053867428,59.819689863112956,1.2247627247074324,True,97.11274534196502,2.949529677309038
Batch_3,img_vc2whyaq,120,10867.0,2032.7995767001012,3966.7843010950583,209.57520001396549,72.49867165788739,-1.4477309988279434,True,117.62777789551673,2.8907453781074217
Batch_3,img_vc2whyaq,121,2134.0,2030.2417994376758,3798.199625117151,104.6226004209634,27.46063860937922,0.759567267145984,True,52.12574400874137,3.8099114120830895
Batch_3,img_vc2whyaq,122,95.0,2001.9157894736843,1949.8842105263159,14.387629255099856,8.509730606753203,-1.347002138547742,False,10.998079684646791,1.6907267597498368
Batch_3,img_vc2whyaq,123,162.0,2007.969135802469,2929.074074074074,26.5019181977081,8.089903172205645,-1.2926411549737322,False,14.361922094451577,3.2759252655532802
Batch_3,img_vc2whyaq,124,6827.0,2039.062692251355,3492.4501245056395,158.37070640907436,58.842544082088935,-1.4936796690209337,True,93.23307552530355,2.6914320051855265
Batch_3,img_vc2whyaq,125,5213.0,2043.1480913101861,2969.984078265874,146.2872485628491,48.65185553699434,1.4490842076397317,True,81.47022613632788,3.0068174573858517
Batch_3,img_vc2whyaq,126,66.0,2053.757575757576,1916.0,9.938200969215337,8.481050224990504,-0.4306693998316716,False,9.166995688475081,1.1718125356611084
Batch_3,img_x77cy643,1,2316.0,31.82167530224525,2253.096718480138,74.91810542631104,44.69262531026056,0.49331561752269,True,54.303064237726375,1.6762968142108963
Batch_3,img_x77cy643,2,711.0,5.575246132208157,3178.6427566807315,66.26149085117969,15.966459954733073,-1.5297558180070179,True,30.087760240780646,4.150042716985441
Batch_3,img_x77cy643,3,1517.0,9.589321028345418,5104.395517468688,91.78257266355388,25.87235700728763,1.4266678605415326,True,43.948883823861124,3.5475149263633345
Batch_3,img_x77cy643,4,315.0,6.501587301587302,6381.869841269841,24.276589277228144,18.091169054155994,1.5129927758359283,True,20.026743534373637,1.3419027374381427
Batch_3,img_x77cy643,5,88.0,19.761363636363637,4142.056818181818,14.015344402193158,8.315814206438963,0.7344024609639096,False,10.585134856802455,1.6853845040622755
Batch_3,img_x77cy643,6,711.0,42.447257383966246,1576.1476793248946,39.218322163930644,25.809418714105323,1.4603431971225986,False,30.087760240780646,1.5195352750233428
Batch_3,img_x77cy643,7,7539.0,73.53826767475793,1232.2045364106646,136.49596958451897,74.17300461240502,-1.4151707380168228,False,97.97424624746236,1.8402378371725119
Batch_3,img_x77cy643,8,9338.0,119.53234097237096,3185.9004069393873,131.07604863777516,101.96328093146793,0.3041652795825885,False,109.0390336931548,1.2855220765784758
Batch_3,img_x77cy643,9,186.0,72.71505376344086,6451.236559139785,19.82984518080892,12.609177963141246,-0.9498827006412659,False,15.389040103942165,1.5726517017029107
Batch_3,img_x77cy643,10,13256.0,128.9593391671696,2353.902082076041,242.62081300186443,79.32164407161986,-1.1920627762058051,False,129.91560108397036,3.058696221460073
Batch_3,img_x77cy643,11,199.0,86.22613065326634,6413.723618090452,19.323557794912325,13.276985900239428,0.08419107766753961,False,15.91774699517169,1.4554175126874134
Batch_3,img_x77cy643,12,1116.0,124.80734767025089,6970.387096774193,49.47467682248164,30.034206206473424,0.40382896931946366,False,37.69529588588531,1.6472776567611802
Batch_3,img_x77cy643,13,6613.0,189.54695297141993,2171.8673824285497,123.89004236319636,72.9213060026154,0.5383692075951599,False,91.76019349006208,1.6989553417865682
Batch_3,img_x77cy643,14,259.0,148.4169884169884,60.8957528957529,24.675563864100038,15.087594330617494,0.0498697475473573,False,18.159544104586082,1.6354869652099226
Batch_3,img_x77cy643,15,1033.0,168.16069699903196,5925.215876089061,48.8390676227491,30.265220299641765,1.5181037091046419,False,36.266464532835606,1.6137026969972919
Batch_3,img_x77cy643,16,10465.0,219.84185379837552,4744.966364070712,196.58708641068387,79.95253670492765,0.9321959681752046,False,115.43158941838009,2.4587973629430544
Batch_3,img_x77cy643,17,836.0,174.2188995215311,4924.83014354067,50.74782622600445,25.44050541051851,-1.4057422330249885,False,32.625576767294035,1.9947648604898585
Batch_3,img_x77cy643,18,349.0,186.81661891117477,5046.458452722063,22.165234924931415,20.52210372326648,-1.375213379928594,False,21.079862454783044,1.0800664115054672
Batch_3,img_x77cy643,19,9424.0,243.500318336163,6245.850594227504,193.53044256152896,77.44959115372936,-0.9407707734403009,False,109.53999027562571,2.498792307081276
Batch_3,img_x77cy643,20,212.0,213.19811320754718,51.575471698113205,24.57066944152364,11.861499127156861,1.5315010832543128,False,16.42944866646031,2.0714640854518276
Batch_3,img_x77cy643,21,4060.0,264.7743842364532,911.2327586206897,99.4912610575234,57.546664072297844,-0.4204453704599178,False,71.89820965521159,1.7288797302399515
Batch_3,img_x77cy643,22,229.0,238.07423580786025,1706.2183406113538,20.338985601632874,16.41834533981279,-0.7171524031058552,False,17.075475271404667,1.238796308682394
Batch_3,img_x77cy643,23,30080.0,344.07569813829787,2041.6922207446808,320.3310453970481,124.3042410440324,-1.0356328708903946,False,195.70141927342706,2.576992085761394
Batch_3,img_x77cy643,24,283.0,246.84805653710248,1669.4982332155478,26.69506942900977,16.001113439425882,1.1874416419847982,False,18.982275710779543,1.6683257405846867
Batch_3,img_x77cy643,25,195.0,263.6051282051282,1137.4564102564102,16.307560272174324,15.270210306617372,-0.31579019751454457,False,15.756957549709801,1.067932919372264
Batch_3,img_x77cy643,26,400.0,271.315,148.9875,34.04864163784081,15.92544827054778,1.0940613344976167,False,22.56758334191025,2.138002086937152
Batch_3,img_x77cy643,27,603.0,279.3266998341625,1281.688225538972,56.53067872908499,13.782887044133563,1.26808200612583,False,27.70854462932514,4.101512154026268
Batch_3,img_x77cy643,28,3738.0,352.6409844836811,2424.3475120385233,104.84586207027614,52.06839174380002,-0.4319019287365765,False,68.98818317813594,2.0136182155608933
Batch_3,img_x77cy643,29,15979.0,392.1411227235747,5584.9232742975155,186.5359865820023,124.92524575132362,0.6284293495506795,False,142.6362320216121,1.493180865565965
Batch_3,img_x77cy643,30,92.0,311.29347826086956,872.7173913043479,13.473096661172052,8.963339269366601,0.19878454097436862,False,10.823032759612019,1.5031336264619755
Batch_3,img_x77cy643,31,6024.0,397.8715139442231,898.7000332005312,129.56489693462686,61.67137501596553,-0.02349731640615905,False,87.57850773725606,2.100891976238328
Batch_3,img_x77cy643,32,150.0,367.54,2461.5,18.929215230418187,10.41821533471564,0.2792815508159904,False,13.81976597885342,1.8169345345879098
Batch_3,img_x77cy643,33,440.0,388.83863636363634,5251.609090909091,30.43722668288643,18.71861076253736,-1.145392760809717,False,23.66908109081279,1.6260408995630282
Batch_3,img_x77cy643,34,1117.0,412.2515666965085,6214.522829006267,62.80018778185129,23.385141258109705,0.17835940133334385,False,37.71218067772237,2.685473954965865
Batch_3,img_x77cy643,35,3958.0,471.09929257200605,2715.177109651339,138.4562281023269,37.59299778428924,0.32608929823587085,False,70.98930988579741,3.6830323800404696
Batch_3,img_x77cy643,36,15812.0,479.63312673918546,6376.232924361245,164.0961518754546,141.92574395715613,1.5511362356325666,False,141.88891317277893,1.1562113207945641
Batch_3,img_x77cy643,37,15269.0,512.7620669330015,658.5265570764294,221.9631037551525,97.11237992239182,0.5772852187822638,False,139.43132577925667,2.2856313884237642
Batch_3,img_x77cy643,38,4521.0,463.9460296394603,3110.467595664676,108.7162212345538,59.50217119891678,-1.4522689617719235,False,75.87038936072274,1.827096709985819
Batch_3,img_x77cy643,39,8456.0,513.8731078524124,2521.541035950804,164.5698932950101,70.09061707293654,0.5018872311847988,False,103.76181181089956,2.3479589732211674
Batch_3,img_x77cy643,40,6486.0,503.9303114400247,359.0995991366019,114.842047245703,81.10273888512222,0.7253414114243868,False,90.87481327162254,1.4160070155999385
Batch_3,img_x77cy643,41,97.0,550.8969072164948,3147.226804123711,13.914832349840065,8.936362557510478,0.37145845651426923,False,11.11324596323283,1.5571024855236522
Batch_3,img_x77cy643,42,545.0,573.4146788990826,2794.2275229357797,54.57905594514454,17.019101034424757,1.005981932889385,False,26.34227689249097,3.2069294279848726
Batch_3,img_x77cy643,43,13674.0,629.5808102969138,3281.917434547316,143.76873223145495,129.32760788789025,-0.42546073873797463,False,131.9480107266063,1.111663121118603
Batch_3,img_x77cy643,44,6012.0,621.9249833666001,3470.086327345309,120.49924043550318,67.07988125551165,0.5704454525466968,False,87.49123466352385,1.7963544088057297
Batch_3,img_x77cy643,45,130.0,581.5846153846154,929.9,15.469220427696618,11.231729166490473,-0.6364246120004322,False,12.865501965161373,1.3772786183136052
Batch_3,img_x77cy643,46,250.0,600.584,3176.644,41.53515649177652,9.412444061115838,0.5956416974202655,False,17.841241161527712,4.412791855344376
Batch_3,img_x77cy643,47,347.0,620.35734870317,5376.195965417867,33.38165714306481,14.937675819386744,-1.3457497603943565,False,21.019374919894773,2.234728986402335
Batch_3,img_x77cy643,48,9007.0,689.0415232596869,1517.6027534140114,191.01629927923952,72.08749606745508,-0.7795175912491734,False,107.08906844038569,2.6497840776782997
Batch_3,img_x77cy643,49,11878.0,672.5465566593703,2984.3553628556997,182.9838912943131,91.35502434909525,-1.0122740220018251,False,122.97780007938125,2.0029975646996294
Batch_3,img_x77cy643,50,7983.0,692.1288989101841,944.332331203808,125.41867190193695,84.93005297888435,-0.9564500920142791,False,100.81801072041048,1.4767289964262595
Batch_3,img_x77cy643,51,4891.0,687.6385197301165,4614.0962993252915,104.36234324753335,62.094447703997496,-0.34756745509654835,False,78.91396969675066,1.680703301284291
Batch_3,img_x77cy643,52,4763.0,683.7188746588284,2588.273777031283,140.46385132113775,44.58031040485885,0.9302415461652431,False,77.87451413378821,3.150804694841884
Batch_3,img_x77cy643,53,2508.0,688.4956140350877,6522.590111642743,83.18908631060827,42.080132548713976,0.08543413831366471,False,56.509156587192024,1.9769207289046584
Batch_3,img_x77cy643,54,208.0,664.3365384615385,2791.778846153846,20.818674955567307,12.96102227982892,-0.8297073532286233,False,16.273715780512877,1.6062525398144831
Batch_3,img_x77cy643,55,2169.0,685.0258183494698,1420.8792070078377,63.410330833482305,46.52820473596096,1.1396077100403457,False,52.55146594083335,1.362836395543828
Batch_3,img_x77cy643,56,6842.0,733.6275942706811,1652.2092955276235,106.0713456020994,93.64577513578998,-0.023730978969797444,False,93.33544324145026,1.1326869305987577
Batch_3,img_x77cy643,57,5656.0,711.1138613861386,3889.0256364922207,102.28835729528105,75.99117726805697,-1.3288705217843786,False,84.86131548015315,1.3460556997881665
Batch_3,img_x77cy643,58,13781.0,734.2644220303316,1940.2281401930193,156.76830015970108,119.31312420384681,1.4808596355036443,False,132.46325590893227,1.3139233525715244
Batch_3,img_x77cy643,59,20207.0,747.9138417380116,2504.555748008116,249.83367028870342,107.87400121085746,1.2875410733724708,False,160.40059688312706,2.3159766717131633
Batch_3,img_x77cy643,60,17430.0,756.442512908778,2780.46528973035,175.26398931077563,136.2971103432081,1.370502943334203,False,148.97169283032898,1.2858965892192837
Batch_3,img_x77cy643,61,131.0,698.9923664122138,5825.702290076336,16.228510625451488,12.316856781377275,0.7461969777744423,False,12.914889870235298,1.317585396461581
Batch_3,img_x77cy643,62,15992.0,837.1425712856428,511.09173336668334,197.74590341377333,109.79469115559223,0.23862898562538307,False,142.69424234847293,1.8010515930460034
Batch_3,img_x77cy643,63,2481.0,757.478839177751,3053.045546150746,97.04522342636032,36.58957379635472,-1.0341401453547197,False,56.2041574128457,2.652264384561609
Batch_3,img_x77cy643,64,109.0,734.8532110091743,1844.7522935779816,16.369518935980718,9.214889961229378,0.39857773615974745,False,11.780624362746345,1.7764204461316027
Batch_3,img_x77cy643,65,179.0,750.3072625698323,2637.921787709497,21.456048783166857,11.520030194095973,0.11961832793247779,False,15.09668435477122,1.862499353010646
Batch_3,img_x77cy643,66,26299.0,842.9426213924484,5311.75839385528,262.1400411488188,139.5804546392697,-1.3077965198933768,False,182.98887066428395,1.8780569373146894
Batch_3,img_x77cy643,67,176.0,772.0,3301.653409090909,21.0757972427762,11.336892435121689,1.226216513139914,False,14.96964127403822,1.8590453568637018
Batch_3,img_x77cy643,68,87.0,780.183908045977,2651.9655172413795,13.661760208973146,9.188488026889367,1.3364106239209739,False,10.524820207108489,1.4868344137787532
Batch_3,img_x77cy643,69,535.0,790.8429906542057,4378.01308411215,29.77812799369331,23.10962371349708,-0.695284352490193,False,26.099485750361293,1.2885596218644408
Batch_3,img_x77cy643,70,290.0,793.3724137931034,3374.341379310345,36.28112531164928,12.741854533028333,0.9350087499021463,False,19.21560480373171,2.847397544651329
Batch_3,img_x77cy643,71,154.0,819.6103896103896,6180.558441558442,16.962946688694846,11.909114196501674,-0.6636332479810959,False,14.002817212590296,1.4243667840281307
Batch_3,img_x77cy643,72,17466.0,940.3922477957174,5466.130997366312,181.0962124830777,130.02173233004174,-1.179364078662482,False,149.12545687555948,1.3928149489916857
Batch_3,img_x77cy643,73,77.0,888.8571428571429,3736.4675324675327,11.037612153222097,9.07453588960047,0.4561834364138779,False,9.901487006738307,1.216328007019217
Batch_3,img_x77cy643,74,11696.0,971.3650820793433,3958.683310533516,162.3674947798366,105.18935063357723,-1.0244367816171331,False,122.03200283213606,1.5435735062709632
Batch_3,img_x77cy643,75,10948.0,982.563025210084,2640.1882535622944,131.09515980521226,108.94383481571329,-0.23137644579481964,False,118.06534858187885,1.2033279352335047
Batch_3,img_x77cy643,76,19225.0,1020.6371391417425,5601.491859557867,186.73165804774536,144.23733297194025,-0.3399148533226319,False,156.45456288499068,1.294613913057252
Batch_3,img_x77cy643,77,323.0,957.7275541795666,4930.656346749226,33.67166720086308,12.894757319929631,-0.7988352251823744,False,20.279456919490165,2.6112680033785103
Batch_3,img_x77cy643,78,121.0,956.900826446281,3712.5537190082646,16.667066694188698,9.425938945716684,1.1686451139264247,False,12.412170838050638,1.7682128846975518
Batch_3,img_x77cy643,79,1977.0,1007.5958523014668,4907.611532625189,65.88849675809257,42.609338308099325,-1.0712200617325667,False,50.17165115821301,1.5463393559802892
Batch_3,img_x77cy643,80,112.0,1003.6339285714286,4024.5714285714284,14.607561331219836,10.012518639466869,-0.4027808843547732,False,11.941642642883693,1.4589297515652502
Batch_3,img_x77cy643,81,85.0,1018.9411764705883,5998.047058823529,10.88516715137611,10.073202026286431,0.5255668501716408,False,10.403141895720198,1.080606456911201
Batch_3,img_x77cy643,82,125.0,1022.992,836.888,17.25734760492248,9.591570551420473,-1.0792159394430942,False,12.6156626101008,1.7992202124152374
Batch_3,img_x77cy643,83,193.0,1028.8290155440413,2691.8704663212434,20.300306319627115,13.232503641931038,-0.8478942008368594,False,15.67594437773643,1.5341243704856946
Batch_3,img_x77cy643,84,876.0,1146.650684931507,1952.9680365296804,48.04169026260205,29.052305351626035,-0.9062178099049247,False,33.396973533360814,1.6536274722829594
Batch_3,img_x77cy643,85,17126.0,1199.2092140604927,1295.809295807544,216.59437385082958,105.87417696941544,1.3841943015546456,False,147.66685627836193,2.045771500196867
Batch_3,img_x77cy643,86,27742.0,1245.0766347055007,4809.54044409199,252.27293693948093,151.26525194437312,1.4581249382937045,False,187.94204279522685,1.667752069273998
Batch_3,img_x77cy643,87,9218.0,1212.7925797353005,6777.937730527229,131.42925435129146,92.6450608920729,-0.4272464770767766,False,108.33615335320306,1.4186320683020577
Batch_3,img_x77cy643,88,5821.0,1235.0168355952585,6964.196358014087,132.92694476569733,58.95372508141735,-0.2649591032265951,True,86.090228190564,2.254767524564735
Batch_3,img_x77cy643,89,225.0,1174.9911111111112,1941.6355555555556,21.306913922475037,14.493375305366746,-1.086332369112854,False,16.925687506432688,1.4701139985373393
Batch_3,img_x77cy643,90,6401.0,1251.1585689735978,1987.5158568973598,124.49496728892774,68.3719804291474,-0.891361130677258,False,90.27738546197368,1.8208477582119995
Batch_3,img_x77cy643,91,13570.0,1347.0465733235078,2539.0823876197496,159.56491236341122,113.46195380883717,0.03741691720952735,False,131.44527614964397,1.4063296726958288
Batch_3,img_x77cy643,92,111.0,1269.5045045045044,4926.333333333333,13.021461938405707,10.93866616872877,-0.9981670531530678,False,11.888212206450685,1.1904067404151333
Batch_3,img_x77cy643,93,53687.0,1435.5456814498855,865.4913479985844,272.3886402118711,270.7315487288003,-1.534997088952307,False,261.4505908163083,1.0061207919463082
Batch_3,img_x77cy643,94,178.0,1288.5,6987.443820224719,25.204202203053352,9.17868478764488,-0.06601637453493171,True,15.054455784347004,2.745949205814311
Batch_3,img_x77cy643,95,16005.0,1413.2942830365512,6379.0882224304905,320.2813258029428,66.13432249899222,-0.8642516598790706,False,142.75222910163708,4.842891159999762
Batch_3,img_x77cy643,96,285.0,1316.8842105263159,6976.919298245614,29.116276194739697,14.635964616103971,-1.1273391643639084,True,19.04923279949934,1.9893650304881867
Batch_3,img_x77cy643,97,8189.0,1370.4534131151545,3417.6124068872878,117.64079247915886,93.71420698716209,0.1807736267829002,False,102.11052165098486,1.255314388940777
Batch_3,img_x77cy643,98,9520.0,1409.336869747899,2371.4931722689075,194.50484110632507,80.92549693989866,-0.97994148700869,False,110.09650523917074,2.4035050566421474
Batch_3,img_x77cy643,99,8411.0,1457.8998929972654,3250.1356556889787,209.464519364788,59.051312463942,0.8271304408052461,False,103.48535070611422,3.5471611150504327
Batch_3,img_x77cy643,100,10124.0,1491.4934808376136,6790.870604504148,192.72356389587588,75.29651253917038,0.45506696478013503,False,113.53535639129684,2.5595284216598766
Batch_3,img_x77cy643,101,97.0,1414.4742268041236,2155.443298969072,13.248294296917969,9.542526146018123,1.2659215886463826,False,11.11324596323283,1.3883424676228084
Batch_3,img_x77cy643,102,6853.0,1474.5596089303954,2112.5016780971837,114.3158368972193,79.40480506577602,-0.22874898431423316,False,93.41044160087282,1.43965893251075
Batch_3,img_x77cy643,103,2449.0,1499.572070232748,6560.623928133932,134.0667100823879,24.158823688984334,-0.24258074063819468,False,55.840519741997504,5.549388985504213
Batch_3,img_x77cy643,104,287.0,1454.787456445993,718.3101045296168,29.550153251349343,14.300319400317195,-1.1446239846468724,False,19.115955360352558,2.0663981288903166
Batch_3,img_x77cy643,105,1098.0,1499.5428051001822,6133.075591985428,66.16083617653523,21.927519055928123,-1.2253685182160927,False,37.390065794529015,3.0172513364501485
Batch_3,img_x77cy643,106,26145.0,1613.0046280359534,226.83553260661694,225.4760471999855,162.94794668223702,0.6610178707748854,False,182.45231677646856,1.3837305212546422
Batch_3,img_x77cy643,107,265.0,1524.9283018867925,6632.324528301887,45.74971103024963,8.45433842006968,0.29338791361457467,False,18.36868202552426,5.411388657170948
Batch_3,img_x77cy643,108,44534.0,1639.5257106929537,5674.257780572148,308.4847395605613,191.32590395991815,1.0314730562167835,False,238.12276221570195,1.6123521863782093
Batch_3,img_x77cy643,109,102.0,1524.2156862745098,6868.794117647059,14.1957858982125,9.248119872232031,-0.967517734135948,False,11.396070970426017,1.5349915544278463
Batch_3,img_x77cy643,110,2253.0,1551.8002663115847,5941.078561917443,68.87262797519496,43.872852362483954,-0.8817759139636187,False,53.559394080668255,1.5698233478452503
Batch_3,img_x77cy643,111,1387.0,1569.282624369142,5868.362653208364,62.04617007504752,31.0713425580418,1.0975479648578919,False,42.023603469332215,1.9968937601954024
Batch_3,img_x77cy643,112,7948.0,1636.2503774534473,6690.363236034223,196.25723336356694,53.736916091666345,0.8849879691014911,False,100.59675890184073,3.6521863857759227
Batch_3,img_x77cy643,113,6726.0,1624.917187035385,6415.869164436515,116.89438462869542,81.10613260569185,-0.9130173882518418,False,92.54085140028,1.4412521084810301
Batch_3,img_x77cy643,114,17388.0,1648.2098573729008,711.8796296296297,238.13986724755966,96.1503676642688,0.8414031693999247,False,148.79210060972662,2.4767442187957096
Batch_3,img_x77cy643,115,4754.0,1616.649347917543,45.28355069415229,91.88282722449112,73.23514286804568,-1.2321709949318627,True,77.80090485123527,1.254627541179849
Batch_3,img_x77cy643,116,34177.0,1682.1948971530562,2685.5738362056354,239.28777195549844,185.26200013108408,1.177643832144705,False,208.6037102268645,1.2916182044142235
Batch_3,img_x77cy643,117,2236.0,1619.9002683363149,511.70751341681574,91.0661332132371,33.15848506724303,1.5553539185748482,False,53.356945396338276,2.746390042505305
Batch_3,img_x77cy643,118,4964.0,1660.201651893634,6809.186341659952,109.1960287260695,65.69377604522943,1.3279417465937773,False,79.5006987394787,1.6621974759205387
Batch_3,img_x77cy643,119,7082.0,1687.591217170291,1392.4881389438012,145.12688279584083,69.50963910610923,1.437513556606438,False,94.9583195713489,2.0878670161745316
Batch_3,img_x77cy643,120,3057.0,1689.1959437356886,5891.586195616617,77.52155164241258,51.8356120619262,0.18202080247618546,False,62.38824639509747,1.4955268889233966
Batch_3,img_x77cy643,121,13170.0,1723.0890660592256,6557.351025056948,230.06200496428343,82.76754078157411,1.2804666334892747,False,129.49349328889886,2.779616293921594
Batch_3,img_x77cy643,122,6973.0,1735.3715760791624,6015.758640470386,113.26465560850271,83.02766144984474,0.32851932093286995,False,94.22472788731359,1.3641797640768611
Batch_3,img_x77cy643,123,13989.0,1791.2489098577453,109.69368789763385,257.35754962834176,74.40878999850523,0.85902160594645,False,133.45916226059637,3.458698221453564
Batch_3,img_x77cy643,124,7538.0,1815.8551339877952,2906.7009816927566,212.30895585341116,53.3229820724717,0.6022078386732014,False,97.96774820426188,3.981565688971789
Batch_3,img_x77cy643,125,435.0,1757.3816091954022,2356.8206896551724,34.12163282440123,17.16949527600507,0.1765689581350332,False,23.534213434057992,1.9873404707526452
Batch_3,img_x77cy643,126,218.0,1754.7752293577983,1616.8761467889908,18.254991647376382,16.490604255537175,0.8876749347755295,False,16.66031874701878,1.106993495477691
Batch_3,img_x77cy643,127,67.0,1840.2238805970148,6708.880597014925,10.452192790310464,8.396291548304832,0.8765013623534404,False,9.23618154310838,1.2448582484514497
Batch_3,img_x77cy643,128,5758.0,1901.963529003126,4288.006425842306,110.32238729272086,72.67267094741263,-0.3409109158530117,False,85.62308858354193,1.5180725553977823
Batch_3,img_x77cy643,129,1395.0,1879.4917562724015,2521.407168458781,67.14567438500379,31.33812157511485,-1.042523699493938,False,42.14462201640385,2.1426196277929814
Batch_3,img_x77cy643,130,2037.0,1935.0186548846343,2995.8546882670594,93.2224498781077,30.254625598811398,-0.3766223194878253,False,50.92729084317687,3.0812627171221743
Batch_3,img_x77cy643,131,4776.0,1953.838149078727,2895.3222361809044,90.41505765539839,76.21776296837106,0.6336312509885669,False,77.98071598578163,1.1862727812271128
Batch_3,img_x77cy643,132,1005.0,1947.6467661691543,4359.121393034826,43.47746292311334,31.681742022921217,0.8738288338776768,False,35.77157729900708,1.3723192017553238
Batch_3,img_x77cy643,133,335.0,1944.3253731343284,6427.017910447761,28.013804229935314,17.412621829781884,-0.9767009432906187,False,20.65272978291924,1.6088217216101008
Batch_3,img_x77cy643,134,371.0,1957.5687331536387,6442.811320754717,36.837859923792614,14.41428577856665,-1.3109406000831043,False,21.73411767467788,2.5556493391138906
Batch_3,img_x77cy643,135,361.0,1972.3130193905818,490.7451523545706,45.60946344951067,10.229819785524313,-0.9776173337472479,False,21.43920417481474,4.458481616074044
Batch_3,img_x77cy643,136,2692.0,2032.5289747399702,3072.8335809806836,81.13672966435936,52.40918086598533,0.3621584545447091,True,58.5453743213506,1.548139625990965
Batch_3,img_x77cy643,137,17906.0,2032.566681559254,2828.935496481626,314.80239072490343,78.12340332505582,1.5562848002761898,True,150.99214313343532,4.02955295502263
Batch_3,img_x77cy643,138,10643.0,2033.0460396504745,2543.790472611106,206.13627707014746,68.7203104092273,1.5324640632821689,True,116.4091425731516,2.9996412391418548
Batch_3,img_x77cy643,139,583.0,2041.7941680960548,6985.077186963979,52.13422249197553,15.228874063553564,-0.05029950667171584,True,27.245158369526866,3.423379973752986
Batch_3,img_x77cy643,140,67.0,2061.2388059701493,3169.373134328358,17.52774590517373,5.514900052820392,1.4300210590722877,True,9.23618154310838,3.178252685868679
Batch_3,img_x77cy643,141,68.0,2061.1029411764707,4498.5,17.157078629141214,5.362762384025073,1.41828646138369,True,9.304852983362556,3.1992986823823815
Batch_3,img_x7u69zsw,1,2282.0,13.269062226117441,47.10122699386503,109.80763045596349,40.21543298136297,-1.5097183653859072,True,53.902992876886174,2.7304848491088385
Batch_3,img_x7u69zsw,2,327.0,11.217125382262997,572.9113149847095,30.556378228075715,17.193522519027464,1.2449980723232343,True,20.404639941160397,1.7772029084941756
Batch_3,img_x7u69zsw,3,195.0,6.902564102564103,1473.2153846153847,19.81329717194842,17.456043811928385,-0.8058599515014973,True,15.756957549709801,1.1350393815126216
Batch_3,img_x7u69zsw,4,158.0,4.632911392405063,2059.5759493670885,24.572128126817923,9.8540043733793,1.4077548172258385,True,14.183506197980657,2.4936185530016397
Batch_3,img_x7u69zsw,5,67.0,1.328358208955224,2108.268656716418,19.944417351358965,4.7438873199785485,1.5522809959497823,True,9.23618154310838,4.204235051571409
Batch_3,img_x7u69zsw,6,48.0,1.7083333333333333,2147.3541666666665,12.116934292838264,5.241995274144304,1.446747499328774,True,7.817640190446719,2.3115118688877905
Batch_3,img_x7u69zsw,7,7437.0,29.34435928465779,3188.1462955492807,148.02505516027156,76.07345809577816,1.362158016437301,True,97.309210736679,1.945817356875045
Batch_3,img_x7u69zsw,8,8432.0,56.18524667931689,3300.2445445920303,137.04183714683703,81.77505675312034,-0.23954635577159705,True,103.61445768427731,1.675839095539458
Batch_3,img_x7u69zsw,9,149.0,6.322147651006712,3423.288590604027,31.953093782303675,6.312345489696775,-1.1076861006755043,True,13.773623058786647,5.062000144709855
Batch_3,img_x7u69zsw,10,993.0,7.283987915407855,3627.8912386706947,80.783784653616,18.48090337495575,1.5521906173961513,True,35.55737431141417,4.371203236909376
Batch_3,img_x7u69zsw,11,102.0,2.0098039215686274,3692.5686274509803,24.398429309150956,6.544908874479245,1.4668560979273877,True,11.396070970426017,3.727848588433136
Batch_3,img_x7u69zsw,12,367.0,3.5068119891008176,4326.337874659401,52.441917971329275,10.560657425299924,-1.5465508787540785,True,21.616635097022034,4.965781566372504
Batch_3,img_x7u69zsw,13,32643.0,125.72165548509635,4523.819655056214,235.75527524337542,184.27337752901545,-0.9033822950718895,True,203.86848324051934,1.279377837453778
Batch_3,img_x7u69zsw,14,1141.0,8.273444347063979,6570.297107800176,71.52463323585086,23.246842125231318,-1.5214989877852134,True,38.11517178949638,3.076746202798035
Batch_3,img_x7u69zsw,15,89.0,9.887640449438202,2033.9550561797753,19.192938284471506,7.5090325744499395,-1.169141830816463,False,10.645107772184812,2.5559801604506225
Batch_3,img_x7u69zsw,16,33.0,7.7272727272727275,3571.090909090909,10.277932642689244,4.142824961782506,-1.2990486457612442,False,6.4820448144285745,2.4808995643076903
Batch_3,img_x7u69zsw,17,304.0,19.289473684210527,2133.9572368421054,47.9370141001711,9.101131505063673,1.31121882967094,False,19.67396303746374,5.267148823583087
Batch_3,img_x7u69zsw,18,91.0,35.010989010989015,1213.021978021978,11.350343770089452,10.92007086605679,-0.7206946772099606,False,10.764051215546116,1.0394020248870448
Batch_3,img_x7u69zsw,19,150.0,40.6,3579.6666666666665,23.085751247677607,8.769092211810793,0.8056741827347349,False,13.81976597885342,2.6326272651785083
Batch_3,img_x7u69zsw,20,18004.0,140.40746500777604,1748.4377360586536,190.6848790769623,134.1463795778955,0.44455622810695483,False,151.40477127030002,1.4214686946973198
Batch_3,img_x7u69zsw,21,461.0,72.04989154013015,1556.002169197397,35.87888761836485,19.262475481534405,0.26390473737136677,False,24.22732816723524,1.8626311894729959
Batch_3,img_x7u69zsw,22,15159.0,154.02407810541592,3404.9546803878884,151.6789355297185,136.14681746128008,-1.0209269104761016,False,138.92817661885704,1.1140835926837271
Batch_3,img_x7u69zsw,23,148.0,82.83783783783784,4628.8378378378375,20.783351647094026,9.268953925721577,0.385874402550696,False,13.727325035155395,2.2422542838863087
Batch_3,img_x7u69zsw,24,37.0,80.02702702702703,3916.054054054054,14.240054415769846,3.7163237304315606,1.0746306798673912,False,6.863662517577698,3.83175833126793
Batch_3,img_x7u69zsw,25,215.0,103.08372093023256,1943.0372093023257,25.316762220257306,14.890821111917122,-0.9182539229743943,False,16.545286401814263,1.7001589119888296
Batch_3,img_x7u69zsw,26,495.0,135.65454545454546,5775.026262626263,44.12735562977029,15.937614099327444,1.0227648017378441,False,25.104851615652017,2.7687554332007847
Batch_3,img_x7u69zsw,27,3112.0,226.6944087403599,4000.779884318766,84.49409720776903,50.584348831043805,1.1456418130529682,False,62.946973423793985,1.670360480273983
Batch_3,img_x7u69zsw,28,819.0,239.3003663003663,1582.1721611721612,38.38808154349117,29.878595776337672,-1.157092419853125,False,32.29215364663835,1.2848020646904892
Batch_3,img_x7u69zsw,29,627.0,235.86602870813397,3373.494417862839,46.50728434905328,22.927529159505127,1.1711147859888258,False,28.254578293596012,2.0284472882143354
Batch_3,img_x7u69zsw,30,96.0,259.4583333333333,4531.34375,11.76383663518431,10.497320841191707,-1.316921115757591,False,11.055812783082736,1.1206513369604527
Batch_3,img_x7u69zsw,31,2112.0,282.5743371212121,1700.387784090909,66.97406942932456,44.90632548744618,1.323394153801678,False,51.856358515428596,1.4914172714498215
Batch_3,img_x7u69zsw,32,1750.0,301.4937142857143,744.672,81.80512561149021,33.29563706441193,0.5287857037945738,False,47.20348719413148,2.4569322837474012
Batch_3,img_x7u69zsw,33,1532.0,291.55874673629245,3867.860966057441,72.6728297563984,29.914198602112116,-1.4198367212688183,False,44.16563123667847,2.429375786495824
Batch_3,img_x7u69zsw,34,2813.0,349.3583362957696,254.2833274084607,111.8481624398646,39.225027274618085,0.3412203673501431,False,59.84666105423103,2.8514489399027094
Batch_3,img_x7u69zsw,35,984.0,310.5670731707317,5954.572154471544,54.939885044941455,23.95232582866037,0.07416532828725225,False,35.39587139793849,2.293718173255753
Batch_3,img_x7u69zsw,36,9293.0,370.94716453244376,4343.225223286345,137.70534795512953,90.57206868987896,0.45293999608131713,False,108.77598581131714,1.5203953045020546
Batch_3,img_x7u69zsw,37,44949.0,437.85176533404524,4511.537075352066,280.62289896838564,210.605678535013,0.0628112939970502,False,239.22968941229018,1.332456469931946
Batch_3,img_x7u69zsw,38,16564.0,376.89936005795704,6058.9760927312245,210.30545531388483,107.29355955533549,-1.1074980860314956,False,145.2237577636429,1.9600939346729576
Batch_3,img_x7u69zsw,39,890.0,340.30337078651684,2713.1348314606744,59.05766088405221,19.930047799335206,1.4902304662627943,False,33.66278649806482,2.9632473277872498
Batch_3,img_x7u69zsw,40,2666.0,367.78432108027005,843.1710427606902,68.32491958889754,58.30331200378954,0.6229853100096486,False,58.261965520088175,1.1718874492834408
Batch_3,img_x7u69zsw,41,9559.0,420.43707500784603,3719.6604247306204,150.36572283773765,85.87465734274552,-0.7965283664985872,False,110.32178754952903,1.750990658834229
Batch_3,img_x7u69zsw,42,430.0,386.5604651162791,3404.6209302325583,27.02786945142701,21.82790884274478,0.19270272370384986,False,23.398568422792877,1.2382253218182468
Batch_3,img_x7u69zsw,43,7749.0,435.7728739192154,752.2098335269067,157.03114659039935,74.5554062374465,0.6910355716212587,False,99.32941775804777,2.1062342023901177
Batch_3,img_x7u69zsw,44,108.0,387.1759259259259,1168.3425925925926,15.636152309664846,8.991180723246034,-0.5649825448685013,False,11.726460285670077,1.7390543901802273
Batch_3,img_x7u69zsw,45,115.0,387.4,1148.3739130434783,13.903176137961612,10.71489923786365,-1.543839671142154,False,12.100518486599809,1.2975554719946807
Batch_3,img_x7u69zsw,46,4409.0,450.963710591971,3424.8847811295077,105.85491706710974,55.05561627063102,0.25851692443398827,False,74.92471656761427,1.9226906215483996
Batch_3,img_x7u69zsw,47,6552.0,443.2715201465202,293.20802808302807,126.8724211737247,67.39309563936699,-1.1465358506933598,False,91.3360032906235,1.88257298422145
Batch_3,img_x7u69zsw,48,90.0,411.93333333333334,6403.866666666667,12.085636418719044,9.673770557490826,-1.506938163582334,False,10.704744696916627,1.2493201432569232
Batch_3,img_x7u69zsw,49,877.0,433.80273660205245,6366.893956670468,38.33085350470892,33.208785203409946,-0.6477502881606598,False,33.416030295843605,1.1542383519880466
Batch_3,img_x7u69zsw,50,161.0,443.1801242236025,2507.968944099379,22.609000463127742,9.629169799544934,-0.7020157841708806,False,14.317526556719258,2.347969859685746
Batch_3,img_x7u69zsw,51,969.0,462.66769865841076,836.7739938080496,49.50769348562134,30.473147201746592,1.2826063370228489,False,35.1250497344612,1.624633424236003
Batch_3,img_x7u69zsw,52,693.0,475.2784992784993,6060.679653679654,36.77720268423609,26.175239626448835,0.2653187064890793,False,29.70446102021492,1.4050378605540814
Batch_3,img_x7u69zsw,53,10853.0,556.2933751036579,5177.517184188703,168.32559344896697,90.0733368328028,0.003383254306566142,False,117.55198330530507,1.8687616043515596
Batch_3,img_x7u69zsw,54,7575.0,531.0934653465347,3483.0813201320134,131.50378911341414,74.88244614289685,-0.8157255164285723,False,98.20788945583169,1.756136396271935
Batch_3,img_x7u69zsw,55,3495.0,554.1021459227468,3083.8091559370528,111.99207239364567,41.616774705628266,-0.22397854526064673,False,66.70811201682591,2.6910319981740396
Batch_3,img_x7u69zsw,56,81.0,508.1604938271605,6196.320987654321,11.676837563181582,8.936576972018617,0.2631608717350441,False,10.155412503859614,1.306634251542063
Batch_3,img_x7u69zsw,57,11761.0,565.9897117592042,5882.383980954,145.69778095618057,114.74506006049153,1.3126576511725656,False,122.37062672729208,1.269752099823481
Batch_3,img_x7u69zsw,58,574.0,532.6881533101046,3548.745644599303,44.01167589248626,18.190764491152336,-0.32174238174001657,False,27.034043328329254,2.419451690108613
Batch_3,img_x7u69zsw,59,5831.0,573.8103241296519,4353.04596124164,100.22497541281756,81.70155056289086,-0.48363771564631275,False,86.16414442998163,1.2267206034929294
Batch_3,img_x7u69zsw,60,5024.0,552.4006767515923,4257.325437898089,92.66051749034389,75.2581183643696,1.5625666972858128,False,79.97971913397457,1.2312361709831605
Batch_3,img_x7u69zsw,61,228.0,536.2719298245614,4328.271929824561,27.206618667699455,13.29405430035813,-0.4989866368606588,False,17.03815178355966,2.0465253152280667
Batch_3,img_x7u69zsw,62,94.0,539.9787234042553,6993.340425531915,24.89589843907975,6.225616198017949,0.03978849734133148,True,10.940041919714261,3.9989452685833515
Batch_3,img_x7u69zsw,63,938.0,546.1673773987206,304.57889125799574,86.33147907659124,14.77043835343834,1.51333847139767,False,34.558626896356614,5.844882664331661
Batch_3,img_x7u69zsw,64,16887.0,619.6674957067567,681.4169479481258,279.11707570412284,80.69713705063887,-1.3164574670063953,False,146.63286191008717,3.458822529589519
Batch_3,img_x7u69zsw,65,407.0,584.7911547911548,5106.751842751843,23.665493121294332,22.11852890309164,1.0231252363241161,False,22.764193258431348,1.0699397426013475
Batch_3,img_x7u69zsw,66,7637.0,638.7612937017153,1508.260704465104,157.80531224437735,65.19879186168127,0.8502523551367087,False,98.60897729488141,2.420371723745435
Batch_3,img_x7u69zsw,67,2944.0,645.7248641304348,5972.068614130435,98.5108198576138,39.641673570038726,0.04695611858594399,False,61.224318858606495,2.485031810868563
Batch_3,img_x7u69zsw,68,2261.0,624.0176912870411,4148.699248120301,79.88870124267527,38.949086895946614,-1.4439675440282758,False,53.65439973241899,2.051105882304758
Batch_3,img_x7u69zsw,69,2770.0,653.5368231046931,2884.402166064982,90.93052874004248,42.884495902537545,0.005299840364209437,False,59.38748638321377,2.1203590441332896
Batch_3,img_x7u69zsw,70,4251.0,660.7859327217126,3131.2813455657492,108.99458250806529,57.888098303911136,-1.1234647942886977,False,73.56997556523433,1.8828495960576617
Batch_3,img_x7u69zsw,71,12440.0,733.1240353697749,6281.022909967845,159.93081426669187,107.35532115931385,-0.7874704264580248,False,125.85348599266301,1.489733462110897
Batch_3,img_x7u69zsw,72,27330.0,858.7917306988658,1916.282875960483,328.91656571725736,130.22798495226365,-0.44273421281954534,False,186.54124679976812,2.525698035163678
Batch_3,img_x7u69zsw,73,2696.0,789.6361275964392,3652.2385014836796,84.35552495489014,45.777308091475,0.08940371077465302,False,58.58885399635325,1.8427366848729025
Batch_3,img_x7u69zsw,74,43690.0,919.7536964980545,203.17470817120622,259.9519991138432,234.02820546068372,-0.0541860962474231,False,235.85553991687212,1.1107720909201033
Batch_3,img_x7u69zsw,75,1171.0,823.469684030743,2272.995730145175,46.8692492338745,34.523023909772306,0.6615533059396744,False,38.61299660586932,1.3576229404576403
Batch_3,img_x7u69zsw,76,51116.0,901.5178808983488,1640.5473237342514,368.6386988030618,190.98789507800538,1.510009405327755,False,255.11352878411324,1.9301678708616496
Batch_3,img_x7u69zsw,77,7989.0,847.5314807860808,6461.025785455001,123.37925696255587,84.25234850989077,-1.4420329102147482,False,100.85589086855173,1.4644013982360602
Batch_3,img_x7u69zsw,78,11496.0,942.2126826722338,4820.9989561586635,155.45855267552466,135.63611142833477,-1.0256058944173194,False,120.98413865575698,1.146144275580057
Batch_3,img_x7u69zsw,79,1014.0,909.4092702169626,2384.8816568047337,63.13719631780931,24.71991806696192,1.2342674722782179,False,35.93139154501889,2.5541021676035385
Batch_3,img_x7u69zsw,80,8756.0,950.953403380539,2968.474874371859,123.94473367709313,96.84513994811155,-0.47909179865305207,False,105.58638858158321,1.2798239926495145
Batch_3,img_x7u69zsw,81,4209.0,966.7096697552863,525.6127346162984,117.36342168435962,51.42732170513849,-0.7693272306227189,False,73.20563669411189,2.2821219887216673
Batch_3,img_x7u69zsw,82,617.0,962.7504051863857,585.3176661264182,38.97717919187095,22.526546568680253,-1.4684577858536878,False,28.02835705319874,1.7302776114854113
Batch_3,img_x7u69zsw,83,5352.0,1010.3041853512706,3582.3675261584453,103.04247671037551,74.93983268876464,-0.7368251863960089,False,82.54924617113467,1.375002759057723
Batch_3,img_x7u69zsw,84,1242.0,1011.0281803542673,2372.157809983897,45.883483715683234,37.782602158804494,0.9613148309227919,False,39.76636159571394,1.2144077192679803
Batch_3,img_x7u69zsw,85,1612.0,1042.386476426799,1287.8703473945409,55.51172540817881,38.318218107023306,-0.16664505667398988,False,45.30410738678208,1.4487032056953641
Batch_3,img_x7u69zsw,86,637.0,1057.8194662480378,3409.335949764521,44.84172014721886,20.496917538771648,0.8014749297941535,False,28.479002615897535,2.1877299385332925
Batch_3,img_x7u69zsw,87,360.0,1064.6166666666666,3383.8777777777777,32.11107730447075,14.73543468425544,1.0138373027816923,False,21.409489393833255,2.179174078846882
Batch_3,img_x7u69zsw,88,17656.0,1234.316606252832,4452.5427616674215,185.16565532884923,129.90756834449093,-0.3224302693574031,False,149.93437698487972,1.4253646472530688
Batch_3,img_x7u69zsw,89,1734.0,1176.7404844290656,2638.578431372549,83.05529585275862,27.554799545595294,1.4979354957112805,False,46.987204328101626,3.0141861752732373
Batch_3,img_x7u69zsw,90,7151.0,1285.747028387638,4202.220668437981,169.24426379052903,59.264364180576365,-0.9197399188007985,False,95.41978822236585,2.855750941237603
Batch_3,img_x7u69zsw,91,298.0,1243.9026845637584,5251.140939597315,29.706951767317353,13.990678248844697,-0.10793629625039945,False,19.47884453275087,2.1233389288879154
Batch_3,img_x7u69zsw,92,3156.0,1292.5592522179975,4272.774714828897,97.57805671954016,46.055533438351155,-0.5208296048226932,False,63.390409394356915,2.1187042996723906
Batch_3,img_x7u69zsw,93,36185.0,1346.8970567914882,6884.438634793422,240.14970652578145,208.6617113632826,-0.37342028753307227,True,214.644293952208,1.1509045188826132
Batch_3,img_x7u69zsw,94,1347.0,1262.5835189309578,2773.9012620638455,61.43823025291903,33.17092285309769,-0.6665191284909406,False,41.41320642932957,1.8521712683426765
Batch_3,img_x7u69zsw,95,10107.0,1337.0653012763432,5955.190462056001,164.353575564486,86.81256055576262,-0.8569139193252121,False,113.43999329442103,1.8932004137686527
Batch_3,img_x7u69zsw,96,14714.0,1346.2592768791626,3448.0165828462686,156.117498518128,124.99449095451739,-0.34800737472416937,False,136.87383483059568,1.2489950343086365
Batch_3,img_x7u69zsw,97,58930.0,1469.7938740879008,2892.4013914814186,371.6078971680209,227.04004464785257,-0.36650310537583486,False,273.91970789127816,1.6367504584682335
Batch_3,img_x7u69zsw,98,1136.0,1293.8838028169014,5390.111795774648,65.82030036216905,23.24435905673692,1.4218189660415876,False,38.03156745151513,2.8316676833940204
Batch_3,img_x7u69zsw,99,1023.0,1310.2463343108504,3607.7292277614856,50.43627827158067,31.507089828733157,0.41717347741068334,False,36.09049811604256,1.6007913947541064
Batch_3,img_x7u69zsw,100,2579.0,1322.3326870880187,5805.244280728964,63.77089459815958,58.04332324049815,-0.47594984209399244,False,57.30344479934853,1.0986775228897503
Batch_3,img_x7u69zsw,101,1036.0,1342.3137065637065,1453.9671814671815,77.76788091019614,17.26561775456896,-0.956997439638025,False,36.319088209172165,4.50420494740865
Batch_3,img_x7u69zsw,102,1655.0,1361.0682779456192,2434.374018126888,80.7720307378395,28.93610114625518,1.4226304816727673,False,45.90437284765684,2.791393019038184
Batch_3,img_x7u69zsw,103,2113.0,1367.466635115949,1834.3043066729767,71.993052712998,37.85636427701053,1.4305810414906917,False,51.86863366260383,1.9017423909542748
Batch_3,img_x7u69zsw,104,12447.0,1408.973889290592,2655.046436892424,173.9154216203457,96.65203707589704,-1.2098556420050395,False,125.88888995188802,1.7993973731125479
Batch_3,img_x7u69zsw,105,13142.0,1443.1831532491249,5332.314335717547,152.14898841784864,121.83564444472773,-1.4747973369114646,False,129.35576561139248,1.2488052171536133
Batch_3,img_x7u69zsw,106,88.0,1370.5568181818182,2591.0227272727275,11.376584236213052,9.85184593395732,-0.9520365541598542,False,10.585134856802455,1.1547667627444587
Batch_3,img_x7u69zsw,107,165.0,1374.8545454545454,2812.030303030303,24.176313198109245,9.236354861604305,-0.9948936863251091,False,14.494292838262302,2.617516710906228
Batch_3,img_x7u69zsw,108,217.0,1407.6405529953918,5566.442396313364,21.392116712524174,13.053553771456082,0.29649944689839436,False,16.622063085174787,1.6387963835030002
Batch_3,img_x7u69zsw,109,4809.0,1477.2555624870035,6005.120191307964,131.462217789048,52.07962070789476,0.4500650724792306,False,78.2496579585585,2.5242545164911236
Batch_3,img_x7u69zsw,110,5105.0,1475.4787463271302,1477.5706170421156,108.57218979444946,62.921903554530196,-0.9591929119778893,False,80.6218821156701,1.7255070756140938
Batch_3,img_x7u69zsw,111,279.0,1463.358422939068,2771.569892473118,23.88195178152794,16.08776674269676,0.3993540950284217,False,18.847647942942654,1.484478993479281
Batch_3,img_x7u69zsw,112,12302.0,1578.9639083075922,5469.1959031051865,194.33657535839342,84.50825872918561,-0.021470453375449988,False,125.15347729620609,2.2996163721839613
Batch_3,img_x7u69zsw,113,323.0,1530.390092879257,5979.303405572756,51.665226131639436,9.97013448132248,0.9661762691473728,False,20.279456919490165,5.181998921722302
Batch_3,img_x7u69zsw,114,334.0,1531.2305389221558,5403.775449101797,28.020581663878918,17.393423463336887,-1.5570265175725553,False,20.62188177498708,1.6109871482714557
Batch_3,img_x7u69zsw,115,7224.0,1573.7450166112956,1492.6443798449613,139.86032210144046,71.96253799053704,1.1602616929029101,False,95.90559144891822,1.94351569590044
Batch_3,img_x7u69zsw,116,1874.0,1584.351120597652,5613.891141942369,68.56787909014582,42.28553025505268,-0.14626618425563936,False,48.84722005225778,1.6215447382725603
Batch_3,img_x7u69zsw,117,881.0,1570.3257661748014,1309.9023836549375,42.49488932921672,28.973317428644798,-1.3140515456411144,False,33.49214891450948,1.4666904966568883
Batch_3,img_x7u69zsw,118,2108.0,1579.5042694497154,161.28225806451613,88.48519248377117,33.11212155185077,1.0934749132367656,False,51.807228842138656,2.672290035696169
Batch_3,img_x7u69zsw,119,2106.0,1657.1965811965813,1352.1144349477684,134.91611141734003,26.054334437567274,-0.2829610297934532,False,51.782646525764335,5.178259753310257
Batch_3,img_x7u69zsw,120,1711.0,1631.5867913500877,1314.3226183518411,85.56599659255652,29.578075930169376,-0.8579342213778086,False,46.67454189429033,2.892885825114809
Batch_3,img_x7u69zsw,121,732.0,1637.4275956284152,1534.8415300546449,39.92733943076811,25.666408144992996,-0.8969686882658232,False,30.52886088189566,1.5556262958655216
Batch_3,img_x7u69zsw,122,8137.0,1692.5810495268527,3724.4319773872435,163.46468364040595,77.97440495141623,-0.32682413183653575,False,101.78580537339192,2.0963889848503037
Batch_3,img_x7u69zsw,123,89839.0,1838.513585413907,6454.542904529213,365.00914606074736,319.88754182389283,0.8190598907293057,False,338.2108328535062,1.1410545843066788
Batch_3,img_x7u69zsw,124,456.0,1692.1600877192982,3665.0811403508774,39.30990577685977,17.173167234083586,-0.7053980091704316,False,24.095585330081406,2.289030627899634
Batch_3,img_x7u69zsw,125,254.0,1698.1653543307086,4492.818897637795,21.237516608709356,15.267875051068332,0.13326775528331447,False,17.983404693292407,1.3909936083229417
Batch_3,img_x7u69zsw,126,66366.0,1836.4380706988518,5469.8456438537805,320.1701743121922,280.7919522438969,-0.4030636792324782,False,290.68851994169603,1.1402398528647688
Batch_3,img_x7u69zsw,127,79701.0,1865.7562765837317,540.95560908897,364.0749491116744,282.64660377216757,-1.0797489628695565,False,318.5568472893609,1.2880924244366425
Batch_3,img_x7u69zsw,128,9500.0,1820.460947368421,1016.3538947368421,180.11299377140526,72.98764386240573,0.3552676248624508,False,109.98079684646791,2.4677189759810476
Batch_3,img_x7u69zsw,129,626.0,1758.8594249201278,1291.070287539936,30.781044929828415,27.70389589720542,-0.5414479199815012,False,28.2320377409108,1.1110727907742894
Batch_3,img_x7u69zsw,130,247.0,1779.9271255060728,6269.63967611336,23.863211609416076,13.627052823429798,-0.8188656708596681,False,17.733870630789692,1.7511645341527293
Batch_3,img_x7u69zsw,131,3086.0,1862.6623460790668,1236.2206740116656,124.47605305231832,34.20013752880604,-0.23083357192167447,False,62.68346859462,3.63963603793917
Batch_3,img_x7u69zsw,132,13100.0,1873.1412213740457,769.3346564885496,150.61019191453806,116.43547303867705,-0.6233189860330414,False,129.148898702353,1.293507794351546
Batch_3,img_x7u69zsw,133,5556.0,1892.8419726421887,5670.099712023039,90.91917713957986,83.4973899745633,0.6547852127991237,False,84.1077815100872,1.08888645701713
Batch_3,img_x7u69zsw,134,7854.0,1884.6171377641965,6082.638655462185,159.7568312691335,64.39814651665569,-1.131671297810663,False,100.00011692168148,2.480767536187002
Batch_3,img_x7u69zsw,135,12306.0,1943.4255647651553,5311.374614009426,238.93938987069927,69.33994214864948,0.6007765997576087,False,125.17382249300735,3.4459127375454988
Batch_3,img_x7u69zsw,136,210.0,1898.5190476190476,3533.1047619047617,22.873596168001285,11.80508575108044,-1.0890931182515005,False,16.351767622932517,1.9376052533890165
Batch_3,img_x7u69zsw,137,1339.0,1908.2038834951456,880.5354742345033,49.35494947773866,36.914789924977086,-1.3275016227182326,False,41.29004420438882,1.336996623251657
Batch_3,img_x7u69zsw,138,348.0,1922.066091954023,4733.479885057472,38.09310228555709,12.831807592826362,-1.3836836223450826,False,21.049640414216977,2.9686466236333753
Batch_3,img_x7u69zsw,139,5207.0,1962.9602458229306,4608.321682350682,132.71554794388095,56.83534732712335,-1.4895921360716153,False,81.42332779637536,2.335088183415491
Batch_3,img_x7u69zsw,140,3505.0,2002.9155492154066,5801.903281027104,157.0264105770751,30.13092355982553,0.6382220202951852,True,66.80347748655564,5.211470211502018
Batch_3,img_x7u69zsw,141,731.0,1956.5088919288646,3024.886456908345,65.63549520090334,14.794301583859733,-1.238586203456805,False,30.508000708034015,4.436538949057944
Batch_3,img_x7u69zsw,142,4123.0,2010.4889643463498,5224.077128304632,119.40651358163372,48.57937684721455,0.6146170637971133,True,72.4538932214348,2.4579671731314163
Batch_3,img_x7u69zsw,143,973.0,1977.9249743062692,2964.2538540596092,77.5594467307938,22.778142448976112,-1.4930702622406389,False,35.197472594311556,3.40499436705736
Batch_3,img_x7u69zsw,144,778.0,2005.3701799485862,4022.6658097686377,45.882816347361036,25.566507680525294,0.2607595243970944,False,31.473486711896992,1.7946454369405809
Batch_3,img_x7u69zsw,145,4276.0,2019.0002338634238,3121.25561272217,94.1061541087934,62.94645898122513,0.9175844670367085,True,73.78598981708896,1.495019030965065
Batch_3,img_x7u69zsw,146,1715.0,2027.8297376093294,5725.1276967930025,80.08955742979063,30.949302762052376,-0.4285988155591307,True,46.72906824687182,2.58776612983961
Batch_3,img_x7u69zsw,147,1320.0,2043.860606060606,4431.254545454545,68.83215554466881,28.59686551928634,1.3392772790251672,True,40.99605101775554,2.4069825239499387
Batch_3,img_x7u69zsw,148,177.0,2040.045197740113,4076.0225988700563,16.63522851332894,13.86362387716612,-1.34364692473431,False,15.012108426804138,1.199919202996249
Batch_3,img_x7u69zsw,149,193.0,2044.8756476683939,4100.40932642487,24.23753632016688,12.091069349641916,-1.3525409073266978,False,15.67594437773643,2.0045816973901225
Batch_3,img_x7u69zsw,150,100.0,2052.17,5351.98,16.71883746338992,8.45763997062713,-1.431565132821437,True,11.283791670955125,1.9767733695751333
Batch_3,img_x7u69zsw,151,38.0,2053.5,5874.763157894737,10.415401446990861,4.800308157232395,-1.5090370644720692,True,6.955796338302048,2.169736005655902
Batch_3,img_xgj4xftb,1,737.0,22.407055630936227,3663.8724559023067,52.31379566412904,19.44640639492496,0.2669681432495433,True,30.632948674096244,2.6901523398061693
Batch_3,img_xgj4xftb,2,121.0,60.65289256198347,4312.330578512397,17.572510780852802,10.096724041744965,-1.4813889003719944,False,12.412170838050638,1.7404170608406404
Batch_3,img_xgj4xftb,3,89.0,95.17977528089888,3861.3370786516853,13.110586217679288,9.003242149386711,1.4021356641297165,False,10.645107772184812,1.4562072195928177
Batch_3,img_xgj4xftb,4,11741.0,136.16548845924538,1479.2372881355932,229.0834024245926,70.23039511784597,1.4543713634986253,False,122.26653464761135,3.2618840039301036
Batch_3,img_xgj4xftb,5,15088.0,178.7591463414634,4276.203340402969,197.90859767933992,100.98870298455333,1.1430719115530932,False,138.60244677120292,1.9597102629351615
Batch_3,img_xgj4xftb,6,12857.0,197.60706230069223,1692.4545383837599,148.92866580513865,116.57499621999868,1.174365313885041,False,127.94546035971729,1.2775352402678408
Batch_3,img_xgj4xftb,7,732.0,158.7622950819672,3884.006830601093,39.52379206672666,26.029051158098227,1.0666316989724614,False,30.52886088189566,1.5184492061067663
Batch_3,img_xgj4xftb,8,14015.0,266.90160542276135,528.9580449518373,221.65965134105284,112.67854467469326,-1.198311795509787,False,133.58312849856193,1.9671859623408494
Batch_3,img_xgj4xftb,9,576.0,204.73090277777777,1947.5034722222222,51.02672641959721,16.281480497192018,1.0979768996937664,False,27.081100010292303,3.13403479667574
Batch_3,img_xgj4xftb,10,46857.0,312.49727895511876,1535.9654907484473,291.95659948469955,214.86149717206794,1.1000737438280577,False,244.25434560649177,1.358813018280755
Batch_3,img_xgj4xftb,11,63401.0,360.17058090566394,2345.7948455071687,389.2250885905476,217.99780858934847,0.8670422520746142,False,284.12085522846445,1.785454134191537
Batch_3,img_xgj4xftb,12,913.0,232.62541073384446,124.19934282584884,87.2212824279761,13.778830623719463,1.3770662836222327,False,34.09498063268556,6.330093228508789
Batch_3,img_xgj4xftb,13,8658.0,255.13028413028414,6829.422037422038,183.97683287951153,62.62690214042508,-1.5412619165820753,False,104.99384733553218,2.9376645912804333
Batch_3,img_xgj4xftb,14,1291.0,259.3880712625871,1957.9914794732765,50.68291741207207,35.402531906116394,0.495107599553143,False,40.5432146265327,1.4316184375308967
Batch_3,img_xgj4xftb,15,181.0,312.5524861878453,482.121546961326,22.894951690126447,10.59679729459293,-0.9807577314874955,False,15.180789096653193,2.160553896959859
Batch_3,img_xgj4xftb,16,13844.0,366.47002311470675,5470.2508668015025,180.56101204264678,100.27500086130753,-1.1521427571370406,False,132.7656893075677,1.8006582946070928
Batch_3,img_xgj4xftb,17,81.0,319.962962962963,4318.395061728395,16.020881640113213,7.260403422655311,-0.2681796750015864,False,10.155412503859614,2.2066103916652575
Batch_3,img_xgj4xftb,18,40923.0,478.6628057571537,5251.992351489383,260.83411087743514,210.19465419406185,0.5014535865288379,False,228.26471888839296,1.2409169580336734
Batch_3,img_xgj4xftb,19,744.0,409.122311827957,1025.6948924731182,39.084922593055374,30.008873461588983,-1.4724533802239967,False,30.77808020788433,1.3024455130941064
Batch_3,img_xgj4xftb,20,89.0,415.55056179775283,4190.337078651685,15.295726059402718,8.292537474959355,-1.2285217679490612,False,10.645107772184812,1.8445169654753582
Batch_3,img_xgj4xftb,21,96.0,432.3645833333333,1559.15625,16.01733865970701,7.826930080336571,-0.990091072413573,False,11.055812783082736,2.046439471836733
Batch_3,img_xgj4xftb,22,21168.0,598.8672996976568,4664.101284958428,308.2770734772084,91.67653835114844,-0.6505904169316777,False,164.1704439993811,3.3626604911325884
Batch_3,img_xgj4xftb,23,31041.0,572.7565477916304,2743.6220804742115,269.1864708888555,158.1053231748987,1.2232083276168295,False,198.80298968608142,1.7025768992678194
Batch_3,img_xgj4xftb,24,216.0,486.875,302.7175925925926,18.049797462635595,15.741342368705647,-0.9518581305840631,False,16.583719174624104,1.1466491891135815
Batch_3,img_xgj4xftb,25,248.0,529.7459677419355,4457.512096774193,22.713247242331455,15.367833756939811,-0.5772767479757052,False,17.769732893161912,1.4779732525460592
Batch_3,img_xgj4xftb,26,890.0,592.2696629213483,6538.157303370786,89.80514335551526,13.75460604234589,0.5990935105830386,False,33.66278649806482,6.529096004570024
Batch_3,img_xgj4xftb,27,3894.0,627.449666153056,4754.987159732922,84.3235998638405,61.62358953905467,-0.9321851292926755,False,70.41302995326024,1.3683655965934836
Batch_3,img_xgj4xftb,28,5439.0,659.0967089538518,2944.120426548998,125.24192200368678,57.20003133672433,0.2108449435275377,False,83.2174854451548,2.1895428914437898
Batch_3,img_xgj4xftb,29,1646.0,626.821992709599,5282.624544349939,88.30841480191467,24.252392685376183,-1.2177105379284268,False,45.779387180630515,3.6412248452155103
Batch_3,img_xgj4xftb,30,3350.0,657.1194029850747,5334.473134328358,132.2124546781242,45.33826102597106,-1.114790021231863,False,65.30966601401967,2.916134224962645
Batch_3,img_xgj4xftb,31,327.0,647.2018348623853,2984.440366972477,30.200017131610153,16.41276061676083,0.46214961579565006,False,20.404639941160397,1.8400327548047994
Batch_3,img_xgj4xftb,32,648.0,654.1126543209876,1393.5833333333333,67.64972903136425,13.724448577718752,0.911973534812647,False,28.723844188903154,4.92914004145796
Batch_3,img_xgj4xftb,33,638.0,658.0564263322884,1955.5548589341693,38.84981079565224,22.150185637116955,0.5539777164347611,False,28.501347854812654,1.7539270971414256
Batch_3,img_xgj4xftb,34,433.0,648.8660508083141,5057.7274826789835,34.45276744155411,16.474568098136043,-1.1083821230544653,False,23.480049464818542,2.0912698430893704
Batch_3,img_xgj4xftb,35,18378.0,755.2586244422679,5109.039122864294,164.10398207143606,148.92974901948162,0.59416833783601,False,152.96926604106727,1.1018885290001361
Batch_3,img_xgj4xftb,36,1267.0,725.6345698500395,5668.935280189424,64.56272179779882,28.174151277343583,-0.25050401628677293,False,40.16459265546523,2.291558711467462
Batch_3,img_xgj4xftb,37,3758.0,802.8834486428951,5720.578499201703,180.10720299523172,35.3867731418133,0.13120492314028195,False,69.17249604513879,5.089675802691813
Batch_3,img_xgj4xftb,38,2541.0,764.81031090122,6491.865407319953,103.75964677088088,40.32492608326951,-0.879873822803196,False,56.87971240409051,2.5730895713638997
Batch_3,img_xgj4xftb,39,24606.0,836.0822157197432,4698.656628464602,260.83632274478725,126.48950705824777,-0.9963902558610882,False,177.00093852223895,2.0621182642815854
Batch_3,img_xgj4xftb,40,3794.0,828.4870848708487,3436.4201370585133,89.69732286830194,59.13482576655244,-1.1735775241854864,False,69.50302750762162,1.5168273805760686
Batch_3,img_xgj4xftb,41,4977.0,825.5895117540687,3844.8282097649185,180.1748464580766,45.82270482421702,1.5300710237273463,False,79.60473110404246,3.9319993690738064
Batch_3,img_xgj4xftb,42,596.0,816.253355704698,6482.1711409395975,38.08204127775747,20.618475675299386,-1.5214348911493818,False,27.547246117573295,1.8469862601617617
Batch_3,img_xgj4xftb,43,3610.0,867.9074792243767,4538.280332409972,107.74964877053772,51.38740493114858,0.06918154699115099,False,67.7967164138053,2.096810471649738
Batch_3,img_xgj4xftb,44,2983.0,875.5826349312772,4243.311096211867,87.48943161172237,44.3558803356068,0.4381917297026107,False,61.628512572874826,1.9724426829037591
Batch_3,img_xgj4xftb,45,79629.0,1022.0007283778523,1696.9021964359717,360.628692202857,295.1432090009343,0.2310845180892208,False,318.41292641429663,1.2218769777003928
Batch_3,img_xgj4xftb,46,184.0,881.3695652173913,3917.25,23.768182666387343,10.773214496251098,-0.3196755786902351,False,15.306079714651624,2.2062294104195437
Batch_3,img_xgj4xftb,47,167.0,901.9640718562874,472.8502994011976,16.663942157415534,13.416172867146253,-1.476184789481519,False,14.581872443920643,1.242078670454707
Batch_3,img_xgj4xftb,48,1974.0,970.1565349544073,508.9635258358663,69.31954446485392,42.25349732642227,1.25825470955959,False,50.1335702030806,1.6405634764227317
Batch_3,img_xgj4xftb,49,479.0,970.6534446764092,6848.747390396659,48.13064982286275,13.857500187488396,-1.205850166944886,False,24.695783889727878,3.4732562995971494
Batch_3,img_xgj4xftb,50,224.0,1008.4508928571429,514.6294642857143,21.983438134605336,13.212287641462986,0.8413684165666057,False,16.88803298257901,1.6638631197837839
Batch_3,img_xgj4xftb,51,3742.0,1049.3065205772314,6571.337252805986,105.89558170377055,46.00731815604914,0.9422593705015158,False,69.02508512417047,2.3017116830107422
Batch_3,img_xgj4xftb,52,389.0,1037.5064267352186,6504.421593830334,31.086307740564305,17.756421986213624,0.0752051722291411,False,22.255115881567058,1.7507078714788498
Batch_3,img_xgj4xftb,53,2167.0,1078.4937701892018,5204.4148592524225,107.70264696930379,27.55164084540007,0.7569838158181501,False,52.527231922509465,3.9091191545960307
Batch_3,img_xgj4xftb,54,446.0,1064.159192825112,1519.8699551569507,28.773150401284873,23.77970972838047,1.4181646098164233,False,23.829914749152643,1.2099874527461056
Batch_3,img_xgj4xftb,55,112.0,1065.6160714285713,6775.482142857143,15.616901680258676,9.660242754320363,-0.5925407088255638,False,11.941642642883693,1.6166158633305885
Batch_3,img_xgj4xftb,56,10118.0,1162.1887724846808,49.489227119984186,153.45704194248918,95.22880426599066,0.17386323883011995,True,113.5017079767101,1.6114561463342214
Batch_3,img_xgj4xftb,57,2409.0,1139.41801577418,149.07347447073474,78.31040305935181,41.148527816227855,1.1788356267831006,False,55.38261517179382,1.9031155478779567
Batch_3,img_xgj4xftb,58,328.0,1125.8536585365853,326.265243902439,22.585038398332234,20.600945066450887,1.222332372281841,False,20.435815879801165,1.0963107918341324
Batch_3,img_xgj4xftb,59,9553.0,1216.7412331204857,6556.453156076625,273.92863468178336,50.78217654197877,0.9805366959122289,False,110.28715868520237,5.394188538873318
Batch_3,img_xgj4xftb,60,145.0,1159.8896551724138,385.17931034482757,16.813434282124604,12.122046210730621,-0.03671855994684232,False,13.58748446131949,1.387012884610281
Batch_3,img_xgj4xftb,61,163.0,1225.1104294478528,24.539877300613497,21.554790413882934,9.844429069733168,0.6381161143080887,False,14.406180819073164,2.1895419491774724
Batch_3,img_xgj4xftb,62,453.0,1234.094922737307,4263.757174392936,35.62198269382443,18.73316758316228,-0.47638751887120856,False,24.016192740836935,1.9015461499336679
Batch_3,img_xgj4xftb,63,111.0,1269.972972972973,384.52252252252254,13.484933778734556,11.282283037972672,0.9902758041170603,False,11.888212206450685,1.1952309415876594
Batch_3,img_xgj4xftb,64,145.0,1338.6206896551723,2094.786206896552,14.95869276110935,12.590802498227227,1.443856393249438,False,13.58748446131949,1.1880650787124587
Batch_3,img_xgj4xftb,65,492.0,1360.4308943089432,2023.4634146341464,27.05621024644801,24.16528962597208,-0.1720976078338424,False,25.028660691489268,1.1196311182369965
Batch_3,img_xgj4xftb,66,115.0,1459.1478260869565,1990.3217391304347,21.8886780558401,9.10574860491299,0.6754085608162513,False,12.100518486599809,2.4038307014131823
Batch_3,img_xgj4xftb,67,28215.0,1544.6639021796916,1658.360659223817,266.9155869322533,139.62099721180485,-1.4543069853311044,True,189.5374732202121,1.911715230964457
Batch_3,img_xgj4xftb,68,864.0,1498.0914351851852,4105.445601851852,55.27499082222946,22.427533898684878,-0.2508402889912897,False,33.16743834924821,2.4646040475038906
Batch_3,img_xgj4xftb,69,3377.0,1516.6393248445365,6278.3038199585435,98.03130955484114,45.03219261021581,1.5211486105959282,False,65.57232604209374,2.1769161986707743
Batch_3,img_xgj4xftb,70,395.0,1563.6582278481012,732.9594936708861,27.22705106138325,19.126298435577322,-0.13021091465180892,False,22.42609239636699,1.4235400097458224
