batch,image_id,source,tile,frac_si,frac_graphite,frac_cbd,frac_pore,frac_gap,si_fraction_of_solids,cbd_fraction_of_solids,si_wt_pct_estimate,size_unit,si_count,si_count_per_mpx,si_ecd_d10,si_ecd_d50,si_ecd_d90,si_ecd_d50_area_weighted,si_aspect_ratio_median,si_nn_distance_median,si_fraction_particles_clustered,si_clustering_index,si_dispersion_index_w256,si_dispersion_random_sd_w256,si_dispersion_index_w512,si_dispersion_random_sd_w512,si_dispersion_index_w1024,si_dispersion_random_sd_w1024,si_contact_graphite,si_contact_cbd,si_contact_pore,si_contact_gap,si_debond_fraction,si_cv_w256,si_cv_w512,si_cv_w1024,si_profile_rel_slope,porosity_profile_rel_slope,cbd_profile_rel_slope,si_grey_median_n,si_grey_iqr_n,graphite_ecd_d50,graphite_aspect_ratio_median,graphite_alignment,graphite_alignment_coherence,graphite_alignment_angle_deg,si_crack_density,graphite_crack_density
Batch_1,img_4ih2ggld,rule,0,0.11282196954700577,0.6339204765901515,0.13230741212893826,0.12095014173390449,0.0029722549943385617,0.12834535889641616,0.1505118405796816,13.17967262651674,px,105,25.981249950511906,7.399277020331919,15.389040103942165,122.34338736081887,278.2204128423617,2.1772638622820253,79.62475935208953,0.3047619047619048,1.1933430052570466,1.0278409911457032,0.09155699475071033,1.0940368662614348,0.16559250665480632,1.7410859471657392,0.7260135304754927,0.6935033475759513,0.20638899168993707,0.08187262389395418,0.018235036840157454,0.004560755782386796,1.3544360121572263,0.8264932002049644,0.4080121116854144,0.25987830521211697,-0.7803542419341157,0.21455084519151693,1.6524693965911865,0.09574669599533081,50.81466123790368,1.585506364226196,0.1041054625781367,0.10562389067196111,-4.863459724324083,31.36267534586671,47.53482849326147
Batch_1,img_4ih2ggld,rule,1,0.09285278083504232,0.6762211682357692,0.11338687615307262,0.11753917477611586,0.0030680144584418773,0.10522028647728943,0.12848941608745734,10.812693239641508,px,107,26.476130901950228,7.828871692050482,15.347615963921077,107.5359915122035,210.87411197175334,2.0329106820906024,80.94236459239842,0.37383177570093457,1.0342530334648723,1.0894736103674045,0.06934576846674538,1.2672036849882875,0.16675379365108703,3.250730577597853,0.6927166164845873,0.7050764349581771,0.19323262186328238,0.08218560715315835,0.019505336025382174,0.006233078166695884,1.8256565309530364,1.0839836795412987,0.7272178232783946,-0.2344039051245938,-0.21384168144595603,-0.06845876005871063,1.6723294258117676,0.12037861347198486,47.01429409935071,1.6031221751260332,0.12895921802399274,0.13703627002868143,9.884913812893164,31.81853309633767,49.581684269689234
Batch_1,img_4ih2ggld,rule,2,0.06235252547647138,0.68569022036059,0.10656964360653401,0.14538761055640456,0.0023937391621071634,0.07296000648559127,0.12469938994907073,7.505022944492673,px,97,24.00172614475862,7.380953179748893,16.07692842495848,70.10482753907966,303.4857528567893,2.013243758752377,58.46969246918065,0.3711340206185567,1.3266125876060384,1.1000808318244102,0.04262387471260555,1.0974561587980045,0.13666028725311705,2.4429807149582654,0.801305124952648,0.728344379973855,0.18021695754879252,0.08013210100222462,0.011306561475127859,0.003284195748094665,2.2800012012999633,1.3033155607331741,0.8049033646692673,-2.647782960212839,-0.4140942996533874,0.46615869610579713,1.6246747970581055,0.11027640104293823,48.71668891775688,1.5940387084591088,0.1502604749011278,0.150428347467543,1.3535461053744018,25.794674391840946,42.45918274553504
Batch_1,img_4ih2ggld,rule,3,0.08226876192663093,0.6541848617896479,0.1221732400053843,0.1413731362783369,0.00275153808999707,0.09581433496040673,0.14228909572643958,9.848974751400645,px,115,28.455654707703516,7.569397566060481,15.512648837479231,110.0742799824046,165.87173756304034,2.0487391838310347,62.736667371411976,0.22608695652173913,1.1504475180123936,1.028822766648817,0.08325263965088513,1.2144430336515435,0.18543924940420445,2.8259310672397673,0.6940305443013428,0.689096987684645,0.2036468461092348,0.09299628151332173,0.014259884692798416,0.005397550342536849,1.4832883477051233,0.756425384492563,0.706275212789786,-0.12834388209172315,-0.3042012671159521,0.5084936178975038,1.6391645073890686,0.10385894775390625,50.38689327261977,1.642860946616334,0.08513149255312766,0.092467893498531,-11.488618165767203,30.07708757545589,51.56957372455705
Batch_1,img_4ih2ggld,learned,0,0.10643676807107283,0.5545076726342711,0.22171235737530978,0.11734320191934629,0.0,0.12058681052762599,0.251187503293948,12.385918744406151,px,67,16.57851187318379,7.294164798043585,13.446189622059965,145.820523708686,271.2690168227266,2.1174150685250486,80.39597806560818,0.14925373134328357,1.198038565288893,0.9342294105550705,0.06543325985339202,1.0034326273611454,0.17055833274322807,1.7309664811095646,0.6918394533068131,0.14367855276016453,0.8403218108679348,0.01599963637190064,0.0,0.0,1.3783131807450342,0.8428777735373478,0.3999345910987014,0.25456780879221136,-1.0413747892249374,0.23943983888532946,1.6504572629928589,0.09458088874816895,47.04117360222962,1.6390520963963329,0.11427952580216758,0.11507205677319846,-3.3641890405881143,28.08316149445195,23.77537624265163
Batch_1,img_4ih2ggld,learned,1,0.10378816521897492,0.587237119238596,0.19714226045782426,0.11183245508460485,0.0,0.11685651633314473,0.22196517040780137,12.004148185807479,px,88,21.77476186328617,6.863662517577698,11.831482128581012,130.5274742597023,223.0140872152361,2.123923601099751,68.59192924236602,0.125,1.3055921313852983,1.059574865564134,0.09307318098451722,1.134524367300009,0.19182764378781608,3.942923752816056,0.7106212495531986,0.15025154606375152,0.8391894847779833,0.010558969158265227,0.0,0.0,1.7618745014524226,0.9586072761313174,0.7640646050182394,0.24803754313605117,-0.2694129000270106,-0.14327229264269026,1.6631399989128113,0.12272578477859497,52.997791072029656,1.7313396064520457,0.1626287178711906,0.1769464895388757,11.603720357050364,25.74818749448679,22.46711887431813
Batch_1,img_4ih2ggld,learned,2,0.06648973023049576,0.6013429584379182,0.18715927446493472,0.14500803686665137,0.0,0.07776649734440333,0.21890179385901953,7.998254047387815,px,83,20.537559484690366,6.501540780038768,11.994835078277376,77.5774391323234,294.98214136917807,2.0047910914523,62.80179090922687,0.1927710843373494,1.2044028283317434,0.9990053435393424,0.08072377291150165,1.049843107211319,0.17191293843167466,1.8012232285959946,0.7010262294814462,0.13182447795520477,0.856676162350051,0.01149935969474427,0.0,0.0,2.12262343375709,1.221539702415941,0.6727984639251656,-1.8815337146095104,-0.5505518157534042,0.08699180987880839,1.6271626949310303,0.12076103687286377,51.51146679359926,1.6314565459761992,0.1722189492665581,0.17221991929915248,0.09615221902015963,13.248483495217894,24.762853908625974
Batch_1,img_4ih2ggld,learned,3,0.08719827108390805,0.5598113117908355,0.21697981083670512,0.13601060628855122,0.0,0.10092516380245072,0.251137123228588,10.37269140505844,px,68,16.82595234890295,6.928156192084743,15.409585809855589,147.88066888882938,219.8139383277473,1.8669245989586587,66.32710872322733,0.19117647058823528,1.2207577088366655,1.067745221672328,0.06865194755884449,1.1463741598121444,0.18373674707293075,3.1154842625887897,0.7044941196257395,0.12306718509811014,0.857039515326883,0.01989329957500678,0.0,0.0,1.5087243459623456,0.7517705664942158,0.7392196079631382,-0.10343662038660283,-0.38026385299928095,0.4830664298468957,1.6405625343322754,0.10331690311431885,52.10122027431895,1.6787223828892632,0.12122152324008773,0.12933760626686414,-10.202722947624434,35.58446201912027,26.37013306176428
Batch_1,img_5n1q8atc,rule,0,0.0931201912709388,0.6815740977048674,0.14934065140535077,0.07596505961884299,0.002705945661485258,0.10077561702648113,0.16161797014271878,10.357369401202517,px,89,22.009611028348377,8.121134124619429,17.841241161527712,105.09468824151969,250.00665841342934,2.137671205208578,79.09185426196622,0.29213483146067415,1.1442247140463053,1.020455813671811,0.0690131792621196,1.0786955414800186,0.17794019179265722,0.9326145459171973,0.7003252444467638,0.7063771412068374,0.26055486363062036,0.021606108192992905,0.011461886969549286,0.0025862239156614615,1.816799256061552,1.144150861529006,0.014144384262675046,-0.034849767081652085,0.20660601976037846,-0.9720799325003968,1.6520453095436096,0.09888926148414612,50.51308788471822,1.640792470631558,0.047790969911217465,0.05023143901310284,8.966659698289828,21.829828256083537,52.06683567525243
Batch_1,img_5n1q8atc,rule,1,0.0786742201673324,0.6922381251966027,0.15322497680335376,0.07586267783271113,0.0023592324630386913,0.0851326077631249,0.16580325578022345,8.753863214410176,px,96,23.740704030578023,8.253291960271103,15.48817572801241,121.62536919720998,165.16403133234203,1.9230574224527819,68.67888304442592,0.2604166666666667,1.1999723886319715,1.1882558516539905,0.08572331250414067,1.4393989139861882,0.20910563418950093,2.2309779685999884,0.8010401227602367,0.6993247088281043,0.2684661785348458,0.019006790849425245,0.01320232178762472,0.0030311265338545477,1.3851603708215972,1.0988344134560364,0.4952746480211055,-0.0163099114739903,-0.7300412007907924,-0.35734626219275095,1.647208333015442,0.09806287288665771,44.65280282967967,1.602893153658032,0.09847855018567694,0.10052114001816673,5.785057438214088,28.91863177151766,53.32961797945481
Batch_1,img_5n1q8atc,rule,2,0.1425982914606666,0.6411325502857788,0.15644382059149964,0.059825337662055035,0.0027212781995050064,0.15167212771514765,0.1663986776696031,15.563877569811332,px,122,30.170478038859574,7.825741588368905,15.492102246634666,102.41626274286656,236.02552785831784,1.8407310567300057,58.27083111504742,0.28688524590163933,1.17299331994506,1.172179583840584,0.04717857010031789,0.9471208002667335,0.10819896042151846,0.2023385400622972,0.3815053170862339,0.6887598451475103,0.2643305299692965,0.028981444399946602,0.017928180483246563,0.005526745755487675,1.5521639884901008,0.8880544842615924,0.44697912502771175,1.1724776220348527,0.19561757095486418,-0.45622354765057654,1.6650358438491821,0.10533952713012695,45.416385396362884,1.5564996098485469,0.03711213758461787,0.03815676250902712,6.718895576044244,34.962184997823535,47.45153401683291
Batch_1,img_5n1q8atc,rule,3,0.09983609022258888,0.6907402351516734,0.1516699606893509,0.057753713936386786,0.002372339310055573,0.10595540857971471,0.1609663661535635,10.887989073412207,px,99,24.482601031533587,8.411029835029595,13.493452297211721,72.3440235216062,326.73153565086886,2.010968180707745,71.35773741587515,0.26262626262626265,1.150281499941878,0.9808046344064199,0.05426877456098917,1.2783522768585958,0.13221132286762363,1.1619997420985055,0.6592324170363174,0.6408659430448191,0.3122121199983979,0.03636800576761325,0.010553931189169703,0.002562290157271603,1.9091963350301848,1.310146508257662,0.08870537951209158,0.8652560733308939,0.8441887163098685,-0.38123849061662446,1.6977784633636475,0.2593693733215332,56.14749426968458,1.563241777147568,0.11204745427134197,0.11205138658549398,0.24000726626493585,40.97040915914056,47.50928883571095
Batch_1,img_5n1q8atc,learned,0,0.10237881854386392,0.599795038588536,0.21354788005404968,0.0842782628135504,0.0,0.11180123217171006,0.23320171552351093,11.486633500657947,px,56,13.84874401783718,6.955194078761813,27.329211153346805,167.44140938283977,244.001395716943,1.953881973439383,126.66486084449706,0.17857142857142858,1.162625017485471,1.0533881786369133,0.07202737402987061,1.0458163104241387,0.17643864973569048,0.8720405742856431,0.7143307197590109,0.1810175066542598,0.8160611109908896,0.0029213823548505766,0.0,0.0,1.6555595359681463,0.9781333927969064,0.36148685077489817,0.19523923512048727,0.08312659907138432,-0.5723820641967361,1.648551881313324,0.09759673476219177,53.117587921370685,1.7307404015051517,0.04186049476265768,0.049885446190727975,16.475691247571174,11.352986076891117,26.321605156131977
Batch_1,img_5n1q8atc,learned,1,0.09989296899266215,0.6041054601640878,0.20785406787071603,0.08814750297253399,0.0,0.10954948231024393,0.22794702931482486,11.256067536409047,px,58,14.343342018474223,8.010363594350553,41.90088252754357,159.32658465343118,158.552330702677,2.0361963772953406,100.88560810395855,0.13793103448275862,1.1833194130523124,1.1667063446895019,0.08410336419852023,1.3516987462786294,0.20381122794826503,0.4629876154970773,0.7672838709590085,0.13795753874278116,0.8610453280152893,0.000997133241929453,0.0,0.0,1.36186006647489,1.1008381981695432,0.1565004463489172,-0.05208171257933557,-0.8289366603544795,-0.340260677146813,1.6518783569335938,0.09837773442268372,45.191234248543154,1.6782638924603297,0.13647296662406383,0.14240930097038057,8.300761364189501,10.991840291531332,25.568872619855625
Batch_1,img_5n1q8atc,learned,2,0.18863992474196822,0.5173040056502876,0.22676329133207113,0.06729277827567309,0.0,0.2022498811505108,0.24312376493970558,20.721617777335908,px,72,17.80552802293352,7.329941575990218,38.30539839554914,215.59165796067572,254.48390165864976,1.8725675429653994,96.56510701043207,0.3055555555555556,1.1247686760754032,1.14477314491168,0.07765158785378493,0.6668042231512628,0.16388316652049506,1.70670927330737,0.5846705498574757,0.1477485727367683,0.8383007340210906,0.01395069324214111,0.0,0.0,1.2129350974412036,0.5541163254020945,0.28864046667231036,-0.14521199513764013,0.3008416752084913,-0.25695485994214057,1.6498750448226929,0.10132765769958496,54.39677106193454,1.6041031875088638,0.07498924277506752,0.07952058047762557,9.717739636349217,20.529600773989547,19.265556817616847
Batch_1,img_5n1q8atc,learned,3,0.10552124694091136,0.631250729532051,0.19488645019101375,0.06834157333602395,0.0,0.11326173189755308,0.20918229751739692,11.636162962057139,px,66,16.32173402102239,6.955796338302048,14.733741606452751,136.32220730731166,323.2939235243446,2.0636859246609864,93.725223260107,0.030303030303030304,1.1157683037201653,0.9680325146082189,0.06983895027441826,1.4024867714363354,0.1193109253740725,1.3327810692555595,0.631457088411245,0.135822099867097,0.8451917600151889,0.01898614011771407,0.0,0.0,1.8090694173107655,1.3450752832813688,0.11412106551540604,1.394614394011626,0.867329406719693,-0.036703085525434845,1.701593279838562,0.20304179191589355,55.46302137532856,1.6212306109521644,0.13554858747105036,0.13558124496084625,-0.6287933550552509,20.014295925661184,24.602549341235402
Batch_1,img_f1vzngrs,rule,0,0.07488874239437461,0.7107075578368875,0.16755656750552556,0.04684713226321224,0.002363290750364814,0.07856949806193635,0.17579191457859217,8.080641862906235,px,33,8.800337932976626,16.253893701973766,53.11778262628365,183.41446581124856,172.94412434475393,1.9057366831929363,114.96936741672594,0.06060606060606061,1.2808168476378068,0.9781667912289603,0.09045176575586308,0.977562262585335,0.19100130413997835,2.1170461905517794,0.7354724279088265,0.6242186612115013,0.37294010683032164,0.0,0.0028412319581770655,3.1700744967506735e-05,1.6590128556826904,0.9148095527006473,0.4447857309302911,1.9613329561639716,0.1341927782920642,-0.15273446240476665,2.284884452819824,0.13131976127624512,58.479895602016484,1.6169492621072585,0.1475347366203512,0.1476355852267917,1.0589410528664163,20.01267706946037,39.97672089577272
Batch_1,img_f1vzngrs,rule,1,0.05938041354121332,0.7548553864468396,0.13639163743887767,0.049372562573069476,0.002520896802437214,0.062464443170227306,0.1434753848553433,6.427482751985281,px,35,9.333691747096422,13.245761393962713,43.14482836218969,154.8298733442478,208.00163396017066,1.7368995648192027,146.93874340845778,0.0,0.9922938494885128,1.0069335592157147,0.08986908614257542,0.887671200376098,0.16562835728566802,0.3621444969827679,0.6491699360030823,0.6542188607894115,0.33980484181382314,0.0002701151365769659,0.005706182260188405,0.0,1.785175833332484,0.899186682710957,0.035390581751421436,1.2025955957305983,0.27431267034972373,-0.2969106858312248,2.3170166015625,0.18730497360229492,58.06494910407406,1.602907527379121,0.147237959585646,0.15911363668285627,11.138380444535429,19.041802144897336,36.60709270369982
Batch_1,img_f1vzngrs,rule,2,0.06376298183183568,0.727138322111569,0.14381965600812405,0.0652790400484712,0.0023704910268554313,0.06821606079652069,0.15386373278243595,7.018066383439493,px,40,10.66707628239591,16.421680562107532,43.73097491363374,159.48872118313957,159.48512904084302,2.002508870022437,105.92511415285568,0.1,1.0239106533338405,1.0418858711840513,0.08917465776959788,1.1218763370167097,0.2000136644292793,1.4870443382616565,0.7158532941209489,0.5769040281752146,0.4214450803433854,0.00022011886418666079,0.001430772617213295,0.0,1.6326455331508034,0.8860686687601332,0.31597740854955503,-0.817578540819345,0.8059479872143236,-0.7432381035307242,2.3063626289367676,0.11770153045654297,57.867257741592596,1.601928368460086,0.12054013135484862,0.1404800439646518,15.450343222510238,22.417211064733877,47.58195362538252
Batch_1,img_f1vzngrs,rule,3,0.05819370130479677,0.7443293822482784,0.1333768550045655,0.06410006144235939,0.0023139555225587327,0.062179404984769863,0.14251187494479256,6.398209195839735,px,32,8.533661025916729,13.33472921259431,57.029593166685444,151.29058120507526,152.46486273312243,2.0153783557695935,142.6976831539941,0.0625,1.0547090930020635,1.0273454086225335,0.0830688326175,0.7831333174761247,0.19111280267421313,0.28849657163870396,0.7522191672870813,0.722250412279589,0.2735316503869085,0.00028542433083851327,0.0039325130026639605,9.995335510095288e-05,1.6986653072133728,0.7614930389284259,0.081371762625809,0.8894328578496565,0.25437772499375466,-0.18444184903916974,2.2967164516448975,0.2010122537612915,55.783487228146086,1.5801434306854605,0.20366742680917144,0.2040941898633958,-1.852940297388567,13.381114298545493,40.70755622816295
Batch_1,img_f1vzngrs,learned,0,0.07389243746959884,0.7281362270977872,0.14543411800346467,0.05253721742914928,0.0,0.0779898048017239,0.1534985021879624,8.021165786735573,px,36,9.60036865415632,8.018542335050025,44.675010670863614,179.1406275325553,172.46492108413855,2.0261794629623813,117.50279622054231,0.05555555555555555,1.2023294037711407,0.9811278338783944,0.0913793761005708,1.000169071635916,0.19881275662489836,1.8800774432125837,0.7894373423405688,0.2568893181612387,0.7427183000814946,0.00039238175726660833,0.0,0.0,1.687508376551106,0.9365564361071084,0.44782024813439325,1.9696660061262796,0.1032892976032907,0.07899588373456713,2.2847009897232056,0.13248580694198608,56.68912250962746,1.7163248086184066,0.12914300216523636,0.1291958628515797,0.8195294012682307,16.38480471766888,29.06527454158832
Batch_1,img_f1vzngrs,learned,1,0.06975761202563512,0.7651131136768985,0.10917885913485745,0.05595041516260891,0.0,0.07389189418228556,0.11564949647603848,7.600662579477821,px,51,13.600522260054786,7.735777827895049,25.507359866510456,135.30673085159845,200.64218879746196,1.8693984666737948,94.24205834891274,0.21568627450980393,1.2810752554014624,0.995633545305173,0.09454381699213456,1.0998509339140659,0.15983425666415157,0.9710465774865662,0.7652834756633035,0.199426851984525,0.8004298610116063,0.0001432870038687491,0.0,0.0,1.7542890565427216,1.0282775094254584,0.1945689794423787,0.8228117717774881,0.3041337561361681,-0.14620227255120688,2.291178345680237,0.24344205856323242,58.762450981232575,1.7010863117033665,0.15620088322135614,0.17146245254506176,12.17861566811603,21.25536640658152,23.491982054077567
Batch_1,img_f1vzngrs,learned,2,0.06273414232439858,0.7111297073807634,0.15095726342558222,0.07517888686925578,0.0,0.06783381286790509,0.16322860851927914,6.978823179305779,px,40,10.66707628239591,14.652418993450953,41.026741807901146,157.60886951641504,157.45236478229964,1.9764282662773387,106.19529271376834,0.1,0.9846113603194889,1.0481844458518905,0.08646346903129166,1.0857798568889212,0.21586196095131413,1.3982437770995002,0.6945013885770666,0.18976384814244635,0.8101490109507073,8.714090684637058e-05,0.0,0.0,1.6493802512846598,0.8872576887857451,0.332193119098813,-0.802282369588289,0.8669875935173644,-0.7787916384045064,2.306905746459961,0.11857712268829346,55.34807658703198,1.674863884799795,0.1179775660621855,0.1376445983565885,15.502781135420035,21.849653976296953,30.277870903918572
Batch_1,img_f1vzngrs,learned,3,0.061941045202802456,0.754131625321079,0.11131094100680133,0.07261638846931723,0.0,0.06679117943497659,0.12002685795048533,6.871777265823731,px,35,9.333691747096422,12.61027137512,55.74923971408518,149.9007518318777,155.0567067986228,2.058194742094591,130.91937859926696,0.05714285714285714,1.1013279489334984,1.0789692411495018,0.11817845064650538,0.8282800186153157,0.2041105652964221,0.3678021997852402,0.6892317210923997,0.27142902987708994,0.7283784217451301,0.0001925483777799172,0.0,0.0,1.7516703496788433,0.7928443920499594,0.10275531561191034,0.9720730754540614,0.18223214627223772,-0.2810361256925825,2.279991626739502,0.23162126541137695,55.34731166300088,1.6501491719376493,0.2176415624599819,0.2177463092630001,-0.8886280809080097,13.604856417100788,27.985579328720934
Batch_1,img_ffwubibz,rule,0,0.04679414936803965,0.75447158905006,0.09390171757932692,0.10483254400257346,0.0022746276154499514,0.05227418518683746,0.10489849351672238,5.380617889122229,px,22,6.0590637534688145,16.99670510971647,67.80403167230429,165.05212535897027,147.52020301847946,2.0477143491369176,176.67231422677636,0.0,1.0126324545428458,1.0168425355508315,0.07465963822350564,1.1681135247339969,0.14298190126975294,1.5277662682576254,0.7353582876384163,0.7872964824120603,0.20120603015075378,0.005788944723618091,0.005708542713567839,0.0003414863192043369,1.594745889496595,1.0754377814567868,0.3813114418371159,-0.07393422122364973,0.529014024294628,-0.7005892474840149,1.9707835912704468,0.10801196098327637,54.23267278267016,1.594702475546359,0.11712298082628857,0.12107571258746364,-7.340344649026931,6.94501665626876,52.3539759563033
Batch_1,img_ffwubibz,rule,1,0.04202401372212693,0.7926169757340005,0.0753397757705752,0.09001923477329737,0.002306299994161266,0.04618121099697918,0.08279271238420724,4.75435965321023,px,23,6.3344757422628515,24.507982936668316,58.29473685418049,138.2667518981785,142.5781980922806,2.2121115353342433,126.68432452137856,0.17391304347826086,1.1390019894766505,1.0636453347587387,0.06841606763007234,1.630252109435587,0.19719242829239764,0.5608694745713476,0.702801114048115,0.8466263090451152,0.1483805399673015,0.0013698024833193408,0.0036233485042640626,9.531071292413267e-05,2.2194953189851647,1.8735711920648679,0.08851071419178241,-2.561197939582473,-0.8442286047922828,-1.0201823260249203,1.9714436531066895,0.1415727734565735,61.88622262316039,1.546276277521935,0.20516810697964707,0.21019723270634552,-6.2792837579265965,15.859908510610408,47.11021664167187
Batch_1,img_ffwubibz,rule,2,0.04729842871952153,0.7995479938439912,0.06907855961733157,0.08407501781915568,0.002293080218699152,0.05164006838955586,0.07541945133197861,5.315452041274876,px,34,9.364007618997258,11.507254783503184,51.41359781993033,145.46468535696047,144.93414369651038,1.7725382875864497,103.71505908058552,0.17647058823529413,1.461142609109789,1.2423732082661956,0.08180577113379683,1.3059987801395792,0.1655224629535411,2.052636827996278,0.6594943510498481,0.7739019500637871,0.21928193912885,0.003316930927647166,0.0034991798797156916,0.0002055413960371619,2.176808855078002,1.201631546720263,0.38978909950277446,-0.7491969384266719,-0.5146588961464577,0.08969448899693498,1.9736131429672241,0.09156954288482666,67.72040275718861,1.5643783523019654,0.14095479654856582,0.14832192904857458,-9.06709993522065,11.529256945212738,40.06065244783331
Batch_1,img_ffwubibz,rule,3,0.04000662090421061,0.8213708136000644,0.05858178248842443,0.08004078300730062,0.00193476922127811,0.043487385272349625,0.06367867336546217,4.477403110474127,px,36,9.914831596585332,16.843128652785477,36.55616866590111,100.00991047044059,123.63864272180588,1.7313508053745357,88.15501657932015,0.0,1.392295713196488,0.9549708132651153,0.069370084895188,0.8948325515598301,0.16974327870897699,2.2275656183478447,0.6747789532452553,0.7759076037683788,0.21944105010051637,0.0007883637510347274,0.003862982380070164,0.0,2.171661637476952,1.0544163697198121,0.6522670243235811,-1.910224004953439,0.11694164678523618,-0.14821870299409387,1.9791336059570312,0.09340035915374756,82.42547811335825,1.5352503230924848,0.1849824340800502,0.18888355084210914,-5.832508273160135,8.536358692284923,36.69607874366897
Batch_1,img_ffwubibz,learned,0,0.04730972061106209,0.7465719469754806,0.11142976278214581,0.09468856963131148,0.0,0.052257951268543226,0.12308445364129114,5.3789496210038275,px,23,6.3344757422628515,9.056217720308984,60.28122145970629,164.7097910489728,146.92779342583447,2.0283831765292213,177.50916814193633,0.0,1.0285932143500909,1.0256261384499656,0.06575115439007287,1.1888969321509175,0.1691940010177751,1.543966394229745,0.7951164030982644,0.2195514213683387,0.7804485786316613,0.0,0.0,0.0,1.628919577701192,1.0941784014758251,0.37931099507424476,-0.12612876171844237,0.6857566134954005,-0.7018705484565055,1.9672496318817139,0.11840218305587769,55.3251106238689,1.6400722086428356,0.1266728196739289,0.12882354165267879,-5.242135320260262,6.054325932307979,34.69893527464396
Batch_1,img_ffwubibz,learned,1,0.04279489187876144,0.7805318976657182,0.09624657525191935,0.08042663520360106,0.0,0.04653776796616611,0.10466437908760996,4.79101438849615,px,23,6.3344757422628515,15.855537853468352,63.52083215186755,139.43271565968948,143.6280860549186,1.9922744315855154,188.59858585110678,0.08695652173913043,1.0806553516398927,1.0582223733010583,0.0695891587505878,1.6195231371121812,0.18301231560131,0.38085587004720056,0.7173784718308777,0.2783285174483218,0.7215381195821293,0.00013336296954878863,0.0,0.0,2.2199734807403453,1.8758041486807215,0.04646885268100828,-2.5306632683473254,-0.875815068029442,-1.0546237994068541,1.9685367345809937,0.1473621129989624,58.10878825649053,1.5969212631520118,0.19733056767422963,0.1996803390629289,-4.399259650250264,25.227660327573446,30.83217950835059
Batch_1,img_ffwubibz,learned,2,0.04739317044366668,0.7925839262953452,0.08543362515987665,0.07458927810111145,0.0,0.05121312010133044,0.0923196837233222,5.271574698424445,px,35,9.639419607791295,8.993440993168063,41.25919620291836,145.68627694487844,143.0195556075126,1.8870593922775103,99.4588959253709,0.0,1.5045900189170807,1.188394148858452,0.07899520731149387,1.3044198152198643,0.162545880443578,2.0571475334925093,0.7482997780353784,0.2567027107095245,0.7432972892904754,0.0,0.0,0.0,2.1832958707860106,1.1841513467079094,0.3650429282949919,-0.6849491399173775,-0.5167465783924683,-0.297466760774025,1.972063660621643,0.09426522254943848,62.21453380035002,1.6342492358085547,0.14631253453152243,0.14696503260231822,-2.7005427475870336,9.181722560887025,26.895433058170582
Batch_1,img_ffwubibz,learned,3,0.03985597054634027,0.8054580597115225,0.08277700111596938,0.07190896862616789,0.0,0.04294403156481577,0.08919060557393434,4.421534450686289,px,39,10.741067562967444,13.160347131287878,32.173649930800316,98.08024757130228,125.90406002966218,1.8004730042869939,91.52606723810429,0.0,1.2114110865353438,0.9419891983461247,0.07508560652767593,0.950776029240448,0.1346588880948644,2.3606476650751103,0.6961310524419491,0.1804121591049319,0.8195878408950681,0.0,0.0,0.0,2.1977466347442896,1.0765751108230264,0.6661060341503483,-1.8890809666406276,0.1688966401996119,-0.6682769319366869,1.9778172373771667,0.09567329287528992,71.93361877316963,1.6383168345876613,0.17929770258745178,0.18065641911418234,-3.515749590433125,5.11353428141023,22.123008715508025
Batch_1,img_fzrt2k6r,rule,0,0.06862285618335279,0.7455229329133376,0.0915129941485416,0.09434121675476799,0.002325014187608001,0.07577120373907008,0.101045775563093,7.793519365992294,px,35,9.298994008259632,15.715909465510103,59.99540143182897,168.7787116280952,164.8824149483055,1.9464967360459324,115.14276803792737,0.17142857142857143,1.1799856597006806,1.110512979893485,0.08095883350532829,1.2583609698206861,0.18767571951704767,1.48401471767918,0.6769205656248005,0.6846011667533067,0.3091318662276902,0.004100964593080344,0.002166002425922717,0.0,1.6928015268909309,1.1397681838637548,0.3905452458915109,-0.17238678068168212,-0.2629281352469606,0.5760690012057778,1.910334289073944,0.10164135694503784,58.80498888523907,1.5611502582908594,0.16930844503056947,0.16939877867234318,0.9356136686069743,25.63050262112542,53.74843863316031
Batch_1,img_fzrt2k6r,rule,1,0.024832033599656522,0.7712946962789146,0.07688222266148899,0.12699104745993994,0.001917186878960043,0.02844419123928405,0.08806578951773243,2.9299392814275906,px,21,5.579396404955779,17.03815178355966,40.370120352322566,117.10705843945718,117.10705843945718,1.9054175867428993,103.68004200953051,0.0,1.7789786424476295,1.0398078715384191,0.0723027477135983,1.3492442045197293,0.1762499796535893,2.093363678882368,0.688977137996269,0.7908311116262896,0.20146053089138752,0.002839921177697925,0.004868436304625015,0.0001327844907714779,2.177158516452206,1.7091609432903945,0.5949782809231673,0.9663668350648532,-0.006606710546860128,-0.2189053027489306,1.9065178632736206,0.09549704194068909,58.84905744087702,1.6283122513952715,0.13443828205239083,0.13476052979538528,-1.9815626260248376,24.608405375331678,61.06021420333747
Batch_1,img_fzrt2k6r,rule,2,0.06099130464354565,0.741293219067295,0.08822354143950553,0.10949193484965386,0.0024174727566044114,0.0684904573360022,0.09907101899701558,7.046236531818224,px,39,10.361736180632162,13.641014680450308,55.0366866455908,151.35057436523263,150.81917804673807,1.8136404787725675,172.46156740952824,0.05128205128205128,0.9136676301704105,1.0458142195094728,0.07824662934130945,0.9966231461594606,0.17571805915242314,0.7961274979319977,0.7374638825271126,0.7454733293458757,0.24438584090044044,0.006688053939426893,0.0034527758142569734,9.076606559361007e-05,1.3849614245789708,0.8791654771979048,0.1583620920083574,0.39219271550049184,0.19280633652482554,0.35206486669224646,1.8965950012207031,0.1018768846988678,59.79344982200255,1.5893757623754057,0.1729041970897121,0.175653379869416,-5.075154340713228,24.481403716642998,62.49921598213693
Batch_1,img_fzrt2k6r,rule,3,0.07135569767960874,0.7059307389671421,0.08943294203166546,0.13328062132158366,0.002541282219685811,0.08232848997608976,0.10318558028324444,8.466259804181092,px,41,10.893107266818427,12.360774464742066,45.37431370100002,140.30068909882667,166.35079881164992,1.7677546147475314,73.38495274103236,0.1951219512195122,1.294241495434018,1.0484471921220753,0.0553900990493385,0.9459020423175595,0.1371523433340228,0.5350040576112242,0.5840071850947051,0.8013622502778649,0.19524637350736698,0.0013679500698224516,0.0020234261449457096,0.000583789098506729,1.7433146484925688,0.7074446182696308,0.2364111996096186,0.2409536232057915,-0.1650075567898553,-0.22773523348679575,1.8875962495803833,0.120849609375,54.67690812376219,1.6095655533963755,0.11592925167180268,0.11682337729112799,-3.54665879889787,9.308490832998228,48.129179500612715
Batch_1,img_fzrt2k6r,learned,0,0.07152228251512814,0.7200585677211194,0.1250496831965584,0.083369466567194,0.0,0.07802738388745928,0.13642321375466732,8.025021436193155,px,54,14.347019327029148,7.399277020331919,25.2430275323207,151.77842871932765,166.3737590563561,2.2444364580083094,85.76270606206484,0.14814814814814814,1.1718353161391226,1.0925157963242333,0.08614384641423446,1.22171387486021,0.2034953930159935,1.5338520936650417,0.7302901428766306,0.2568028918566121,0.7431971081433879,0.0,0.0,0.0,1.6345661566379694,1.0953056873519853,0.3838089265181263,-0.04305088692102258,-0.28697935306820105,0.601870851380944,1.906515121459961,0.10712254047393799,56.86851891536576,1.642264837839621,0.1701854189067793,0.17226794535394718,4.459017167310578,27.637546944825203,38.75003643654635
Batch_1,img_fzrt2k6r,learned,1,0.026270189444419646,0.755326198082388,0.10056915157041411,0.11783446090277822,0.0,0.029779206146845937,0.11400258467739871,3.0673278986407757,px,29,7.7048807497008385,7.653039857325812,28.32209231647889,112.78837223070022,117.05812223182046,1.9671212700042864,97.87487222310192,0.13793103448275862,1.599214918098387,1.0330756020573075,0.07243792812016255,1.3718530678109087,0.1516237963283387,2.1023949020668327,0.7082795728655764,0.3323218639934977,0.6676781360065023,0.0,0.0,0.0,2.124014085983302,1.6734203355567685,0.6156610893502431,1.1918289159791688,0.006782345270056239,0.15941876452301226,1.899530827999115,0.10825204849243164,59.28019183056891,1.7206486991503032,0.14827678111346615,0.14928505499999298,3.33145128720324,15.57490619658768,49.39265188451505
Batch_1,img_fzrt2k6r,learned,2,0.061476180759690614,0.7188603259217694,0.12154236834218597,0.09812112497635399,0.0,0.0681645645132544,0.13476573374556455,7.01277960921328,px,43,11.424478353004691,7.1679884834219045,49.507435033691536,147.6608725576667,151.21964893307853,1.8260098272149483,148.9245327416087,0.18604651162790697,1.0368158875527862,1.0252541930997814,0.09460084196134924,1.1049246349982689,0.15284292175693093,0.720917225752551,0.7448995069018395,0.2460887832384322,0.7529437779866217,0.0009674387749460998,0.0,0.0,1.3882200581628197,0.9639351997041703,0.14712169173765646,0.35306746430827507,0.2551835687954252,0.3980036107659087,1.8938908576965332,0.10720586776733398,54.162200020584606,1.6691747952547835,0.18223395012991994,0.18608947922081112,-5.841729123892568,29.38799500404085,50.7007293173142
Batch_1,img_fzrt2k6r,learned,3,0.07530564464877434,0.6906299085404086,0.11277740227554355,0.12128704453527347,0.0,0.0856999366863179,0.1283438483229131,8.812045056933691,px,42,11.158792809911558,10.716573503186167,45.905964808380446,139.56555528261336,166.5802588482745,2.0432751749465305,96.40116691278101,0.047619047619047616,1.2240867227196586,1.0417312104008305,0.05758582323335073,0.9272586422092821,0.14385953464460524,0.32671042280409734,0.5601867274553471,0.2810178202335065,0.7188983855650523,8.379420144126027e-05,0.0,0.0,1.6840029798223857,0.6693413805868021,0.15967292913455336,0.310658221429033,-0.11235570731011534,-0.037980750399115984,1.8824917078018188,0.12832093238830566,52.684531613191176,1.6721040327841994,0.13158535326721146,0.13159017076064616,0.2451363978202819,9.596421099425273,37.35440054842877
Batch_1,img_iv6g2oq0,rule,0,0.032059625755715464,0.7555279906128095,0.08687392826984547,0.1255384553616296,0.0025404213874599155,0.03666213334626805,0.0993456245188824,3.775481356466751,px,25,8.094638629428738,14.519599721424294,36.424107478619696,123.81016196657733,125.88383285304684,2.1974229023059215,75.30125307366174,0.08,1.2745170669720454,1.213881912821345,0.0889095246682302,1.303214623068638,0.21254056388322748,,,0.7532901952182496,0.2237332748409739,0.003290195218249616,0.01968633472252687,0.0010039530651942022,2.0775787477342886,1.1818828278967581,,1.3717395957477236,-0.8450152304775375,0.3117444434398926,2.064816474914551,0.12769770622253418,57.29229530523467,1.5546810669483828,0.20442645763046602,0.2062707004976109,3.8337344923115424,6.059687926071808,50.16668659448938
Batch_1,img_iv6g2oq0,rule,1,0.033292601111750045,0.7574516005367069,0.09144059959902398,0.11781519875251906,0.0018740707354853415,0.03773880604684144,0.10365243140634428,3.8862280957207886,px,33,10.684922990845935,15.40514884731555,37.18518717960671,90.45854687198977,94.88454468891304,1.9479595612348226,115.19562138967011,0.12121212121212122,0.9778632688074128,1.1059405017386759,0.08730448450640817,1.0772017337476871,0.16613222600021843,,,0.8219917541548009,0.17065499213669402,0.003910400816083648,0.0034428528924214732,0.0,1.642700657598222,0.8258443654451308,,-1.6975445791030344,-0.20202220640700208,-0.09468437980631658,1.9908058643341064,0.1275099515914917,56.64416679337941,1.6186381346326426,0.13611395208986238,0.14785789739670066,11.495020461861436,9.725450531495872,49.94524148036943
Batch_1,img_iv6g2oq0,rule,2,0.052520281926549894,0.7472131778126603,0.08654981893912314,0.11371672132166669,0.0020696372047723397,0.0592590238246067,0.0976548029521557,6.0982549498486955,px,27,8.742209719783038,13.760621455654945,65.93056806767136,136.62840471213391,132.27568871017309,1.6982806286541143,115.35781402804989,0.0,1.0442058358873652,1.0322698008627778,0.10190905831294476,0.9185174705231707,0.2003224073507038,,,0.7638217279174726,0.22900548033526757,0.0035058027079303677,0.003666989039329465,0.0,1.3895721924130495,0.6651249696606684,,-0.5760828647148807,-0.6343814303467575,-0.042972214655895846,2.010228157043457,0.12203428149223328,63.35022529561543,1.619075098188611,0.20915639752617435,0.21059159193988558,3.34648931298379,2.9591817862361056,49.043631846034714
Batch_1,img_iv6g2oq0,rule,3,0.09076971594941692,0.7084942547492864,0.08658187370809567,0.11415415559320102,0.0018310072579767807,0.10246671757003081,0.09773921078342324,10.530624997078926,px,26,8.418424174605889,12.383271611767032,34.6927513997127,224.54909425351633,221.27455048602107,1.8431005644101373,175.72466207648856,0.15384615384615385,0.9473477646998124,1.1455364141443847,0.10845276269373018,1.232081463178094,0.21799004326237229,,,0.8066271571806627,0.18886279771888628,0.0017145626001714564,0.0027954825002795484,0.0002423654871546292,1.5084852396059318,1.0364784116811585,,0.8628300205754125,0.20631301791323867,-0.4257811253778515,2.0730011463165283,0.14642071723937988,56.86851891536576,1.7242573152749285,0.18086272269420497,0.18086290462978788,0.04063420278499808,4.351873981144257,49.256018415480774
Batch_1,img_iv6g2oq0,learned,0,0.03061036165550254,0.7390233462329494,0.1137633464401722,0.1166029456713758,0.0,0.03465074001040926,0.12877940432644025,3.5685693241924943,px,27,8.742209719783038,9.522415989376073,33.88896677904354,121.35268790880987,123.42735172058185,2.2783038789724284,67.09728493235335,0.07407407407407407,1.7447570710829883,1.189022078844744,0.09363177574174456,1.3448011680431313,0.21039273403725153,,,0.05063647628703391,0.9493635237129661,0.0,0.0,0.0,2.135275904194225,1.1848221591771535,,1.358372766519467,-0.9771550376665862,0.30525127452083173,2.0678117275238037,0.12604397535324097,51.758052534101225,1.5970958499854533,0.222999132753522,0.22739071427057242,5.639403796256011,5.923481314589746,36.60983146596613
Batch_1,img_iv6g2oq0,learned,1,0.03381713369493703,0.7466060799154531,0.11155189116661227,0.10802489522299757,0.0,0.03791264298053639,0.1250616643549718,3.9041083008730952,px,39,12.627636261908831,9.40150396209977,29.53250900522315,83.0551146911366,167.3124162474121,1.8763797684046066,89.71591225005886,0.1282051282051282,1.3142268288613812,1.10370899412168,0.08575923110080051,1.090273290609742,0.16879481695129595,,,0.09958170287410606,0.8995187334142941,0.0008995637115998741,0.0,0.0,1.7906461377213285,0.8818765363195938,,-1.7979077883252872,-0.21641849901068444,0.2804468231238338,1.9823514223098755,0.14706629514694214,56.37291830801247,1.6282779987684788,0.14244764986855185,0.15355319858393066,10.962285574056972,22.97904119950595,34.73749125057571
Batch_1,img_iv6g2oq0,learned,2,0.05254586098461889,0.7301260432370266,0.11414670852566194,0.1031813872526926,0.0,0.05859140325338509,0.1272795935579278,6.029675600538429,px,30,9.713566355314486,8.718256289440953,34.08333146801619,133.94140959731556,132.62655959692339,1.80977528503032,104.89891508042783,0.13333333333333333,1.272020854935101,1.0405536239384119,0.09676311605214628,0.9625175636516645,0.17687568899854905,,,0.18965012749237137,0.8089704468503114,0.0013794256573172261,0.0,0.0,1.3967700841031092,0.6683184525420339,,-0.6107305492180756,-0.6737739630610646,0.17886889128102798,2.0082203149795532,0.12518689036369324,56.73358090949355,1.6677948006683878,0.21235845479430504,0.21473956027101748,4.270149110635373,2.464784392985224,33.30424201141657
Batch_1,img_iv6g2oq0,learned,3,0.09345843111656797,0.7143353459842822,0.08759337975122909,0.10461284314792078,0.0,0.10437767663000733,0.09782738012367961,10.726383630377455,px,27,8.742209719783038,10.997160681784505,38.13187066074199,225.968466494442,224.66649788505643,1.8734618315923164,164.40840798629944,0.0,1.0605449589598697,1.1168351154367075,0.10398882406551697,1.2211795742504663,0.2181326947965999,,,0.34408996007472253,0.6557635251455991,0.00014651477967840006,0.0,0.0,1.4826130208758563,0.9917683854405083,,0.8096476589707827,0.278529206138304,0.06392875087763156,2.068190574645996,0.15240180492401123,54.02078338814667,1.757498239151362,0.19305525550319494,0.19305615846407087,0.0876194334039413,7.414002764660844,34.15829669037109
Batch_1,img_uhdslk0o,rule,0,0.034926750711036826,0.736242824105398,0.10734248385614198,0.12148794132742316,0.0024857335474063155,0.039756711779017365,0.12218669373569604,4.09377035625709,px,33,10.057529066259,11.616864725531052,21.43920417481474,125.13903949482392,164.43005118423815,1.8828148897822483,141.1871169639923,0.06060606060606061,1.1579062264995346,0.9882119974305352,0.07388801824483487,1.4226740529796702,0.19103615540947538,,,0.7542225653894412,0.20422739117845767,0.016842003667599654,0.024708039764501494,0.0042584187818681014,1.7194686587327754,1.2670361394833005,,0.2487467062551214,-0.4121640372003618,-0.17045724876064683,2.0087321996688843,0.0996340811252594,56.260649694626,1.607635245837744,0.061844760354233946,0.06684698613346106,11.153072548959077,16.754072897669264,50.7181343409623
Batch_1,img_uhdslk0o,rule,1,0.0794486889248928,0.7231719983761662,0.0811346965247275,0.11624461617421347,0.002038021117153756,0.08989895889624863,0.09180673522292394,9.242608125428578,px,23,7.009792985574455,13.515461295222577,56.12481299456411,237.05334457199743,244.75425908499463,2.1626259253041735,219.19835355130547,0.0,0.9559342704134486,1.0412025695773384,0.09236794416962531,1.3535436677327082,0.198288317376341,,,0.7164847572450131,0.2671433948061724,0.007640195709446744,0.008731652239367707,0.001499187939865906,1.8842772845088605,1.1839588037977022,,2.2742795265022755,0.4200524486445343,0.341473948915358,1.996739149093628,0.1185835599899292,47.49926813405348,1.7403829473658363,0.14150138612541402,0.14153291732159945,-0.6047239815507778,12.198817712069541,46.59440656401231
Batch_1,img_uhdslk0o,rule,2,0.03644452327921773,0.7424342999533087,0.09034739314942075,0.13077378361805284,0.0024930481139999587,0.04192754727407304,0.10394002326055149,4.317012563042761,px,28,8.533661025916729,8.091716513460305,26.546445897823084,137.82171099199047,139.5454248521949,2.1138147330390966,109.47411180393296,0.07142857142857142,1.17674249381384,1.3258069635553837,0.08758712173809438,1.3075337285489823,0.17430906540111896,,,0.7875664711364508,0.18957294008003947,0.01611753741571186,0.006743051367797818,6.124448799608035e-05,2.4779907543395856,1.022309144783257,,-0.953790526801544,0.16714731076596523,-0.3284056269774238,1.9853463172912598,0.149593323469162,62.86601265276767,1.6239070903894075,0.12949218447470537,0.13323569674026828,6.807052596763275,9.533446508166149,36.41186706671828
Batch_1,img_uhdslk0o,rule,3,0.08204779825450059,0.7536057765570578,0.07360252157492371,0.0907439036135178,0.0022955548159716,0.09023618162206516,0.08094806498128634,9.277181723934714,px,23,7.009792985574455,14.975395534844345,83.16391769873161,200.05373058015763,165.26806925010865,1.6726139594692917,122.19653343730947,0.17391304347826086,1.0314350256905205,1.026247623605528,0.09750120416167889,1.009308280657324,0.20654686540582867,,,0.7675691348628176,0.22648689790148963,0.002609546591279765,0.003334420644413033,0.00011811023622047244,1.6199678822823724,0.8514029295735136,,-0.4038069554445142,-0.15719635765800052,-0.8691600011939365,1.948533058166504,0.15299257636070251,62.80519413788785,1.6436741238779384,0.16674658395467104,0.16675524727905333,-0.29201963142650017,16.26988696514604,38.31479604670895
Batch_1,img_uhdslk0o,learned,0,0.03571001888377275,0.7314971942541642,0.12992468434597412,0.102868102516089,0.0,0.039804647436931836,0.14482227720400964,4.098700239180178,px,35,10.66707628239591,8.603463115995512,27.29185104880338,112.88845221785076,162.12574490657767,1.7899877793546495,116.92229653677417,0.14285714285714285,1.3092931163154842,0.9578565435873206,0.08722216541983106,1.4875809120031682,0.22449086242596933,,,0.09454686214738472,0.9053563652199158,9.67726326994726e-05,0.0,0.0,1.6456163660055514,1.3170788015974413,,0.28972032865277425,-0.44976805202414616,0.0746727313808683,2.0043461322784424,0.1065206527709961,55.89745229606112,1.6686064144417934,0.07442420182152991,0.07827857011394979,9.027367639613335,10.92439126390086,38.39787211792013
Batch_1,img_uhdslk0o,learned,1,0.07845969856671067,0.7117076343350632,0.1084997092459779,0.10133295785224819,0.0,0.08730674976039784,0.12073404738051942,8.976819075842378,px,24,7.31456659364291,9.23618154310838,45.73425655099335,231.21724859898845,242.310066579821,2.039416197844044,129.13633194608803,0.08333333333333333,1.16280643564329,1.0538225124955563,0.08231321024208446,1.3582881384758025,0.20793964181148125,,,0.2363761597990357,0.7628540172602407,0.0007698229407236335,0.0,0.0,1.9151262796448316,1.201625831377018,,2.3249150016803117,0.45246823767218125,0.5464025700107846,1.9969525337219238,0.1194678544998169,47.25733412170226,1.7403098608977032,0.13483810816614575,0.13494025093140696,-1.1147258750295939,8.623502540437235,29.744762870519498
Batch_1,img_uhdslk0o,learned,2,0.03603094549306884,0.7528782819545985,0.0960393450537072,0.11505142749862547,0.0,0.04071529873337682,0.10852534038474652,4.192352258254634,px,25,7.619340201711364,10.21141921046348,33.05207299675423,139.45987209407176,142.18473016222563,2.3831607097943226,111.25807532326557,0.0,1.2774282902025993,1.3919762824106339,0.07569314677727593,1.2608343362764645,0.20606675561603885,,,0.2255548546194873,0.772552617996215,0.0018925273842977576,0.0,0.0,2.5513634587312355,1.0458595199792298,,-0.8311185828861626,0.2636028567577697,-0.4764990940707669,1.9844595193862915,0.15435099601745605,64.30771369983393,1.633190966026148,0.15065944833004474,0.15836023882810038,8.970735165969705,5.413544010421073,29.421682581821464
Batch_1,img_uhdslk0o,learned,3,0.08232270404897833,0.7501676254844376,0.09062290849111464,0.07688676197546938,0.0,0.08917942096155998,0.09817095536951495,9.168835435218208,px,23,7.009792985574455,11.402460835980849,82.22470421074019,200.35183686368424,165.85638475501383,1.7645925344006654,148.8247306506567,0.17391304347826086,0.971716314058437,1.0351112553392112,0.08505388345294145,0.9939606927049858,0.22666174287729446,,,0.24412592198311917,0.7525663447646567,0.0033077332522241654,0.0,0.0,1.6252114012855312,0.8481390077319239,,-0.37155779545951734,-0.10763854073593009,-0.414807091197923,1.9466298818588257,0.15656208992004395,57.136557410303936,1.684543736202033,0.1628944126003424,0.1633814523267936,-2.2125668272255483,13.698072273991063,24.701459701884257
Batch_2,img_3806gxp0,rule,0,0.06318175664259924,0.7585422030369046,0.06664054047098761,0.11163549984950864,0.0018484143581067852,0.07112143341150629,0.0750148620973694,7.316314032297508,px,31,8.6714353966874,14.625465582862905,49.7639519583191,168.60869655758185,168.60869655758185,1.7605901424421653,187.79391513883192,0.12903225806451613,0.9355462801256077,1.158233391717113,0.106175532862719,1.824221829682116,0.24274525206816594,,,0.7814777761897956,0.20905388023438617,0.005073602972702587,0.004394740603115621,7.863799001297527e-05,1.878766740087079,1.6125991467899317,,-0.4564763670041818,-0.13750952803898325,0.24747935714451755,2.220722794532776,0.14038556814193726,61.141077054157606,1.5866087334044416,0.15544548188623136,0.1610251893475402,7.563599958087188,10.714032726499964,42.94635761711511
Batch_2,img_3806gxp0,rule,1,0.0642950570580449,0.7392035034836792,0.06466820850382494,0.1318332309544509,0.0015994602451051146,0.07405841751894056,0.07448823291741552,7.617752289531049,px,37,10.349777731530123,13.483834096679306,33.92651689225682,163.10092333100283,174.33732007913014,2.056956969745875,142.5058739620739,0.05405405405405406,1.0844912067801808,1.050112057114082,0.09823339159444301,1.2477320390642856,0.19447739339591122,,,0.7752504038772213,0.2194184168012924,0.002197092084006462,0.003134087237479806,0.000613784886449796,1.4502839338618578,0.7525605241818433,,-1.08881853345755,-0.7603168311498284,-0.597966727105684,2.1281776428222656,0.18147516250610352,56.913279661307996,1.5765448616426263,0.1470342496784811,0.1500146292815461,5.720029554705198,5.481788281154831,49.53417441781262
Batch_2,img_3806gxp0,rule,2,0.05006019654507636,0.7346319786872901,0.05405325268338967,0.16125457208424385,0.0015527463834519922,0.059684613327161316,0.06444536194696109,6.141970895650635,px,28,7.832264229266039,13.06663370563061,53.63998405036739,157.085271719132,157.58977542994137,2.0102323939199724,146.0896291765854,0.07142857142857142,1.0491715909532973,1.1921373521478642,0.07098902407130067,1.7364953807366295,0.1753660369661881,,,0.8698026209351237,0.12413039961171332,0.0020627730140753923,0.0040042064390875265,0.0001351290482410702,1.8962835610990276,1.6883040192443726,,-0.6566398380891305,-0.4005738656297908,0.17008715976936914,2.2015559673309326,0.12519001960754395,60.4288922147382,1.6066376383321817,0.10551834497023592,0.11014183842822463,-8.330050758491952,7.152316400596771,58.95036966778447
Batch_2,img_3806gxp0,rule,3,0.039776993059494996,0.7510760971603566,0.060343679754380194,0.14880323002576815,0.001731769565835216,0.0467306672941195,0.07089274992926367,4.8108444696759785,px,32,8.951159119161188,10.697635380090341,26.787580136988836,156.20445429362087,182.18344725072095,1.989621665431601,149.60345667541176,0.0,1.0397315650405679,1.2632352362943204,0.08495842632543008,1.8459095116252997,0.18472886369470543,,,0.7990023474178404,0.1939064945226917,0.006015258215962441,0.0010758998435054772,0.0,1.785254286100126,1.312971385208477,,0.734750469039987,-0.13414015268044646,-0.3643085691411124,2.201002836227417,0.17585265636444092,59.835886383984075,1.5626977461148601,0.04748493796804635,0.05936326166680129,-18.439509876442795,10.267157052341405,47.89457532483397
Batch_2,img_3806gxp0,learned,0,0.06312161604226738,0.743736426406367,0.09311163549984951,0.10003032205151616,0.0,0.07013749194990165,0.10346085849481189,7.215314663335835,px,31,8.6714353966874,10.092530088080641,44.581688273680136,171.52847985025736,171.52847985025736,1.6828920905465956,171.90000657241245,0.0,0.953215854066442,1.160503113107459,0.10387473461551441,1.7786011815348222,0.25100809597892154,,,0.2882187404928506,0.7113249163370855,0.00045634317006388805,0.0,0.0,1.894291229388521,1.6217608499180556,,-0.4425505671537432,-0.0964659613383276,0.20464788189996985,2.2190792560577393,0.14400649070739746,61.43192989476256,1.6041168473889011,0.1314830151411787,0.13890843563386593,9.409308625883684,12.851362909194043,31.77343375363177
Batch_2,img_3806gxp0,learned,1,0.065115766459783,0.7310716551476438,0.08314731705788826,0.12066526133468496,0.0,0.07405117027290198,0.09455707070562476,7.617008533572512,px,37,10.349777731530123,8.261562847721857,31.71528401797434,167.11240451586002,177.29921353454006,2.1091518181722115,164.8538420527351,0.05405405405405406,1.0246849632365747,1.046244780184368,0.08694970853757884,0.8715776996581825,0.209456816377688,,,0.3281674823273518,0.6718325176726482,0.0,0.0,0.0,1.4506946963169105,0.7526206525522854,,-1.1356465325064569,-0.7889466987747996,-0.4311616866814306,2.121922731399536,0.18522721529006958,54.49031673905373,1.6280310498768584,0.13393913789072678,0.13666886411146853,5.735323335070184,5.240865000472537,39.56306156877105
Batch_2,img_3806gxp0,learned,2,0.04965767410843658,0.7377528562589302,0.06193139160314141,0.15065807802949183,0.0,0.058466058043183285,0.0729169136729505,6.016799568745254,px,26,7.272816784318465,12.121989813794675,57.67895194087751,159.12694079492852,159.53701294450732,2.0768622213113233,165.38760011047293,0.0,0.9196390034924083,1.1875680517614802,0.06717687938355323,1.7201889988332257,0.15703125732084544,,,0.3119816862474084,0.6877591568762957,0.0002591568762957844,0.0,0.0,1.913596071335181,1.7147068754934074,,-0.7318992294774358,-0.4204138829523796,0.2518653624409951,2.2003753185272217,0.1287209391593933,57.97715471587837,1.6353815656947952,0.09969762756721579,0.10480474876336973,-8.980174984783043,3.6051463464094997,49.570908693828926
Batch_2,img_3806gxp0,learned,3,0.03990147011599583,0.7551351680971737,0.06833790401895856,0.13662545776787183,0.0,0.04621571307029327,0.07915209526827248,4.757906567365951,px,29,8.111987951739826,11.113356387155186,27.914558950087667,171.42023035914573,205.08582379282427,2.053733739887173,142.18103157938188,0.06896551724137931,1.121449188548163,1.2533928799779706,0.07958674120695015,1.5122773878853268,0.21372425045199783,,,0.36910895384782255,0.6302402516405445,0.0006507945116329519,0.0,0.0,1.8550782425348344,1.340933702301489,,0.7052014567678361,-0.13854727558400895,0.18060352335964708,2.1965960264205933,0.18684828281402588,60.0057715374698,1.5761324590740615,0.03865063377421709,0.05929891531959285,-24.661528300113467,4.48663124097416,44.184732782011984
Batch_2,img_avn74qx1,rule,0,0.027222992394871432,0.779671693861407,0.06607577827531304,0.12702953546840856,0.001547711356447464,0.03118432238080178,0.07569073749908278,3.2119184998184385,px,23,6.4336456168971035,11.474455817391533,34.65061169280073,104.82860602232061,259.92673960614735,2.0586690560079566,178.9677793837893,0.0,1.255892570114921,0.7013454521738813,0.037094505413024025,0.7386272432876058,0.08744158715472648,,,0.7693005723858718,0.22748848247940806,0.001326259946949602,0.0018846851877704872,0.0,2.220032837289663,1.239467840056927,,1.7998504946815679,0.5739488151131857,0.3729453879567627,2.2785146236419678,0.2025863528251648,67.1741091979746,1.5866471589657913,0.15575062008423943,0.16568611855456739,9.971348572723857,0.0,49.94812168943907
Batch_2,img_avn74qx1,rule,1,0.03080597355603817,0.7882413098231139,0.05828015785369107,0.12267255876715685,0.0016400201848638138,0.03511342756217545,0.06642919748616809,3.616168273272896,px,29,8.111987951739826,11.898751370284245,39.79836672089123,125.77552770368318,125.20941863264144,1.7852489268566312,69.53634374147596,0.13793103448275862,1.4403529392937222,1.4795156673220435,0.09948450761762029,1.2675354915185966,0.21763132143153216,,,0.7934712506821452,0.1981445651634668,0.006498982983578905,0.0018852011708091483,0.0,2.2913018427433283,0.8954648460700645,,-0.6518037513898985,-0.3994715232531158,0.7892113203351155,2.1978299617767334,0.12301385402679443,72.9878298069851,1.5397440474686355,0.11135560318698212,0.1137830955333084,5.9282000652275695,2.360846272586943,53.1383342654603
Batch_2,img_avn74qx1,rule,2,0.030826393387778758,0.8008106952924735,0.05631062312375313,0.11205228819599458,0.0018425401599348355,0.03471645118061073,0.06341659804421282,3.5753294391978607,px,18,5.0350270045281675,13.800916319995505,35.276546977733304,107.82610155735419,278.30277531096357,1.8103518422799403,124.70470747175656,0.1111111111111111,1.164068141464905,1.065232102483365,0.03834701236019681,0.853815828557764,0.09926658198867506,,,0.7339982778415615,0.2649971297359357,0.0006458094144661309,0.0003587830080367394,0.0,3.0778194246114845,1.359568836840354,,1.2600482024230841,-0.21912257048233427,0.8368135862773994,2.159753441810608,0.12524110078811646,73.85498093998426,1.5858246586128868,0.16164201775719694,0.16238294613056234,-2.7377312454827476,3.6296652541219383,52.64659887671886
Batch_2,img_avn74qx1,rule,3,0.07272732867201723,0.7363290625115386,0.08262535259175217,0.108318256224692,0.0017851967968277092,0.08156198013440942,0.092662380012316,8.387634303957617,px,44,12.307843788846633,12.599762712295028,46.26272721139712,148.81250246542982,162.31803935239213,1.7674316104514884,116.56058191318249,0.09090909090909091,1.139335413528407,1.0987100103816803,0.08707643309745403,0.9947062316579127,0.24116123798877692,,,0.745298687382802,0.25014733458344496,0.001366193410125904,0.0031877846236271095,0.0,1.5635982371674055,0.7566980339685772,,-0.6520264154667313,-1.3280723640439027,0.007325989025335663,2.185219407081604,0.13611525297164917,65.71779466584124,1.5931290235060065,0.1640494508779114,0.16812056684178595,6.3173400072792,5.769297338046208,42.89712894667262
Batch_2,img_avn74qx1,learned,0,0.028362027392784695,0.784280421912885,0.06872280386108248,0.11863474683324773,0.0,0.032179652296116405,0.07797312591364466,3.314333273686405,px,24,6.713369339370891,7.073656887345475,32.58230034582099,103.97122706820362,260.39656671099004,2.2027101791531747,173.07851932301702,0.0,1.1938530125552997,0.6875124264350909,0.03520746014948162,0.6976239889286866,0.1224730842586532,,,0.29467894771718245,0.7053210522828176,0.0,0.0,0.0,2.0945137105996725,1.141118508034236,,1.8393703801610966,0.6470231086676507,0.27871561662467614,2.272458791732788,0.2045043706893921,68.37577670803097,1.5412168675640918,0.16622373651922195,0.17870260156090778,10.769362042554569,1.9725227579813203,44.94665749805262
Batch_2,img_avn74qx1,learned,1,0.0305228931488947,0.7839984604006315,0.07171724631016438,0.11376140014030942,0.0,0.0344409430527254,0.08092318064403724,3.5469860279730727,px,28,7.832264229266039,8.308645181379896,35.17531218543826,125.74574661364888,125.52425807826008,1.8611524613452435,84.2296797407069,0.0,1.4766991557146614,1.5042738743302737,0.07762016649656982,1.3204167752087603,0.18709211562224068,,,0.25877534090319904,0.7391507232851143,0.0020739358116866283,0.0,0.0,2.376221153696686,0.9416359656495026,,-0.669440446427252,-0.3794381118720448,0.5722581823743992,2.197000741958618,0.12513136863708496,71.05466962531656,1.6341993199475187,0.10217748955368232,0.11279785484495111,12.531264068822013,0.36657563371762675,45.547959868129986
Batch_2,img_avn74qx1,learned,2,0.031061081590934268,0.7965292439962898,0.067943773293993,0.104465901118783,0.0,0.034684420872123804,0.07586955469241714,3.572034286444955,px,18,5.0350270045281675,10.506621519148636,34.51209766394392,107.81092961030888,280.68757818813856,1.734623340765095,118.67887051135317,0.0,1.2680016236614031,1.065240536120799,0.03358925161380788,0.8356092987964485,0.09572784019548586,,,0.20681374756115864,0.7930361698934414,0.00015008254539996998,0.0,0.0,3.0987854245534496,1.36345931755842,,1.247920464504357,-0.20933465205544297,0.9100571417344613,2.157315254211426,0.129347562789917,66.18114560725705,1.5980046359052302,0.15171744396673092,0.15249775125742288,-2.89930634433727,2.8817924749193997,44.31166786125792
Batch_2,img_avn74qx1,learned,3,0.07482749438035041,0.7269048905776743,0.09768623725718582,0.10058137778478952,0.0,0.0831954025991313,0.10861042327163616,8.555179730998058,px,47,13.147014956267993,8.00917081033255,45.444411554782334,139.86478661484472,164.45327959551184,2.0503286277583497,111.17947296958405,0.0,1.2045925970945666,1.1027079305033594,0.09542041223448716,0.960777243751852,0.23604692458556847,,,0.33035165950174894,0.669541534271448,0.00010680622680302262,0.0,0.0,1.5422870441418757,0.7522304365051714,,-0.645894865649168,-1.427981108552056,0.0197382232640832,2.181377649307251,0.14465081691741943,59.708213214418464,1.6605663385603773,0.16967323255932704,0.17448387816205355,6.742711276537867,6.87837610511953,29.16126162284845
Batch_2,img_b3esycq1,rule,0,0.05065693407385208,0.7370677561899418,0.08253255710645063,0.12974275262975551,0.00140122555427318,0.058209149337081545,0.0948369661451814,5.990408422587507,px,35,9.298994008259632,11.930392321553285,28.745999104799274,136.66906454992065,176.5688066799603,1.7003903435147063,69.48023573268519,0.17142857142857143,1.494052448300519,1.2618186958326425,0.060342766826370485,1.1782500981381168,0.17169531548608208,0.45106327740862945,0.701178882837701,0.8155805424575827,0.17793092330633137,0.003627130939426913,0.002861403296659009,0.000313845050215208,2.611360972262549,1.3372943308099887,0.11957919407105023,0.34842499666784177,-0.0711313811264563,0.6775195353666945,1.913569450378418,0.1118597686290741,54.18565696632747,1.6143282026759542,0.17541681716720595,0.1762352483793197,2.761980149879322,23.077124800041958,58.474283318752605
Batch_2,img_b3esycq1,rule,1,0.10661349767578288,0.6722226827438302,0.09281325919643939,0.1283505603839475,0.001957305395967106,0.12231235727375032,0.10648003082216416,12.56248713528856,px,53,14.081333783936016,10.60540310137521,35.71814698195629,169.21899747099704,173.7630644407771,1.9047468708617645,119.70117812144308,0.18867924528301888,1.0687940424851525,1.1269646177165265,0.09404516247237538,1.1656730896345198,0.1753306304729963,2.308801572532282,0.8388805728554233,0.7665230174392847,0.2263884973216803,0.004752507148898465,0.002335978090136534,0.00010761945759793371,1.325997668070887,0.7676139149553141,0.2830912710371389,-0.06264468148058967,0.20169661130703015,0.46265679240042584,1.8719803094863892,0.13019347190856934,46.82432868325945,1.6810100423512926,0.10534147657927667,0.1119795799879356,9.913552905700946,12.06149368142206,55.60157840818546
Batch_2,img_b3esycq1,rule,2,0.06976185010659304,0.7176806821104359,0.0982675177105983,0.11428995007237275,0.002304290715246737,0.07876375582764743,0.11094772800492429,8.100572081476802,px,45,11.955849439190956,14.633180001566924,36.70268979693181,160.54977126642902,172.2543884796792,2.4153893016239816,104.01296272875386,0.17777777777777778,1.1461087975373292,1.0160219244539126,0.08488123748336865,0.8331311224917929,0.17885037442663954,1.2891263623441558,0.6747818883014511,0.7450964737192282,0.2410645375914837,0.00880904856952761,0.005029940119760479,0.0007067137809187279,1.293531507588036,0.8226541646514253,0.27552946107929377,1.0905498660373134,-0.24402177722623444,0.4138290957061644,1.913084089756012,0.10452890396118164,58.152594360153806,1.6627456647723076,0.16104544420465858,0.16264217758584268,4.0175676074802755,13.93898077867869,50.2583812403262
Batch_2,img_b3esycq1,rule,3,0.062433180085912074,0.7166383977248816,0.09627434476631362,0.12465407742289274,0.0018805222740131907,0.07132400857263659,0.10998434137086305,7.337107152603001,px,38,10.09605063753903,13.095986777814645,41.33038786323439,145.20173777605328,145.80562636072386,1.769168498458849,120.98310925703989,0.10526315789473684,1.1643728128198028,1.0395197388876043,0.07476940366014281,1.0576365318807228,0.1932005685082494,0.6963694110415435,0.6686641326758914,0.7504542523884884,0.2135279291952406,0.02989273782310533,0.0061250805931656995,0.0024288688410825814,1.5786156869416461,0.9162234233612762,0.07156149840154946,0.016679127311899657,0.02074131491246676,0.556520153183283,1.8736993074417114,0.12528324127197266,50.158960718865394,1.5892925494562715,0.16792579777188363,0.16821606357952257,-1.683194531372872,45.95959810884765,53.80900583468467
Batch_2,img_b3esycq1,learned,0,0.05734450487904931,0.7336218146960238,0.08985910164278685,0.11917457878213998,0.0,0.06510314472959101,0.1020169258041446,6.69845415569439,px,40,10.627421723725295,9.871720806976793,24.461999073793002,149.71663421437646,194.89300166639995,1.8508118001089275,105.9699659015647,0.1,1.1306942542494824,1.3448764644374787,0.07953001915260625,1.2711738922623974,0.17323303775928753,0.4792255939611786,0.7183746070599001,0.2300023366305787,0.7694913934107017,0.0005062699587195265,0.0,0.0,2.643656667763889,1.3352873359868387,0.08337211178556211,1.0483158805370782,-0.11915582272092128,1.064436881416546,1.898315668106079,0.15768557786941528,56.82158451840259,1.6508034831121954,0.18875090624941296,0.19008989244027322,3.402290797891261,14.826071646991235,46.62396364533193
Batch_2,img_b3esycq1,learned,1,0.10744509342566437,0.6699306135635658,0.10589800650823307,0.11672628650253676,0.0,0.12164416509149624,0.11989262772115453,12.494115896259139,px,52,13.815648240842883,7.212712235116836,41.815549193383994,172.66547992059935,175.4910770040862,1.8579808703402598,120.2020398131938,0.038461538461538464,1.1263820428962477,1.0991166245786679,0.107646143683158,1.2209148561860415,0.17558179336471638,2.46605492107758,0.786487290791965,0.29722558322188963,0.702604597847545,0.00016981893056528476,0.0,0.0,1.3341259800779683,0.7784427619187548,0.3097222770762069,-0.13496514482721975,0.17470963603280149,1.1756323858918896,1.8693249225616455,0.1349847912788391,49.13310672874115,1.6793119306717321,0.11847012372553406,0.12795827809487986,11.101589102941098,11.671410237706072,42.80756385937513
Batch_2,img_b3esycq1,learned,2,0.07190991772250102,0.7154449382653072,0.11075526960706171,0.10188987440513007,0.0,0.08006804029168577,0.12332036623426568,8.234381254009369,px,47,12.487220525377221,8.428189369992719,33.60600357347016,153.1207359125764,172.80050290184064,2.2692081461894262,110.17008947948145,0.0,1.0575230416677213,1.057182868166128,0.10456249154434959,0.9200854205360826,0.1883391222466676,1.1492872684228692,0.7059776590304605,0.2498383794849693,0.7497306324749489,0.0004309880400818877,0.0,0.0,1.2863473822633458,0.8408403728680087,0.2888685772007663,1.3068872293175355,-0.30460519613989784,0.7055985315922813,1.9075451493263245,0.11637869477272034,55.278987138669436,1.6653838422686011,0.1773402902847675,0.18231155425587567,6.705416846960927,12.192508627123528,39.82433324693093
Batch_2,img_b3esycq1,learned,3,0.06068496921235927,0.7247805968785137,0.09720265005388103,0.11733178385524601,0.0,0.06875173264696684,0.11012365493167388,7.073059182111215,px,57,15.144075956308544,8.073652977365324,22.025082668269306,118.04558439429081,145.4252689117371,2.0699346256694504,64.49486877200486,0.15789473684210525,1.3075196918954353,1.019889985313351,0.07051443426601926,1.0531927319253176,0.19412578286685792,1.2469913371084236,0.6751897108423026,0.2942336914505079,0.6997414091866386,0.0060248993628535625,0.0,0.0,1.5296409917500697,0.7767104487446806,0.18585386095511944,-0.07467182223008949,-0.07571889365633364,1.1053530768137998,1.8721047639846802,0.13089019060134888,56.980245316127224,1.699189027408062,0.18930878149032135,0.18953869799037487,-1.411197078837168,24.60498491740693,46.921440312262185
Batch_2,img_epqdaau9,rule,0,0.10236579751329118,0.7054998911958219,0.10793027785600301,0.0842040334348839,0.002914245240350563,0.11177795191349822,0.11785406553035829,11.484249902879037,px,49,13.06716844593499,12.34008661239403,44.07906016767892,187.578838479783,197.49859101513033,1.8471123464835604,131.98308298621134,0.12244897959183673,1.0425529156353575,0.9737921075241238,0.09344924418138204,0.882499243041001,0.17188974578689378,2.7707435233437137,0.6590368938860492,0.7442888127622483,0.2434678612693329,0.00717572416029838,0.005067601808120326,0.00035184940845318203,1.4370107390823448,0.717928059917281,0.6040450980077547,1.0616779134397505,0.31548372419013354,-0.21917888760799914,2.279099702835083,0.15683448314666748,53.52253400242086,1.6896526459360213,0.11902022013703344,0.12266685857650708,-7.002807199466529,22.664690236207758,41.03536427390728
Batch_2,img_epqdaau9,rule,1,0.037921989537731585,0.7453486213870613,0.09888459716853128,0.11784479190667588,0.0028315753991619945,0.042987888287476704,0.1120943301828471,4.426043951847367,px,24,6.4002457694375465,17.280013621948047,73.19776540773735,153.58613447819997,146.58943958039862,1.8120028959889365,146.89151934626474,0.08333333333333333,1.3233854343149118,1.0576599772605328,0.0929076206800197,1.0790872552716817,0.16648764654408857,1.9808754885389661,0.7461140751823342,0.6787754169522504,0.3055060543751428,0.009869773817683345,0.005848754854923464,5.0487201494421164e-05,1.9103850399428,1.007797847045815,0.5128244583081811,-1.2227688937421601,0.1763502692462296,0.6179739517993493,2.2583162784576416,0.14185059070587158,62.622489125119856,1.6449957336095675,0.12741034487997915,0.13091218721468728,6.641080903992392,63.00895908637009,48.15828547916778
Batch_2,img_epqdaau9,rule,2,0.030073154809144673,0.7449384723040031,0.12775797257281346,0.09723040031403872,0.0033374614918546207,0.03331210401813039,0.14151780544809608,3.4308495659255014,px,28,7.466953397677138,9.912740138456186,34.72256733806252,101.99917004721617,184.3475974579713,1.7499935324476699,124.17611775540786,0.0,0.9816099267581634,1.2732498890803776,0.06933389973306059,1.3341952760771878,0.1465536377858196,0.38527168708085924,0.6703475541407652,0.6048250641340538,0.3874242672343213,0.005840292560449757,0.0019103760711751542,0.0,2.7231253475699133,1.523187640451984,0.12150488325219819,0.30323415863091074,-0.11543685588956526,-0.14520212465127671,2.2072293758392334,0.1517537236213684,60.25830310430766,1.5681011294863954,0.15686165101860192,0.1596877284038467,5.397671760708361,37.59865212379179,47.15380330577802
Batch_2,img_epqdaau9,rule,3,0.0469551364105715,0.7376285916045843,0.08920049196555814,0.12621578001928607,0.002983581236186136,0.053737679551603586,0.10208526307276065,5.531006059883433,px,27,7.20027649061724,19.69172947339703,52.877538144645285,133.17387310120534,161.77589079350258,1.6892307074061317,127.73319720947362,0.0,1.1025841124443447,1.1627580349272584,0.054626631408665485,1.2760758052654348,0.14060357514396074,1.9380411904470116,0.5995760632211554,0.7914298564828065,0.2005560780144744,0.006501206198634338,0.0015128593040847202,0.0,2.450302298132791,1.3349208363052023,0.6044060172050411,-1.6636782783260662,1.1129047225937914,-0.5367039452108747,2.2305068969726562,0.1255706548690796,51.856358515428596,1.5725473506651546,0.1646036112231846,0.16549532065530645,2.975237581203192,11.472383927303706,55.524202630440115
Batch_2,img_epqdaau9,learned,0,0.11526229273870783,0.6767619876603261,0.13245068610634647,0.07552503349461953,0.0,0.12467865211581909,0.1432712522298197,12.80459018135239,px,55,14.667229888294377,9.09728368293446,43.54140193092842,195.92673022211275,219.44001362988442,1.9463053318120513,87.25835849591961,0.10909090909090909,1.059975042319934,0.9521474711467344,0.08775916570177494,0.981620379104696,0.21552760227535156,3.1159621145660963,0.8079602729373742,0.20978068128791413,0.7901073261782547,0.00011199253383107793,0.0,0.0,1.3499621916812252,0.7632324757693176,0.6305643352601226,1.0580937676498858,0.34319563254922003,-0.02341658628115685,2.2588002681732178,0.214674711227417,53.30919867948573,1.7741726918152945,0.13756351610602624,0.14106660452437497,-6.397700849000701,16.149295377090674,24.43099426265683
Batch_2,img_epqdaau9,learned,1,0.045194535470162056,0.7319307728083425,0.10978341568316223,0.1130912760383332,0.0,0.05095736939905827,0.12378209021643043,5.2452907233587975,px,26,6.933599583557342,7.888340112165581,69.9769464767579,158.75980499330484,155.0526010220059,2.1231868133635587,139.08178988546547,0.07692307692307693,1.1579936381403082,1.113519818923414,0.0781886754543107,1.0742373449197038,0.17738575481820998,2.1854000958028337,0.6393194097310438,0.12920705182019385,0.8670915057620392,0.0037014424177669236,0.0,0.0,1.9896950174197854,1.0204751793138789,0.5369829929834227,-0.07875309983249251,0.13707951980546393,0.7557210547066089,2.2841848134994507,0.18092650175094604,65.48488975838646,1.5794353098878955,0.11948589730356882,0.12886427421119387,10.997018817083184,48.5033014108442,42.19868944322287
Batch_2,img_epqdaau9,learned,2,0.030907320174428033,0.7379990058284904,0.1428849534488791,0.08820872054820239,0.0,0.033897363213443596,0.1567079623033758,3.49106282345815,px,26,6.933599583557342,7.312214507087743,46.71209327958233,102.15806256430554,106.9284392092289,1.7858947401900833,127.47497121583575,0.0,1.0867489636851861,1.3169589695606836,0.06948391646319223,1.3666762235214613,0.15255133310172905,0.32952083354164025,0.7470274527926206,0.19910552536231885,0.8008378623188406,5.661231884057971e-05,0.0,0.0,2.699406317340528,1.5236514796718164,0.09597580090348663,0.5021796196332176,-0.21725547177546145,0.5689677260706179,2.2157509326934814,0.1606959104537964,64.54486649125128,1.5793714114922424,0.18526799298318472,0.1868676397178232,3.7511369673077173,23.641477851214,40.565297988357266
Batch_2,img_epqdaau9,learned,3,0.04585802761492708,0.7340623213264723,0.0997355631789594,0.12034408787964125,0.0,0.05213177900935038,0.11338019992220902,5.36598355325885,px,29,7.733630304737035,10.444331322709223,42.744575640599805,124.09923521877847,161.53566550394504,1.8071298013700456,118.93290767445542,0.06896551724137931,1.074109235832092,1.1413402756790927,0.07237510714264549,1.221005846378303,0.13905217257151864,1.7450576808928717,0.5603163809044991,0.28539633624379385,0.7135764423900017,0.001027221366204417,0.0,0.0,2.514838286601987,1.3724353848236208,0.6315194646106973,-1.731042970434935,1.2034772826159954,0.1313570982365567,2.2310105562210083,0.12641853094100952,54.4132852188,1.5809646626657294,0.15514419952539923,0.15647787474906608,3.742959696595806,10.234878838806473,45.091454421011484
Batch_2,img_i9jiqjwl,rule,0,0.03206569034661278,0.7871640937678673,0.0895845749095225,0.09118564097599736,0.002681552471908866,0.03528299264664886,0.09857301881291743,3.6336119280811663,px,32,8.067094020972428,10.488216592209747,40.216416256662754,130.4550714515254,138.1285436752897,2.0943668373962154,74.54858004448374,0.15625,1.7021174067423077,1.35521697250112,0.06505923411188132,1.8347213436690872,0.17661126261817583,3.651762796754424,0.8226073653945805,0.7214151505430548,0.27620182393107556,0.0014664772466889693,0.0009165482791806058,0.0,2.612171751915164,1.603979914102743,0.8499333346554673,-1.9721352770575984,-1.0560875511281602,-0.36818485293266545,2.117034673690796,0.12191557884216309,66.3920989467999,1.5569843108254333,0.1319780256262363,0.13636627257498518,7.287377036670366,24.371835592314223,43.4656036617177
Batch_2,img_i9jiqjwl,rule,1,0.05299753046084283,0.7689975022260137,0.07955843752489455,0.09844652978824886,0.0023697088686606507,0.05878467801626354,0.08824594453195146,6.04952947028547,px,30,7.562900644661651,10.826923248905608,58.285405570674314,148.64054943296588,147.14860413121892,1.7780098522181826,135.7192422865495,0.2,0.9422331361029749,1.3445883298873194,0.08088911907305738,1.5157908442876782,0.19227735669386814,0.6403644354157613,0.7802724733182976,0.7776671359406655,0.21350822374068607,0.006043333447790406,0.0027813068708580847,0.0,2.194924879574039,1.181446139866077,0.2165436159755746,0.8963777323452625,0.3876370206572624,-0.5255647076060093,2.1293320655822754,0.1356818675994873,55.417013054156214,1.6447223311428367,0.08694528866600036,0.09139898013703804,-8.980003771148134,9.703796372492592,44.95793512144444
Batch_2,img_i9jiqjwl,rule,2,0.04553471220137887,0.7643977460539305,0.07652067243262212,0.11354686931206848,0.0023081972767507357,0.05136730936472826,0.08632229926610817,5.287420814747964,px,31,7.81499733281704,13.81976597885342,60.03783099967258,138.71722762361753,138.71722762361753,1.8880915707634471,124.4530534845575,0.0,1.1194722395379024,1.1308047485719914,0.07876999652803522,1.31753775275612,0.2007160170041628,0.8561561119660566,0.6847144861918087,0.8359602599536864,0.15346978411892134,0.005453051467841937,0.00511690445955031,0.0003356408642752255,1.7831174333960278,1.1470479605775739,0.22569109384513983,-0.16079023288819516,0.09746821724471284,-0.7498912837267208,2.1286091804504395,0.14008283615112305,62.60189942888754,1.6219392878735126,0.16090163209032046,0.16112734074788954,-1.5165189226841151,8.747453273097706,52.88637377764571
Batch_2,img_i9jiqjwl,rule,3,0.07040783193823026,0.732507767098962,0.07692301874691812,0.12016138221588955,0.0024534049691282396,0.08002357536380213,0.08742855472819565,8.229819684982514,px,39,9.831770838060146,17.380511143983707,63.04802819012802,126.85305355694086,190.17457576711536,2.0749723962582087,83.56591585059266,0.15384615384615385,1.0957215259706383,0.9871519035558325,0.0593554088374054,1.0015844824511841,0.14008527683140876,1.0149261976376727,0.654089307380674,0.8257776081563667,0.16560804732437368,0.0025624948886405147,0.006051849630619088,0.0004195888029730864,1.6316909402878639,0.6615541500292073,0.45628879184492876,-1.14110624988673,-0.24267956555225995,-0.9146330887774076,2.122298836708069,0.15762758255004883,57.00253816283485,1.6511184971773565,0.18164920084076833,0.1866826634366721,-6.667603017159443,22.98694184160493,62.74645846626345
Batch_2,img_i9jiqjwl,learned,0,0.0389280142948906,0.7648883262090809,0.1101538999861851,0.08602975950984337,0.0,0.04259221205497211,0.12052241430433254,4.385358699058929,px,44,11.092254278837089,9.337711499066181,24.836760757933337,138.66942424736948,139.755123756653,2.2120382792614683,57.393346837037264,0.18181818181818182,1.670129448638629,1.1419101271970094,0.08820545707650519,1.4782653272266988,0.1782234155410446,3.3897747794328428,0.6705871338085201,0.2700619507275609,0.7298299956778562,0.00010805359458291313,0.0,0.0,2.1898975079207004,1.3102539782854943,0.8777056332747086,-1.5672423097360981,-1.1953001477640735,-0.5211852982117265,2.0953567028045654,0.16420316696166992,66.56479664345227,1.5957750420960768,0.15109258331129405,0.1533131057752003,4.8817007667606696,39.76246138702345,28.812431466655593
Batch_2,img_i9jiqjwl,learned,1,0.05640335671782213,0.7417950090906066,0.10905324584569867,0.09274838834587262,0.0,0.06216947536195157,0.12020176591019734,6.397189409591922,px,41,10.335964214370923,7.399277020331919,31.815490536285218,149.00160382206303,149.00160382206303,1.7849381318211417,113.63065734967233,0.0975609756097561,1.191443872207626,1.3032393469886416,0.09877996792695966,1.5261501548379877,0.17120454101178945,0.668097756239273,0.6849803762155007,0.25285709634356784,0.7469149871389965,0.00022791651743561358,0.0,0.0,2.124715117554315,1.1333246650360107,0.24083356568438305,0.8869034288153544,0.4762700655867307,-0.32553173622955756,2.120222806930542,0.15171605348587036,54.72348133312703,1.7009059483921039,0.1084182409232332,0.10933187043007693,-3.7061432328115544,16.179710999968716,29.852146234734928
Batch_2,img_i9jiqjwl,learned,2,0.04815979501514093,0.7458812443089172,0.09448709920408034,0.11147186147186147,0.0,0.05420176686235106,0.10634114453662635,5.57869266768666,px,44,11.092254278837089,8.775181389952683,30.73634202799,127.11940273602102,140.9887079606213,1.9947826137812794,119.93461058812558,0.0,1.1020681803995338,1.14532380440565,0.05831051508413706,1.3001294439653477,0.1580031528514314,1.0418976158520155,0.6439289317120702,0.3513180905499061,0.6472893322106354,0.001392577239458514,0.0,0.0,1.7449348030315048,1.1055557412528032,0.255479846957016,-0.3638076998325585,0.10482944715157659,-0.9629875328392208,2.1267893314361572,0.14980363845825195,56.64418463295778,1.6665623968610654,0.14144426581126798,0.14155925714852735,1.154783214618406,7.642498573574752,39.54424747804027
Batch_2,img_i9jiqjwl,learned,3,0.07122336472441294,0.7072486873325448,0.10396417000190585,0.11756377794113643,0.0,0.08071219533377443,0.11781493937243528,8.300462440071586,px,58,14.621607913012525,7.930483982754073,31.76320591987475,109.02891441431156,191.96379581505747,2.171296071862628,68.75736818272718,0.1724137931034483,1.1771711122605597,0.997750725979532,0.06350120407565431,0.9495953364547521,0.1454317480493556,0.9140171388135206,0.5705889566264754,0.19684070161042158,0.801595035388245,0.00156426300133347,0.0,0.0,1.6214354123044807,0.6577795163634672,0.4466365707047541,-1.158386450741229,-0.32003556038747,-0.7373879281427662,2.1184186935424805,0.16643035411834717,55.73781919983771,1.635534493183435,0.16551997530303486,0.17033401562769362,-6.827158634759069,19.042630006654303,42.13916689776315
Batch_2,img_r17byphk,rule,0,0.019848115796419864,0.7207977914161795,0.08596158994239483,0.17339250284500585,0.0019887499710817412,0.024011536145913056,0.10399323770744422,2.4736858991641784,px,32,8.813183641409184,13.037338424070144,28.191804126277486,74.00184734345537,117.67106717028997,1.8803584518439056,150.01346608750976,0.09375,1.127427658781553,1.212600775898654,0.0556742910286842,1.242207438070047,0.11804638506004694,1.5991396468195707,0.5882259014419591,0.7735109717868338,0.20269816390506046,0.022951186744290194,0.0008396775638154949,0.0,3.0576387468354724,1.714178526530343,0.45368777793370735,2.482930110092341,-0.7024840043130618,-1.5931787966485447,2.003969192504883,0.15537530183792114,47.23045291309417,1.6310875909073177,0.2420769480302059,0.24353116791623536,-3.1322884368397697,45.51320299166054,62.43404114838898
Batch_2,img_r17byphk,rule,1,0.03337167068217346,0.7161807848360362,0.09277500713317051,0.1576725373486198,0.0023280575412759946,0.039618405147482674,0.11014125888896482,4.079546301367469,px,35,9.639419607791295,13.840840216107663,26.86869594648831,94.76035788123876,109.63874562327257,1.8007117316635644,109.5540829471562,0.11428571428571428,1.3519155704756547,0.9960662670809505,0.06203523664496552,1.112480551356839,0.13929065154971304,0.14179737379341356,0.6660689470920736,0.7682937365010799,0.22557235421166308,0.0027645788336933047,0.003369330453563715,0.00019249278152069297,1.9766822084584006,1.3093483049811228,0.04534534912967939,0.4911862884815073,-0.1325879561140845,-1.3765634568872211,1.9579989910125732,0.08445531129837036,59.60118593121619,1.6400219276527688,0.18300873435940004,0.18544030878518705,-4.644351135421134,33.67170091606833,68.07419479633502
Batch_2,img_r17byphk,rule,2,0.04494530868726528,0.7067201076089723,0.08064007949491644,0.16769450420884602,0.0021743776515289223,0.054000975500638974,0.09688759704543755,5.558060815148314,px,22,6.0590637534688145,15.003913287191077,50.298270682892955,172.54818642240923,201.519168515871,1.7312895956195686,210.66742825524418,0.09090909090909091,1.0275949227831611,1.096515554913723,0.07007473154008095,0.9952363840812934,0.16351477433007217,0.8812604740526327,0.7249774149576775,0.8144796380090498,0.17913788997380328,0.002286258633007859,0.00409621338413908,0.0,2.482616181500807,1.157686188364351,0.1584075821287964,-1.9641712231161512,-0.05433453752456921,-1.1622696002628927,1.9476616382598877,0.10079407691955566,51.21399674068052,1.6721050375949973,0.09375110860703086,0.10015843620884927,-10.302561014403413,8.946462164431074,66.40564260904029
Batch_2,img_r17byphk,rule,3,0.04860333072242768,0.7446501221176758,0.08076236241794099,0.1259841847419555,0.0027579756557834867,0.055609211954680736,0.09240377692032577,5.723304245451312,px,30,8.26235966382111,13.003282024569877,33.548329178094185,112.60294891104269,213.80328841035586,1.828907734387895,132.71209120032947,0.13333333333333333,1.210194639687327,1.074021226170944,0.06707220041580625,1.0177984636697321,0.1272964557503594,0.9306928907931463,0.6886700696987998,0.7119915291626224,0.28169946174887495,0.003044207182564193,0.00326480190593841,0.0,2.0060866223280756,1.3525851017999375,0.32963248008014295,-0.9912750535420942,0.668266216533696,-0.18479605878203295,1.9716970920562744,0.08959579467773438,59.322138961970666,1.6081053991883607,0.18545463405110707,0.19624245113679706,-9.54306320958908,5.553194503470747,49.9673048871057
Batch_2,img_r17byphk,learned,0,0.020345234436193103,0.6909624106701214,0.12637747306195338,0.1623148818317321,0.0,0.024287448821678007,0.1508651285799345,2.5020892566005704,px,38,10.465655574173406,8.221773429739855,16.05323830154294,59.94069904086991,124.41883452632929,1.8167147533328487,119.98486547977863,0.05263157894736842,1.2131054523641798,1.220744535468476,0.058280187478262586,1.2564229103979867,0.13893233025259738,1.4012212316901886,0.5253709462396466,0.15981402643961462,0.8394577638359848,0.0007282097244006273,0.0,0.0,3.1080078472245516,1.7673416947172762,0.4778046193887863,2.7228515669729454,-0.6535182033941334,-1.1766744650593937,1.9970038533210754,0.167179137468338,46.24948811719464,1.6486225784182111,0.22956363268657942,0.23099476411415634,-3.190588564611737,29.239766081871345,38.527888674889354
Batch_2,img_r17byphk,learned,1,0.04462748325219696,0.673901739612286,0.1384823807934289,0.14298839634208813,0.0,0.05207337107422719,0.16158752133851628,5.359981238873779,px,49,13.495187450907814,8.121926390429422,19.44613444328572,98.51941161612189,155.42987847194945,2.06019196405624,96.44188500870239,0.10204081632653061,1.2482278930424016,0.9800360377231252,0.04973523623720858,1.0303071572371392,0.1602512541903572,0.5494928387303548,0.6455254487504445,0.22979479722087576,0.769041848440782,0.00116335433834222,0.0,0.0,1.7161052304596844,1.1246706389092793,0.1512151564848184,-0.27749393273488393,-0.02748533585047441,-0.7593996182636719,1.9335498809814453,0.13655924797058105,57.97717135304921,1.6770975299722133,0.17141534181058352,0.17196056645493585,-2.281895521232477,56.65302797474682,41.37503749663858
Batch_2,img_r17byphk,learned,2,0.04712629622652526,0.6614974590489914,0.13593895107691595,0.1554372936475674,0.0,0.05579964148554251,0.16095779514586947,5.742869452289331,px,29,7.986947675027073,6.991435512471357,42.92292652221864,142.07399780244725,179.28805187848943,1.6780230285782602,164.9411644492439,0.06896551724137931,0.9735910512393432,1.1008616082294793,0.07112164106577198,0.9952425614551671,0.15512872662174768,0.784317639512022,0.648662891306879,0.25962772785622595,0.7401888868512745,0.00018338529249954154,0.0,0.0,2.4618028068865345,1.14844012772935,0.15337147226744902,-1.944510963354642,0.012256087515762484,-1.0293076928152853,1.9429906010627747,0.10799533128738403,49.15867964746068,1.654348597840764,0.08797697943847967,0.09283640545084575,-9.310088320554806,9.467483285801112,42.24249088305792
Batch_2,img_r17byphk,learned,3,0.05600310003734586,0.7027679455697778,0.13008479384310992,0.11114416054976639,0.0,0.06300583013774692,0.14635083448804104,6.483082028557879,px,36,9.914831596585332,7.223001330138923,34.128738341036396,125.02406006520309,174.65837011809586,2.1320610864579397,109.96840380228379,0.05555555555555555,1.3162456326466292,1.041165409935512,0.07255676690444289,1.01544340443107,0.15161143606717706,0.20965608412948147,0.6251956792160772,0.2095120027048349,0.7904879972951651,0.0,0.0,0.0,1.8160989605621005,1.2348840728937591,0.11308386698724252,-1.0540715693196976,0.9043826287814708,-0.6929929748710617,1.960890769958496,0.10375738143920898,57.58051558027562,1.6650552801371141,0.17922700638949826,0.18471074195255444,-6.99810024982507,8.261902303005266,28.608412362439584
Batch_2,img_rxax5ozo,rule,0,0.046998894163220624,0.7348302019758799,0.08152277491900134,0.13664812894189815,0.002369848108110504,0.054437704647144605,0.09442589707842888,5.602935582352858,px,18,4.986237983166461,21.1124225211374,59.11505063339979,172.21924641129453,152.61927870156202,2.128807915729343,225.72109869408806,0.0,0.9813465559489927,1.2369389789473737,0.08794625408216185,1.1497270604417535,0.15142347680269133,0.1919656496780737,0.6812217972729121,0.8374953925543679,0.14435127165499448,0.007510136380390712,0.010643199410246959,0.0004,2.7678848532352758,1.58146410040143,0.20033318232403616,-1.3624060062892296,0.1029390982411629,0.9514518532303525,2.2654612064361572,0.10793709754943848,48.375696880022126,1.6831625119475198,0.11845737375163676,0.11980193919996988,4.296093303252574,21.454294690062067,68.95641782492488
Batch_2,img_rxax5ozo,rule,1,0.0737946600715359,0.746817118087412,0.08533281476458308,0.09405540707646895,0.0023878539674941604,0.08145604118392785,0.09419209014671591,8.376767219099158,px,39,10.803515630194,12.170805704639974,40.3227838650409,169.91465840575444,173.67511282499862,2.067975898670943,134.69894190221763,0.05128205128205128,1.01588224881217,1.0116016287837069,0.07918695168485987,1.0806674532884628,0.15790806833563611,0.5833854346510021,0.6672000797888482,0.7728742858870115,0.22071758909409667,0.0024181603844875012,0.003989964634404377,3.363832077502691e-05,1.6958061052102833,0.9577176011932715,0.22338831230789066,0.2944687335019785,-0.13529946929805617,0.07274351506532487,2.26529061794281,0.10827434062957764,54.86290444147051,1.6065145211012124,0.13145675575046806,0.13704239611552924,-8.207348873658812,6.907062471376983,54.37762104955485
Batch_2,img_rxax5ozo,rule,2,0.05239040248913,0.7311096374007738,0.08328790316504227,0.13321205694505386,0.002585918420714384,0.06044200650101676,0.09608798072513405,6.219766395342373,px,35,9.695462745045896,11.89409013392517,42.75946662716566,143.8011720465745,148.419396857227,1.9070052652231053,124.6727366867781,0.05714285714285714,1.2947010168801214,0.9342175310658373,0.08477243757608822,1.099451073305401,0.1585584508310588,1.7463213813611758,0.7881843771039049,0.7824476759989127,0.2060342484370753,0.003635498776841533,0.007882576787170427,0.000543931537150524,1.5811144129930952,0.8900462379982443,0.3321436726662142,-0.33079524409560584,0.13589343676992516,0.10857627861223307,2.262749433517456,0.13155710697174072,47.71322988424144,1.6322769627433287,0.1315620335807736,0.14038534251325643,10.210894953990518,56.15304082992291,63.093466764724496
Batch_2,img_rxax5ozo,rule,3,0.02713316801184287,0.7400663058846473,0.09738649106244543,0.13541403504106445,0.0025789930901822084,0.031382845791547855,0.11263945403864023,3.2323461300975422,px,27,7.479356974749691,13.454672222886884,38.8431314457417,117.63413050339103,128.41232551381154,2.1003271489582223,134.95389708939297,0.2222222222222222,1.2276877270360136,1.2216776803232101,0.08303981760462209,1.202772763251605,0.18135466013568471,1.0604974681338122,0.6839753590740729,0.779874542603241,0.21312075274438055,0.0016204913748039727,0.00538421327757449,0.00023367215796237878,2.7349542212776528,1.2826257452908616,0.25583993350572704,1.19528753204811,-0.21760686751821295,0.5575830148983303,2.243551015853882,0.1409282684326172,55.04825261958537,1.6029437766233467,0.13593153049154139,0.14986181560025139,-12.449878465018646,16.13084360228282,56.011546673294426
Batch_2,img_rxax5ozo,learned,0,0.04789198478864999,0.7275356128197287,0.10218546810802186,0.1223869342835995,0.0,0.0545707290143356,0.11643567319113154,5.6166038533892495,px,31,8.587409859897793,8.593479713983122,20.342144725641095,134.89677376926014,153.8407509652017,2.1190513501464605,138.61990736469656,0.25806451612903225,1.1180295721726923,1.2434598431967838,0.06749921781861884,1.1494801012841716,0.16381743740237767,0.28091521472448916,0.766657947926495,0.3608116953960288,0.6384900720052368,0.0006982325987344534,0.0,0.0,2.761020971775788,1.562503151326224,0.2214667842508518,-1.2733190165851254,0.0853754272198657,0.605371086351743,2.2625584602355957,0.11334609985351562,51.26369495396695,1.7565820289499894,0.10130164921882819,0.10449213499175257,7.097501831555264,18.046469659372885,51.33346304405684
Batch_2,img_rxax5ozo,learned,1,0.0738672375355131,0.7305569960243062,0.11496353397954978,0.08061223246063089,0.0,0.08034394207050402,0.1250435757778634,8.262685191769839,px,43,11.9115685153421,8.977377461035491,30.860706075232656,166.15689961092863,172.75260255361562,2.557931711947406,112.02423260571378,0.18604651162790697,1.1593936468931998,1.0115858685602124,0.08547098323998704,1.036334871595984,0.18359046041745067,0.6071586350161549,0.7102626874405668,0.28340707280096533,0.7164382290151914,0.00015469818384332169,0.0,0.0,1.7253047030066966,0.9718380403134512,0.21569197487382874,0.3098094792001786,-0.17774267584996992,0.055020855219549386,2.263796329498291,0.11108970642089844,58.8920589300041,1.744477893731545,0.14652857877371692,0.1476037569874741,-3.4598967118030655,6.1502460098403935,37.303811829229076
Batch_2,img_rxax5ozo,learned,2,0.05225023379915877,0.724115607589719,0.09940120822086597,0.12423295039025622,0.0,0.059662251305803674,0.11350188188190088,6.1396739293931315,px,35,9.695462745045896,7.415398701283063,40.1170136543742,144.5186650045627,148.86481879918944,1.9668159534175156,127.5988049881632,0.08571428571428572,1.2649933192417744,0.9358543921568552,0.08795697140727245,1.0856653097331628,0.16662741112479207,1.5015793220208757,0.7489476719218693,0.22355289421157684,0.7754860649072226,0.0009610408812005619,0.0,0.0,1.603803130790245,0.9072303606382859,0.3309137490461212,-0.29994113161413233,0.11018185634684866,-0.37361789087786934,2.2595527172088623,0.13900500535964966,46.85152052093316,1.6327474148339067,0.13374236502847575,0.14785453073261176,12.618378566132746,53.22871381613826,49.663142197947906
Batch_2,img_rxax5ozo,learned,3,0.02930882985183117,0.7407895874054277,0.10717364518373733,0.12272793755900381,0.0,0.03340905416534045,0.12216694201514669,3.4408242445465316,px,29,8.033383417323742,8.290396219112935,35.78936967876878,116.92087454566412,114.16721604494813,2.318918183406288,139.2307881043285,0.0,1.1781295603269408,1.2806011352020241,0.08865152761071224,1.3618776646593715,0.16114107832140356,1.5164706765395004,0.7442587608791666,0.21344571745823449,0.7865542825417655,0.0,0.0,0.0,2.761934105811862,1.3454322320154704,0.3006168294316655,0.9894462688094599,-0.22859696959373038,0.456602934043322,2.230705142021179,0.17233914136886597,60.26009609670967,1.6060684958809133,0.1063408599801963,0.12597416632315298,-16.209608902726696,9.451527839475252,42.846410687595515
Batch_3,img_0grcilhi,rule,0,0.06848183924648671,0.6789524841262676,0.049194426890554,0.20337124973669166,0.0017564924317655202,0.08596455905445483,0.061753265714165916,8.839182438158895,px,37,11.134181938551352,14.54894062692489,45.86274880447626,134.38686782004905,160.09469708743893,1.799739509193006,105.7270691280774,0.10810810810810811,1.2398805737032141,1.2201823843619968,0.06899995650504832,1.7557472298739374,0.17928618857317466,,,0.8513929980276134,0.12731139053254437,0.02021696252465483,0.0010786489151873768,0.0,1.8060835595068703,1.1261212052802423,,0.21093935473506986,0.22250838712841287,-0.22792350853987844,2.111303448677063,0.14809274673461914,52.58779602878194,1.6461402512639343,0.18197714645546037,0.19411523743358244,10.184564503831357,11.952261262369712,40.1555339954712
Batch_3,img_0grcilhi,rule,1,0.0523511179320514,0.6604947187866751,0.040377358490566034,0.24677680479070746,0.0014038096957660017,0.06950279580477468,0.053606100751247686,7.150161278125032,px,23,6.921248232072462,15.059623404453244,50.751981232255694,144.52824000360783,149.47510672688156,1.9845319686054503,223.46347712954113,0.08695652173913043,0.9736756657722949,1.080689946985682,0.058692524779779,1.3890285832440925,0.1893707448574387,,,0.9157967091979207,0.06422648966791253,0.017141384198994716,0.002835416935172058,0.0,1.6172673323287647,1.1547943397258982,,-2.9506768342203054,0.717418570815379,-0.40913739466789245,2.121391177177429,0.1623724102973938,57.49199820959855,1.6481721001573333,0.1515929932081685,0.15358154374400698,4.615047241801609,5.863147245470431,45.99774931773346
Batch_3,img_0grcilhi,rule,2,0.02548042490445668,0.7136824049832987,0.036475279106858056,0.22436189100538653,0.0011230477566128013,0.032850919274047215,0.04702615650762379,3.383399931412255,px,14,4.21293370647889,24.64808556348001,66.10300219041554,132.99065655454984,117.93046912118251,2.009789672547823,265.73519906300197,0.0,1.0289033751934802,1.06211700660169,0.08813139367443545,1.201904695719857,0.17722829417037608,,,0.9296724470134875,0.046242774566473986,0.024084778420038536,0.0,0.0,2.0480850643967483,0.9832739013058821,,-1.609174211323235,0.09173221353586337,-0.05687894305078082,2.1570305824279785,0.09976768493652344,56.16851513848454,1.6111929613115785,0.15052013701140732,0.16083058707327702,10.313593538303234,24.564801473888085,38.7664559262417
Batch_3,img_0grcilhi,rule,3,0.03347296199331949,0.7161054437121964,0.031576840901567815,0.21884475339291626,0.0012241581655682947,0.04285058845691423,0.04042325906242139,4.4119262636713,px,19,5.717552887364207,15.655760813062432,50.057321382978536,115.83868726298161,125.7927703088242,1.9948319028427848,153.01755049042973,0.0,1.0497401089008782,1.1961923517285125,0.056852049781993666,1.090638255035521,0.13486550171178774,,,0.8933787128712871,0.09919554455445545,0.005569306930693069,0.0018564356435643563,0.0,2.891013356973565,1.3791495315838476,,-2.122133801392889,-0.008908399845130532,0.04924574637361761,2.1764414310455322,0.1063164472579956,62.80519413788785,1.6802395851435343,0.17262507649501782,0.1808050870368038,8.650283964554056,9.70926155671827,39.08072059806109
Batch_3,img_0grcilhi,learned,0,0.06961120640365924,0.6409268454154253,0.105938130059282,0.1835238181216334,0.0,0.08525809809113265,0.1297504231116248,8.766732923427965,px,35,10.532334266197225,13.015171818875379,46.27730452656619,144.96723064473264,162.23957935198803,1.7635027697739134,121.91407503087126,0.05714285714285714,1.1631505096393913,1.2350851856277079,0.07707034188446543,1.7248820172125008,0.17434260564265586,,,0.20986608451989183,0.7886351047538366,0.0014988107262715455,0.0,0.0,1.8179164230538474,1.134026476428253,,0.23255316110694976,0.2711631275713991,-0.48430414770048585,2.106660842895508,0.1562366485595703,47.01426289887654,1.6625305808732664,0.16166865482745277,0.17623780411875553,11.730416677305112,13.746892899600129,26.752881874147835
Batch_3,img_0grcilhi,learned,1,0.053102223827149346,0.6397415064247239,0.07310192290331317,0.23405434684481358,0.0,0.06932897080674526,0.0954400910850292,7.13231719611702,px,28,8.42586741295778,7.586365825296482,35.422590069084585,131.56216841006838,150.14652636368513,2.115028106444001,161.27458978292887,0.07142857142857142,1.0543129162366551,1.060495522985084,0.07440639601364858,1.3943016315360137,0.19068083863287125,,,0.289189760947747,0.707636979056484,0.0031732599957689867,0.0,0.0,1.6103368628253172,1.1596334079015154,,-2.8909586195244774,0.8048956543683883,-1.4390962726397254,2.117009401321411,0.1715097427368164,49.92997474779774,1.6534012692871465,0.1538002156962961,0.15776175280299795,6.433564264257277,7.366941699156769,35.17527664428425
Batch_3,img_0grcilhi,learned,2,0.025941139297643766,0.6820878095753965,0.07552315608919383,0.21644789503776593,0.0,0.03310710179113626,0.09638562082968805,3.409757793561916,px,18,5.416629051187145,14.080006167134165,43.05149970071122,127.30057041627276,121.0945904519061,1.8774492476607554,262.6255449712666,0.1111111111111111,0.963244835666241,1.0972560212635485,0.0657349647887779,1.2649774285914284,0.17585902917005292,,,0.35824592074592077,0.6387674825174825,0.0029865967365967365,0.0,0.0,2.046558479061343,0.98616193791497,,-1.640923821520739,0.14276458972946246,-0.07455372996298465,2.1544132232666016,0.10450029373168945,57.024988474341875,1.7406954947334452,0.13721199195264966,0.1517411706671822,12.638753359669908,22.504495098892175,29.276737523195067
Batch_3,img_0grcilhi,learned,3,0.034172008064758806,0.7001504619180885,0.062123318588065364,0.2035542114290873,0.0,0.04290562968017535,0.07800068690115765,4.417585824945517,px,21,6.319400559718335,9.166995688475081,47.81985175995794,114.49017911178451,126.22725404133541,2.0955213569070685,118.29844179025206,0.09523809523809523,1.099469239981601,1.191541964713851,0.06217591954212675,1.0824986391215223,0.1540281467181028,,,0.4231942410932162,0.5754636408003905,0.0013421181063933627,0.0,0.0,2.8955999632572915,1.3787998874459904,,-2.125290145715367,-0.0002572324449948491,-0.5247397926779784,2.174142837524414,0.11050677299499512,50.183562341860544,1.6941307749017742,0.16250432015744795,0.16825411984527366,7.510964927559757,6.1643051507172615,29.819441519424757
Batch_3,img_71vgq3fw,rule,0,0.049056659391803654,0.6953573248081728,0.10488122173204033,0.15070479406798326,0.002463887090566483,0.05776161109724959,0.12349206848158721,5.944433708360733,px,34,9.455097187275442,11.844887577405654,30.043137738974174,124.85483400198278,125.88383285304684,1.8749199771413683,132.93594714152744,0.17647058823529413,1.1109770257276235,0.9923506008719707,0.07381130397770867,1.450366002046331,0.14163948297549023,3.11880471940529,0.6941666700718209,0.7796167567766377,0.20114752289528853,0.017065725109419252,0.0021699952186546028,0.0,2.2069347453278185,1.7759683401830635,0.8497931568973264,-1.5714016876305787,-0.06604483499898328,0.45359234201794,2.1805717945098877,0.1619020700454712,48.480919028541635,1.6928416222386566,0.09164559834710484,0.09165670183113223,-0.44592266024412164,38.54766021371276,58.445105832272866
Batch_3,img_71vgq3fw,rule,1,0.0880586571982211,0.6564351391456597,0.12162647694179887,0.13387972671432036,0.0029046614741497644,0.1016702413212951,0.1404267752334228,10.449027154864254,px,40,11.123643749735814,13.003282024569877,45.17890255077239,166.30571756829713,228.80513622048716,1.838259752018661,157.39108726396393,0.0,0.9437223205732546,1.0611789549318071,0.06375260466833167,1.044422856657959,0.18388086005400747,0.3461080879258269,0.725322601957035,0.741521096479441,0.2487772104273045,0.00666487503359312,0.0030368180596613815,0.0,1.7856179113410653,0.8518977761469586,0.09423342458029468,0.6126302209297051,0.11102873702238564,-0.07331386512022799,2.234281897544861,0.08660250902175903,47.92623643373464,1.6735187597261898,0.13010494045845164,0.13409732399751492,7.008049035033589,19.95869308456549,65.35892334857301
Batch_3,img_71vgq3fw,rule,2,0.052419058806255046,0.6935931149094646,0.11645092359614054,0.13753690268813976,0.002876296182587938,0.06077832079962107,0.1350213405757264,6.254309688260523,px,32,8.898914999788651,13.133102188402205,51.312023828573416,150.4754809662942,142.30109528555298,2.3036075029149465,146.99281282902047,0.0,1.0354802275648958,0.9336911383803695,0.08498297010619446,0.7116483919155143,0.1916454348434996,1.279571965147616,0.6661434809702285,0.8162342378028653,0.17188222090182875,0.006899055918663762,0.004984485376642239,0.0002178886588953045,1.5289132511795975,0.46454329872093103,0.3083620279039257,-0.5384443872963142,0.2691266735473671,0.217758182772758,2.1973681449890137,0.11768859624862671,50.0572179855715,1.6761351437000833,0.0996552899720212,0.09993909000882473,2.159479023308549,16.87038451744334,53.72632132670334
Batch_3,img_71vgq3fw,rule,3,0.03779063300207122,0.7312675058343512,0.10327858275879713,0.1276632784047805,0.002286186881664453,0.043321153479546834,0.11839302439307413,4.460311041323574,px,26,7.230368437328279,14.521216596978668,52.74010508956619,127.75614387133331,127.5966851392642,2.1089659907009852,164.95472170327272,0.0,1.0865343775438276,1.1809290754083286,0.07287088371560638,1.0795904246218715,0.1780609735848227,1.2169515555196662,0.586586132683497,0.7955676549406611,0.19354289846441788,0.007061125526394147,0.003828321068526947,0.00032013171133266256,1.8799936026558333,1.1067038908261613,0.4464212814965938,-0.7855603484890955,-0.017425184715936574,-0.031608365447336736,2.2516393661499023,0.11331796646118164,56.64418463295778,1.6302471452512974,0.10454455214931983,0.10468802390195449,-1.5000023752214227,33.70298690881796,55.57505579752335
Batch_3,img_71vgq3fw,learned,0,0.05221660849000986,0.6632305731123733,0.14054835114228698,0.1440044672553299,0.0,0.061001029202316225,0.1641928558804878,6.277183971834288,px,37,10.289370468505629,8.244265947958962,31.412746571571088,123.93449664060125,125.49382426569535,1.9319617371813305,103.82705106711376,0.05405405405405406,1.422639603052225,0.995144895382856,0.06675049596383022,1.4366117976851736,0.13274300811007056,2.930419976701947,0.6140629552254252,0.21925920608714378,0.7748546407293088,0.005886153183547484,0.0,0.0,2.165414568476889,1.7345061559301196,0.813496344724345,-1.384893079538965,-0.011238288490559781,-0.09901763194932402,2.1726731061935425,0.1704367995262146,51.213972603600176,1.7143945139699643,0.09222928112334626,0.09222973309483662,-0.08968666117620998,49.10314856631587,33.97989047942506
Batch_3,img_71vgq3fw,learned,1,0.09169525443110349,0.6100998791972289,0.17634868618643673,0.12185618018523092,0.0,0.10441940415915606,0.20081982268420992,10.730657940485258,px,48,13.348372499682977,10.199159309088293,38.668635738790414,160.13254604877193,230.49060719273282,2.027648236916017,125.38525867576888,0.0625,1.1188502650273733,1.0667068877427148,0.07787268599732812,1.0347402873647245,0.15624188378039658,0.31972771378607306,0.6930975497421124,0.2339368210762892,0.761792982894244,0.0042701960294668495,0.0,0.0,1.7773844553897205,0.8615077411997262,0.08883781274140867,0.5874417518857338,0.1474505848700275,-0.2265359359418831,2.232302188873291,0.09077978134155273,47.23045291309417,1.7524032171322907,0.14047805599633043,0.1542208405626068,12.185757425639766,25.71793370959964,33.602490558985544
Batch_3,img_71vgq3fw,learned,2,0.05346273468107401,0.649540148567386,0.1707490439228197,0.12624807282872036,0.0,0.061187544219966944,0.1954205062249301,6.2963406061521665,px,35,9.733188281018837,9.450529021088387,45.54236728995958,147.6844095296108,140.95258016811002,2.192765189910263,108.89243926009968,0.17142857142857143,1.338749972332547,0.9321307974011686,0.08483425838147951,0.7118480088233703,0.19084485173058383,1.229141710930036,0.6920463906321008,0.17799629959569657,0.8177208250531076,0.004282875351195778,0.0,0.0,1.5266039265258977,0.45866219718025747,0.3009007016589149,-0.49441208371806833,0.29891708979657267,-0.15570859867140566,2.1927900314331055,0.12583017349243164,47.71322988424144,1.6592421297486688,0.10830918976552542,0.10837156122673088,0.9719943944697389,17.061207080400937,27.434912724610506
Batch_3,img_71vgq3fw,learned,3,0.03908292231469678,0.7012150356067837,0.13940122538059546,0.12030081669792411,0.0,0.04442759872527502,0.15846465249329114,4.574073206531811,px,31,8.620823906045256,8.740387444736633,43.08576628335473,128.22876229890815,128.22876229890815,1.8523208119028738,162.33221162707352,0.12903225806451613,1.163369901824323,1.1591853058485153,0.08099059480919184,1.1053381481556614,0.1685885611850524,1.1555315058834257,0.690148704290686,0.16789520426287743,0.8288188277087034,0.003285968028419183,0.0,0.0,1.8828872508681715,1.134159655838099,0.453502024214975,-0.7411489849980958,0.005479083240352218,-0.20978539383974032,2.2454991340637207,0.12504780292510986,54.769995137812856,1.6791731331209254,0.11883799515771333,0.11984552933068839,3.717331874164661,47.53095204212324,33.33690259485312
Batch_3,img_9luzk4jm,rule,0,0.06075558394212651,0.6801352898118914,0.0839341702250477,0.17517495602093436,0.002218981178167069,0.07365875270837255,0.10175996817475148,7.5767357865116525,px,34,9.328061332551972,20.717489543501088,51.27509584171505,136.01586200492892,138.19305312309555,1.9725158503445184,110.69094493033887,0.11764705882352941,1.3466849044391858,1.0538759143817584,0.09652601433947969,1.5362729793519896,0.16348143582641947,0.18010767730401767,0.6288331263554846,0.8324022346368715,0.15037755540548836,0.013813002639818283,0.003407207317821843,3.419972640218878e-05,1.934559747262953,1.3187574534933173,0.10108357939919183,-1.8212001762785053,-0.15185420928622098,0.06338735313030314,1.9089581966400146,0.12606766819953918,51.21399674068052,1.610347981415464,0.12922835712222977,0.15124366502943795,15.651140411057334,35.85475662567905,98.02197305726904
Batch_3,img_9luzk4jm,rule,1,0.05806992534258677,0.6895815980395708,0.08819023538539708,0.1641582412324454,0.002239009074557548,0.06947478363393886,0.10551068364355622,7.147285689305021,px,39,10.699835057927261,14.537073705886455,44.05016533653861,119.75179441263786,139.6958929323115,1.9156824612404058,110.62209452926338,0.1794871794871795,1.194638411126524,1.1301969500595963,0.06406814588025493,1.1443577417152135,0.10649507304562132,0.3119049099340626,0.5197209978182982,0.8276486280487805,0.14129192073170732,0.022389481707317072,0.008669969512195123,0.0003505819660636657,1.9431275925111626,1.1866968155879176,0.15994115710262444,-0.5148841886820109,0.322895194680672,0.36158849362884565,1.8948688507080078,0.09144842624664307,47.445626933277715,1.6769807612403027,0.14593567422247652,0.14835042659527772,5.175953887390743,32.788434281394686,90.33737065177303
Batch_3,img_9luzk4jm,rule,2,0.03612785589571886,0.6873626168614037,0.07726542943650827,0.1992440978063692,0.0019682209411684658,0.04511718964137311,0.09649061496124287,4.644971425872101,px,33,9.053706587476913,11.920128298168688,27.868909599918855,117.45211010738748,158.23078843155727,1.748278286282926,116.01577129612846,0.12121212121212122,1.288374013194443,1.0478341239149342,0.06431227774804954,0.9166872695567854,0.1642282543480335,1.1323610922117153,0.7525277509081016,0.8185720951936537,0.15095660289314045,0.026598226784881007,0.0038730751283247784,0.0006268282490597576,2.1310587365810063,1.089558984918999,0.3299421028060583,-1.067747703134027,0.3116921678625116,0.3781196055540485,1.919039249420166,0.10837364196777344,51.41247748954076,1.628431991191988,0.09225532201627286,0.1042693095516898,13.887815715892586,32.957936863528325,96.89551960002858
Batch_3,img_9luzk4jm,rule,3,0.07102852301671699,0.6500901529692317,0.0735594455400344,0.20532187847401695,0.00193968804768066,0.08938024225497017,0.09256508207220006,9.189425544122042,px,26,7.133223371951508,13.513785895102213,92.01170924598091,173.83949184708297,152.16811216727922,1.5961358449313003,182.91171406908347,0.07692307692307693,1.1195527615270442,0.9466868874774472,0.08876818656566869,0.9153215854657835,0.1828068472829012,1.5368670918768745,0.7131016254260596,0.8263895110951827,0.1584684765403339,0.01054266344114924,0.004599348923334229,3.144258583825934e-05,1.2261684364547953,0.8527426383572594,0.22350252685763464,-0.4129557038801818,0.9729279766032073,1.144126203678263,1.8710603713989258,0.10830670595169067,48.296737425573774,1.7429316509441068,0.11220089288920684,0.11499761320169836,-6.330993298521084,53.38112656580131,104.1306186390178
Batch_3,img_9luzk4jm,learned,0,0.06033636989165182,0.6588160056363439,0.12974290765548507,0.15110471681651924,0.0,0.07107634014101441,0.1528373525282533,7.311685444222002,px,38,10.425480312852203,8.589002763507246,45.09279725032225,134.3767346257664,140.00998546797499,2.0868390383336104,110.65153867871014,0.0,1.352160662463993,1.0997643364946825,0.04700607576051162,1.5568920520539704,0.18275552321015517,0.25898868385245677,0.7743110195147181,0.22315206570433052,0.7762879542060727,0.0005599800895968143,0.0,0.0,1.9541760967030566,1.327345968710048,0.10328576642319377,-1.8383905533289988,-0.0747905285193884,-0.14662535714265595,1.908751130104065,0.12891781330108643,50.76452342476948,1.6907186526466977,0.1449055044691407,0.16339150943693947,13.75931318679529,24.008621277640607,71.64366065624493
Batch_3,img_9luzk4jm,learned,1,0.05939423569706408,0.665717673603452,0.13631644734748347,0.13857164335200042,0.0,0.06894854950930526,0.15824467153359062,7.09326421069256,px,41,11.248544548077378,11.283791670955125,43.992318738587166,118.764252519755,140.577206451951,2.083054494538296,106.6429135960101,0.07317073170731707,1.2123642189252133,1.1208652863102413,0.060521965732227956,1.120277234717839,0.11919637010635534,0.04304900773332614,0.3861592017949763,0.18418826183686898,0.8150596935418168,0.000752044621314198,0.0,0.0,1.9450538789228484,1.1790952932860124,0.2233007114584584,-0.5273157346859294,0.4047817911013793,0.08967105860209298,1.8921640515327454,0.09700089693069458,47.01426289887654,1.6994284768806645,0.1464582472531721,0.1484311966111541,4.676115608292654,26.88383136169839,65.57633778902404
Batch_3,img_9luzk4jm,learned,2,0.03783708595753647,0.6610909551825063,0.12423331566488775,0.1768386431950695,0.0,0.04596557606202468,0.1509221911814406,4.732191579032799,px,34,9.328061332551972,7.30305258679623,27.13937782161341,116.06175971876519,156.62943384931555,1.821578588998068,116.56141726342369,0.11764705882352941,1.313124903502385,1.0688026625871545,0.07590681804513426,0.9783642449721186,0.1356927821565234,0.9680473457923078,0.5901502553689869,0.19490399156775584,0.8050501810182852,4.582741395903029e-05,0.0,0.0,2.175738380344954,1.0792920209600327,0.31671390162232965,-1.0856243405197714,0.4325772300925393,-0.059866222466582165,1.9130626916885376,0.12076973915100098,53.642533227854436,1.6779679063279453,0.08793275329746336,0.10176835241630058,15.112905109334232,29.293830168294505,75.92065308195771
Batch_3,img_9luzk4jm,learned,3,0.07199397736463611,0.6369255148815501,0.10398620983309355,0.18709429792072027,0.0,0.08856374999029691,0.12791915417386523,9.105709399904761,px,26,7.133223371951508,11.109551865019018,93.78044043369871,178.01988409662573,152.65681572497078,1.8268606452942986,159.6509484134225,0.07692307692307693,1.1684120083455698,0.9552585492128556,0.0860415066331177,0.9143470732914996,0.18982358665713095,1.6211853565028744,0.7415980002548728,0.3075365298937595,0.6916222699940805,0.000841200112160015,0.0,0.0,1.2210029554503876,0.8456691860482682,0.2319244456724746,-0.42934338037485725,1.1399423638117268,0.5296438858500834,1.8683685064315796,0.114879310131073,45.72331283040879,1.8047341982298195,0.0974101468545912,0.10743419034753517,-12.473660756781397,57.466884136396196,78.620226229141
Batch_3,img_cfe5vt7s,rule,0,0.04583764353095796,0.7622453678457605,0.07847203631912979,0.11344495230415177,0.002588597282675154,0.05170309914775145,0.08851343920840357,5.32192959454964,px,29,7.986947675027073,13.694864721233447,43.54140193092842,139.89573642945504,165.2796249762593,2.009006878469341,148.05213186935484,0.06896551724137931,0.92840656697863,1.1005704293058134,0.08012433268742367,0.8674375702371817,0.18754319341736675,2.2078433467161185,0.7420864173227574,0.7245647498072318,0.2719451320969116,0.0014609796680329532,0.0020291384278235463,0.0,2.096669847946632,1.0912843937465138,0.5415175476219936,-0.47320256765040025,0.17798991535886227,-0.9527639139412897,1.9899044632911682,0.11097320914268494,56.21536911954861,1.6574462712796754,0.1710990479694812,0.17680524450870475,7.298076828889368,59.84390114941148,58.45381740137409
Batch_3,img_cfe5vt7s,rule,1,0.08089593723250611,0.687577321915854,0.09358196426033703,0.13794477659130294,0.0026177909534873217,0.09384078309117054,0.10855680902935634,9.64669677419266,px,44,12.118127506937629,9.043194826212378,27.722480605696624,184.49759957951622,202.31369613696765,2.038569222588118,105.3028449182896,0.18181818181818182,1.342455575680861,1.026329683730936,0.08213445632716981,0.934053356357336,0.1944739470010886,0.004682788121439263,0.6532179747793486,0.7913016964186717,0.20104778800310455,0.0040192926045016075,0.0036312229737221423,0.0001223353824509894,1.6381692743096505,0.80606915456407,0.04111564131652188,0.9479769934268835,0.635729120469093,-1.1639281002989255,2.0189071893692017,0.11106202006340027,53.87936675570873,1.6300938066769064,0.15241104776861736,0.15280293866154956,-2.0521884048764663,12.73291185352385,65.10608077335802
Batch_3,img_cfe5vt7s,rule,2,0.05004593871973084,0.7026296887514032,0.10360916394835033,0.1437152085805156,0.0023776316992589214,0.058445436870096054,0.12099848670276495,6.0146812582161155,px,24,6.609887731056888,9.32419850507296,37.03495702715382,186.14325676116434,220.8223903599163,1.6882781289459512,165.86512559673812,0.08333333333333333,1.011408861782318,0.9876159992693646,0.0886617351378055,1.1091364924441802,0.1625096235980935,2.6887226029609907,0.6870566003956876,0.7937375314424495,0.20088472547488942,0.0030358227079538553,0.00234192037470726,0.0,2.0997929539429907,1.218490070207252,0.7858491866474414,0.6110444765175786,-0.06135389130670661,-1.3272138262648718,1.981892704963684,0.09794485569000244,49.955475252277594,1.6869836539707381,0.1794510705356994,0.18641952057542577,-7.8576421943494745,18.050442180801593,66.14155327209406
Batch_3,img_cfe5vt7s,rule,3,0.03841749372886902,0.7456942089671941,0.09435063912106119,0.12153765818287576,0.002349815088390724,0.0437326586469277,0.10740430708263968,4.5026219693195255,px,31,8.537771652615147,10.02925341359355,58.90312181373173,127.98028560474904,127.98028560474904,1.9640136639486336,166.41721494635522,0.0,1.1690242203539039,1.0524586229314308,0.08827712240515259,0.8965943197173631,0.1670457263552986,0.12635276375708765,0.6315926963819533,0.8369354774981232,0.1546485439962069,0.005571140700936426,0.002844837804733494,0.0,1.747846823012445,0.7287956460053763,0.00018631687675689835,-0.29970173825624374,-0.01199335303607774,-1.4321491431531945,1.973690390586853,0.0933445394039154,55.82911790017533,1.6743894736446727,0.1180731223431234,0.12733493845949775,10.993858489723339,16.775275824246727,65.0770675726734
Batch_3,img_cfe5vt7s,learned,0,0.04968900478225377,0.7439032048040664,0.09666492606289749,0.10974286435078233,0.0,0.05581421680604469,0.10858090566429984,5.74436694772215,px,32,8.813183641409184,7.602323226421292,41.384246896164484,134.3271490672753,168.196639218715,2.135361763529528,141.59393160589258,0.0,1.0087137915511806,1.0877533519580296,0.08923498965876198,0.8839470184863107,0.19061467800213186,1.861632690992374,0.694766890833662,0.3083534677387412,0.6905770982691013,0.001069433992157484,0.0,0.0,2.0541914405568824,1.0452459569126158,0.5523450312204399,-0.5921069080521929,0.2762424011629359,-0.679841648636895,1.9836455583572388,0.1205451488494873,54.25615013459485,1.6926077334045673,0.18254495236693427,0.19226421807005178,9.147909271636712,57.53338100068175,43.25715571983698
Batch_3,img_cfe5vt7s,learned,1,0.08333333333333333,0.6553265780280721,0.12452312414140312,0.13681696449719136,0.0,0.09654190351967613,0.14426039324193593,9.923540220225007,px,46,12.668951484525703,7.60199880093611,27.616450924799324,183.7147373715285,202.54956087450898,1.9555205105042015,119.99768586259688,0.043478260869565216,1.1023911949223066,1.038269540533265,0.07927425362642836,0.9387758890033989,0.18274448689838568,0.10087713075552313,0.6749718443065184,0.24576037120919184,0.7492404573827542,0.004999171408053914,0.0,0.0,1.615368308941808,0.7861991456295673,0.06927111067695772,0.9832941170593016,0.6384965447137376,-0.8886399422385428,2.015403628349304,0.11429446935653687,52.53926090412806,1.6174158370942604,0.12974532423654797,0.13012244821601607,2.181617163269049,14.409555253704015,43.39674738730651
Batch_3,img_cfe5vt7s,learned,2,0.05475548372810888,0.6788652144743321,0.12589990867338452,0.14047939312417446,0.0,0.06370467827075538,0.14647689382457493,6.554849476413907,px,35,9.639419607791295,8.136857890256438,34.997949111844065,158.92838313219553,193.48001409643973,1.8153555267822785,132.8993217293527,0.11428571428571428,1.209424218476979,0.9771400263562802,0.09548699613189648,1.0913213535038273,0.1708543065696528,2.3181415387130597,0.5882344342989264,0.2381573229030856,0.760617913160286,0.0012247639366283435,0.0,0.0,2.022110844414976,1.1685632355569302,0.6849479772294708,0.4535088524579061,-0.02415617035438484,-1.01525443483848,1.976906657218933,0.10501295328140259,48.296737425573774,1.6580797940603562,0.17560166488562504,0.17958854285915002,-6.047717975222129,28.468963297168695,44.9428538509348
Batch_3,img_cfe5vt7s,learned,3,0.04079044342431844,0.7128854803901156,0.1266399406872741,0.11968413549829189,0.0,0.04633614486478369,0.14385738777859816,4.770287249125245,px,45,12.393539495731666,7.275826133574295,27.547246117573295,106.50467585934987,129.8469793694987,2.275642430918825,79.57790007331181,0.15555555555555556,1.2818291885839097,1.057627461570152,0.08987339331134857,0.9174955684404602,0.18199341436242789,0.2707806047219268,0.67349798563821,0.22361912613355317,0.775384721077219,0.0009961527892278098,0.0,0.0,1.667220389882557,0.6790270706400902,0.04720429899342759,-0.44598410000063804,-0.07287113548692103,-0.7815647334952,1.970474362373352,0.09929096698760986,49.443097858968265,1.6915222334870506,0.12223737536222698,0.1347135327309624,12.426608317084506,17.149763346769564,41.693178846043146
Batch_3,img_hawkfj64,rule,0,0.029910324696819236,0.7697589600072222,0.05065270380066805,0.14967801149529053,0.0012328849568174296,0.035175292537614505,0.05956885095931812,3.622532524944136,px,35,10.532334266197225,16.221764254001986,36.84119100528216,90.98072288850885,90.03023348733494,2.192549905077378,105.2486321273763,0.0,1.0181230221267237,1.0279965918705483,0.08694446924345338,1.1348683986487373,0.1935214316265656,,,0.8601229788203143,0.11386927806877704,0.0240036438168982,0.0020040992940104758,0.0,1.5728275219640286,0.8162304741943317,,1.9708876748288164,-0.13581674811482158,-0.7385158053017189,2.170954704284668,0.10808956623077393,62.172726282484255,1.5440765974179547,0.18261574084037485,0.18261650513955763,0.08288376488413014,26.5606921877358,54.16761467811004
Batch_3,img_hawkfj64,rule,1,0.055736511089043365,0.7486193614396196,0.046491829917847796,0.14915229755348922,0.0012009870301826608,0.06550703601688021,0.05464177641211946,6.739926331922454,px,30,9.027715085311907,7.543731088597578,37.61565924810195,160.84433500135623,175.34228037390176,2.005633901293467,138.32538906576661,0.26666666666666666,1.1406123893220648,1.0524621161711991,0.09664308746745716,1.0656154242258942,0.18516964333161154,,,0.8583714167012879,0.12825093477357707,0.011508101371001247,0.0018695471541337765,0.0,1.865420711622791,1.0988495645765732,,0.501698085120687,-0.21565650277155313,-1.3364844956404047,2.1887011528015137,0.11388087272644043,58.67571668896666,1.7305777665704387,0.14720919020502932,0.1831284574868672,18.249967577833736,18.356747184398923,59.885751588692855
Batch_3,img_hawkfj64,rule,2,0.040253979717733444,0.730937979597364,0.0659576901086335,0.16285035057626915,0.0014212632782642713,0.04808456856601815,0.07878841035654358,4.950019074632929,px,33,9.930486593843098,16.62321539910523,46.04284789176323,104.30673218735336,103.42996980984205,1.6309802020738897,140.54007076088146,0.15151515151515152,1.0875929689527792,1.1992571387883975,0.08421364970885503,1.4839684922039114,0.18557758432139632,,,0.8675133906833307,0.122747930530758,0.009089433533517287,0.0006492452523940919,0.0,1.9106377034344584,1.39567193037204,,1.2368462510675375,-0.43817182728574444,-1.3726977634239637,2.1898813247680664,0.10227370262145996,53.40456427693786,1.6204314110481066,0.14829978154412166,0.14989886981781755,-4.18823953296267,8.223192392799474,55.14248779323008
Batch_3,img_hawkfj64,rule,3,0.03008817068399988,0.7514967951611448,0.06420962354428095,0.15420541061057447,0.001476934187957028,0.03557385098161998,0.07591633281862623,3.6635329471055726,px,23,6.921248232072462,12.439909339858296,51.002239067456024,96.88264736830202,97.56402429399925,1.888801422219305,199.22192675019363,0.08695652173913043,0.91155016902464,1.1635787293028423,0.05979761699105196,1.0846976609620738,0.18262465264383884,,,0.759807571158582,0.23624076513372658,0.0032071473569669547,0.0007445163507244717,0.0,2.0488148133227857,0.9384966209994231,,-1.0887555490392273,-0.0677252807297307,-1.2004307951459419,2.219971179962158,0.12415832281112671,56.73402479192263,1.691220041484379,0.23544766809671688,0.23756331867796882,-3.826156647115459,5.600784109775368,48.700616145683796
Batch_3,img_hawkfj64,learned,0,0.030569347898047005,0.742746531852788,0.0918419548012398,0.13484216544792513,0.0,0.03533383930329189,0.10615630019554742,3.6388426362830897,px,33,9.930486593843098,14.300060513498298,37.526030118800065,92.66288387623571,92.78817705666586,2.2128005566762226,140.0874158725232,0.0,0.9644423719641386,1.0353695264051297,0.0977279546430631,1.1086699388477776,0.19242489783808536,,,0.23721920075668007,0.7545046110191534,0.00827618822416647,0.0,0.0,1.6396010582065146,0.9020784119352713,,2.026038467103919,-0.09353522124503198,-0.5110876764734592,2.1660029888153076,0.11608004570007324,63.950335555721225,1.576279159781365,0.15863236964406413,0.16027216489840693,4.10151567600702,21.459861199980313,37.298118766512395
Batch_3,img_hawkfj64,learned,1,0.056775902019198944,0.7334949294333604,0.07336342571695104,0.1363657428304896,0.0,0.06574067847340521,0.0849473317065879,6.763916624575584,px,30,9.027715085311907,7.610251070977587,33.84948131011248,161.09856764590563,176.41009311379224,2.133659013946203,140.04263874056068,0.06666666666666667,1.0691214340790174,1.0495783714945197,0.08662544973642922,1.134077146709175,0.18867100536249876,,,0.2361655031500085,0.7623446279584539,0.0014898688915375446,0.0,0.0,1.8762456479024654,1.1131471839346476,,0.5114451643462611,-0.19132252807998731,-0.898339912167314,2.1859984397888184,0.11914706230163574,48.08525548663616,1.7338738644392229,0.14863475009122998,0.18383479255392032,18.024038345164723,14.204545454545455,41.9860372015818
Batch_3,img_hawkfj64,learned,2,0.042064036592338476,0.6950862146790647,0.11420059582919563,0.14864915289940117,0.0,0.04940858018241689,0.13414046185320969,5.08610989367622,px,35,10.532334266197225,8.146822858513085,44.16563123667847,106.05045064625514,106.28349467763263,1.6585588999875864,112.12338733771327,0.0,1.3265417046213266,1.1664556357892528,0.07745249422775895,1.388961222702042,0.18788781916221214,,,0.25006889492539663,0.7489862603834495,0.0009448446911538916,0.0,0.0,1.9072697564295737,1.3933433303459124,,1.290054853445542,-0.4019269877773131,-1.3983653245767895,2.185024380683899,0.11041927337646484,48.925354818356766,1.673845749940597,0.1362411976491767,0.13656401513136243,-1.970169569660089,6.0093144373779355,37.42248925358931
Batch_3,img_hawkfj64,learned,3,0.03131443531642141,0.7285781348740634,0.10135174987210736,0.13875567993740784,0.0,0.03635952607983016,0.1176806017887485,3.744353792718555,px,28,8.42586741295778,10.418307046375144,30.555672735000513,97.25519726564664,98.12358247275371,1.8874979919941288,151.04541308831625,0.10714285714285714,0.9913034884256816,1.1577145965217885,0.07499156412410793,1.1071471156285142,0.17084341356828212,,,0.2156468863673381,0.7809870242684185,0.003366089364243444,0.0,0.0,2.033719595011129,0.9274327674715689,,-1.0875521473803271,-0.06594245487411626,-0.7375891353012062,2.215418815612793,0.1345357894897461,55.27906391541368,1.6307894697953236,0.2321790586499049,0.233818180065498,-3.3941270477155037,5.3814589519608695,34.355745108292055
Batch_3,img_hzumfsms,rule,0,0.05701859795945915,0.6619976976149793,0.06802406420340003,0.2129596402221615,0.0018129361554559832,0.07244685390156363,0.08643021079961069,7.452355742533278,px,27,7.407578117026565,13.643453138334538,52.11352942298288,146.10822188153594,229.70762550014445,1.7705383575470313,141.59466966174082,0.0,0.8841409803551527,0.9836134073550215,0.05316312983264517,0.9569555454568818,0.14445359095954957,1.4254447762845692,0.7068685564377545,0.7998868732576462,0.18787119712334854,0.007878469556785584,0.004363460062219708,0.0,1.6865363636516493,1.0113275648079474,0.40026526924329553,-0.6312637327358598,0.969863098473375,1.3294050299258737,1.876868486404419,0.08301973342895508,56.82372291084396,1.7457884741305245,0.165958461703542,0.1669060697712336,3.054158935241216,40.995438535712225,98.0635129299448
Batch_3,img_hzumfsms,rule,1,0.03779072000561878,0.6518391644690852,0.08637483003723542,0.22399528548806064,0.0020392788201429057,0.04869908558401851,0.11130709443119818,5.013184652869121,px,30,8.23064235225174,12.924190528834277,49.6494882465149,108.12030019665482,106.48097551143408,1.8182527831755717,95.66388599714558,0.26666666666666666,1.4089048593557156,0.9796752076706525,0.07263968810179028,1.1491348319580106,0.16852558521850236,0.7511514487844067,0.6770230832286377,0.6985412602832669,0.28144347383597657,0.01797981511322195,0.00203545076753456,0.0,1.925918817455578,1.0506519159914154,0.2038331319718441,1.5389598785684102,-0.10068735634993,0.4456028931639582,1.84236741065979,0.09170305728912354,50.26039451451374,1.647228150662415,0.12053198305431036,0.12053311077986952,0.12392430797128723,23.086305029620167,85.81172852886422
Batch_3,img_hzumfsms,rule,2,0.037770966463973384,0.6607834035132771,0.08337723009254534,0.21806839993020416,0.0022447705242041242,0.04830469373612975,0.10662982553090708,4.972645792598827,px,33,9.053706587476913,12.728961168859605,40.59029404780533,123.06386673392592,123.48923041015782,2.4898732397705707,122.00733383426953,0.0,1.265204846394589,1.3004379928900773,0.07258442068967741,1.368204685117091,0.19396189174285247,1.3032579945871876,0.7305452390645824,0.7889016018306636,0.18311036789297658,0.022839288857595494,0.005148741418764302,0.000548218290555694,2.3304872480621905,1.2395269305804975,0.08681614137768211,-0.009999096344914278,-1.1480581945798227,-0.465788004426941,1.876649022102356,0.1136559247970581,50.51308788471822,1.6791000475145235,0.19285132050550574,0.1990813253839479,7.185809172370019,19.90237666337382,79.02013701473946
Batch_3,img_hzumfsms,rule,3,0.04834597011289149,0.6841993066506883,0.07584262572854902,0.19161209750787123,0.0021029291210003195,0.05980541020449305,0.09381959514082103,6.1543787687475975,px,30,8.23064235225174,18.039906402607937,49.54599557129611,137.94784099821837,135.0665620979723,1.9286922380951954,115.47159386689617,0.06666666666666667,1.1479667070471975,1.0563961913749076,0.07568318902107099,0.8911637524263059,0.18278168401751868,0.9767620804560657,0.7496704035683355,0.7869875922726559,0.20421705669860216,0.003926495994974085,0.004868855033767865,4.457718539651406e-05,1.9192802973800156,0.7989279259109969,0.1549766516936155,0.9840171555822222,-0.7250190186021925,-0.7139090042284505,1.8417821526527405,0.08835223317146301,54.49031673905373,1.6629221732039627,0.13734267091970595,0.15669669564490038,14.389252868760813,9.420203499094866,90.71920553329413
Batch_3,img_hzumfsms,learned,0,0.05800517762274906,0.6344294354108572,0.1194908195415203,0.18807456742487344,0.0,0.07144150841386768,0.14716969656011353,7.349167684373498,px,29,7.956287607176682,11.953500684753152,50.92729084317687,145.25394825500533,230.10083274135928,1.7997527613851465,145.0217234308187,0.06896551724137931,0.8946713529750868,0.9827194489772842,0.06611858123493662,0.9641772578884196,0.13426161387904062,1.2478367583730587,0.6421568367963123,0.23506086680677268,0.763749553907768,0.0011895792854593758,0.0,0.0,1.6728635048110256,0.9996421294607407,0.39725719114666747,-0.6150715689483663,1.1667822558847558,0.23025392108947743,1.875532627105713,0.08487206697463989,55.59991096565828,1.6256473115767516,0.15972680192010744,0.16090018650071083,3.46189452344883,37.83865597093991,74.29375525959138
Batch_3,img_hzumfsms,learned,1,0.03981189141258674,0.6195204498539884,0.14203921297500408,0.19862844575842076,0.0,0.049679691276619926,0.17724513956504293,5.113975140716525,px,32,8.779351842401855,10.934893747939187,49.774370256947336,109.41791922263256,109.62132467367134,1.7907020031231728,102.28894202265668,0.1875,1.4643996816232796,0.9803706616450714,0.0627713863638648,1.1078395271850563,0.1978473164684002,0.7608602866623644,0.5991397090926365,0.18852324146441793,0.8086795557383792,0.002797202797202797,0.0,0.0,1.830855207959604,1.0140568294084684,0.2313926604955983,1.5313820117553343,-0.048813361987055194,0.07915779754877358,1.8371782898902893,0.09926393628120422,50.36162401186487,1.6795563326214398,0.12730932807350012,0.1278010148518244,2.5137615815509156,28.11640743982193,58.872503432088926
Batch_3,img_hzumfsms,learned,2,0.04345257887973276,0.6218952645273581,0.13868138525003046,0.19597077134287869,0.0,0.05404353141776533,0.1724830146805163,5.562433571502509,px,37,10.151125567777145,9.653281323634648,40.605975058260036,130.70413504679613,126.79588215463032,2.4088963529490743,122.02173545364006,0.05405405405405406,1.2822719017047182,1.5816967751223379,0.08108598924214952,1.6681278577528957,0.203026288235003,1.9422181514195602,0.7058889721623631,0.17920872022607995,0.8121517965280581,0.00863948324586193,0.0,0.0,2.6535406189368245,1.436442421567143,0.26881189718152576,0.05165761309495804,-1.3188302634315336,-0.24114560395865778,1.8603483438491821,0.1342964768409729,53.23744996430936,1.6422052427838136,0.18098268720200678,0.18577753267353747,6.522842306456403,36.999387552799895,55.66545318508035
Batch_3,img_hzumfsms,learned,3,0.049894702648840196,0.6521299804988647,0.12778319171141392,0.17019212514088117,0.0,0.06012801777436867,0.15399129796533734,6.187515543498847,px,35,9.60241607762703,9.534995947585742,32.23295624828558,132.53678260317508,137.57436473590636,1.900973180120405,104.48428752334698,0.05714285714285714,1.2271697569502202,1.0439343212965084,0.09930359835981524,0.8674902931980294,0.19244262116771882,0.8539485424450602,0.647826279337595,0.2760876418663304,0.7226119167717528,0.0013004413619167718,0.0,0.0,1.924399385683341,0.8016201878063273,0.14530930202993933,0.9672651944575973,-0.8969110691238408,-0.4445385902817319,1.8384072184562683,0.09193155169487,51.928987639512,1.6342615813147825,0.1310056963731615,0.14904538682869273,14.241111301874868,16.386050961718226,60.16931718216427
Batch_3,img_kbdh4tri,rule,0,0.05520358492790767,0.6953887491017657,0.13668650012347244,0.11272116584685413,0.0027948154921211233,0.06221672692169667,0.15405134762842784,6.402042205725437,px,52,14.460736874656558,12.063383307091232,36.23690354095402,127.57141139029332,129.43940346420794,1.910958970978987,81.94945651253728,0.15384615384615385,1.4155052351810167,1.0827776285363442,0.09260404657233494,0.9453668397425081,0.18041977939681167,2.017105143503863,0.7501115189709828,0.7334848890077561,0.25413212088793796,0.006525809039850228,0.005857181064455737,0.0,1.293376270744887,0.6317387834170544,0.5117104415694741,1.638980528372925,0.3537629505338019,0.1015137994847938,2.2370879650115967,0.10235333442687988,44.79537389622523,1.6552027291902665,0.1377059481875413,0.1390979095289068,4.056241031159431,11.989380834118352,70.83959355013378
Batch_3,img_kbdh4tri,rule,1,0.0508147512864494,0.6913973076332668,0.1192504666368553,0.13853747444342848,0.0025425868700958637,0.058986606821485515,0.1384279212375608,6.070272060536602,px,38,10.567461562249024,9.990923491536977,30.04004785744325,142.00643379448627,163.93761103014103,1.7747511800607831,139.32587791882253,0.13157894736842105,0.9694031821396338,1.1052884922423716,0.07092869489471834,0.9577812924890184,0.17407780201415704,0.7530889242464276,0.6747976993666485,0.7243842895095857,0.2695483593020751,0.004415882817548646,0.0016514683707905507,0.0,1.8421276511941012,0.9491468979536192,0.10642030204358559,-0.9362433253813426,0.5211802171028594,-0.16016190610165368,2.2443249225616455,0.09941351413726807,47.81985175995794,1.6492829468010524,0.15264140329383313,0.16295869926491188,-10.248734074238177,43.45280117333508,67.47576447193457
Batch_3,img_kbdh4tri,rule,2,0.04346146658568654,0.6682551229941289,0.13125120969625778,0.15703220072392673,0.0028087200468082927,0.05155768301352735,0.15570133261196234,5.306985412007874,px,29,8.064641718558466,11.254269831710943,33.94527637220416,137.06218696154022,137.6853789680002,1.8763585483669734,74.0507626032267,0.06896551724137931,1.2560874496269607,1.0346109688837255,0.08005655791435169,0.830233436632342,0.18036894762815597,0.5335465436208592,0.7409668979540295,0.7577524516300026,0.23884618782577965,0.0018111140560120153,0.0015902464882056719,0.0,1.8204340990909784,0.8602230649768295,0.23073252454947915,1.4633970090950414,0.28449708907379373,0.4657844204683611,2.300211548805237,0.12884986400604248,49.23654530566248,1.667801204260181,0.08587661981166164,0.09057558503783808,9.268273800461635,15.484531464951852,65.12670785948278
Batch_3,img_kbdh4tri,rule,3,0.041199473629177766,0.6896536764754957,0.1326842131023175,0.13646263679300902,0.0028562736238384135,0.04771012278631677,0.15365196545700932,4.911528997170426,px,26,7.230368437328279,16.948236303469734,44.58678193991577,152.13871457723087,159.49710374739897,1.9313691114546883,145.65109756938168,0.23076923076923078,1.1883715207988652,0.9865825391616388,0.07020273699744052,0.9552293149569966,0.16931031024959264,0.11304868342033213,0.6612190862901386,0.7278781200594069,0.26412111340008626,0.0035931586259761415,0.004407607914530733,0.0,1.8692665235591202,0.8859728722624182,0.009643935347632053,0.20257195395609665,-0.43891223674199104,-0.2190243424361151,2.2897675037384033,0.11534881591796875,52.36929636401631,1.6447838836368511,0.13984972042778654,0.14189719758579822,4.872522562383873,16.739677761203097,64.63017892252927
Batch_3,img_kbdh4tri,learned,0,0.0608168536551181,0.6456326906091975,0.18546200941950153,0.1080884463161829,0.0,0.06818709030500764,0.20793766899138955,7.01509218158448,px,62,17.241647812090513,9.666936947495934,28.823151211872343,118.00018917847365,131.98660330149607,1.947968869904762,74.87169638995519,0.03225806451612903,1.4429024817406273,1.0239359518644513,0.09314696989233988,0.9658834417251316,0.20480214869665472,1.3280062204445013,0.6070676260850126,0.14391518664387803,0.8529637611156523,0.0031210522404696442,0.0,0.0,1.214210116614932,0.6175071753416909,0.4107088933747294,1.5074340600294984,0.3729814376358249,0.4028375003389168,2.2277421951293945,0.1140587329864502,41.61256758288079,1.717774503652224,0.16776274162434907,0.16885777242111275,3.2643389753959773,20.302340256248456,31.10706611091465
Batch_3,img_kbdh4tri,learned,1,0.05581621960742437,0.6406887871446274,0.16756128571523918,0.13593370753270909,0.0,0.06459714965624269,0.19392179416787303,6.646496344941893,px,46,12.792190312196187,8.017756029962513,25.39831561413616,126.41701534508942,166.8323003734908,1.8817224091178788,109.68769047414926,0.13043478260869565,1.1112808506554208,1.084393665942696,0.08740834078270027,0.9194701101784514,0.1694041539390084,0.33626099474414467,0.6541215264739392,0.2015916842618158,0.7946077635211954,0.0038005522169887933,0.0,0.0,1.7175479648587029,0.8659485049201546,0.00033834636375414215,-0.7831568533664014,0.5589290322092156,-0.08157864377563231,2.236063241958618,0.11420774459838867,47.97931095770426,1.8512337225335607,0.17472096456702524,0.1864241234256318,-10.20485217186619,52.81198931802783,28.43028784906859
Batch_3,img_kbdh4tri,learned,2,0.04824185248713551,0.6226943467417735,0.16651204801854533,0.16255175275254566,0.0,0.05760577163508076,0.1988326425732471,5.928424331371947,px,43,11.957917030966,7.277085722478676,25.079480359432697,134.9373552779652,174.62920814099766,1.8779570166921673,69.2870220822666,0.16279069767441862,1.2717039024066619,0.9902134610572841,0.11351457830334029,0.8534429573252186,0.17034457927419516,0.5050702186761638,0.7323179474145095,0.31830726770929163,0.68,0.0016927322907083716,0.0,0.0,1.713817360726297,0.8805812333578678,0.2112316870381335,1.4202189482758938,0.1804103338091134,0.354246102069779,2.288957715034485,0.14442521333694458,45.078712419470456,1.7380918466819173,0.12207810777982207,0.12732564280005423,8.253351368366962,31.013114281596774,40.211256472252714
Batch_3,img_kbdh4tri,learned,3,0.04316029393116244,0.6556595430852094,0.164052332294385,0.13712783068924322,0.0,0.05001933712340952,0.19012356421858684,5.1488838437076465,px,30,8.342732812301861,9.056120025834714,40.009515543969464,147.3621805438772,161.92142756654064,1.9256908773841488,154.98537587953058,0.2,1.0663730595805583,0.973134230552752,0.08351940953471575,0.9207681821326815,0.18702880823251775,0.05302442278083196,0.7285128010731062,0.2724395206873163,0.7252091340718969,0.0023513452407867962,0.0,0.0,1.819080102139107,0.8678855204150463,0.03111293452591317,0.12135187954275495,-0.4159701394628328,-0.41110592125528755,2.2844693660736084,0.12409329414367676,50.61381198849922,1.6839639217869848,0.15929483380802448,0.1627303286237563,5.897053404491604,15.463718251053466,36.357235713391994
Batch_3,img_mgxahqnk,rule,0,0.046522223225301675,0.7785691071589781,0.05168306701573832,0.12322560259998194,0.0014922813036020582,0.05306065432939011,0.058946825054425625,5.461436875996709,px,25,7.523095904426589,16.89547996698526,34.72402408800281,164.9860355184567,186.67429683771857,1.9461023601682894,114.6941491502201,0.08,1.3457545510646294,1.0409557569296184,0.06991269717027664,1.1896044216234811,0.19504102060700876,,,0.9002033835629102,0.08158454284921882,0.014791531848017011,0.003420541739853934,0.0,2.088159334876315,0.9432573098034487,,-1.0615376164717647,0.3559031648000636,0.20066719707615194,2.185847759246826,0.10353410243988037,67.85303378451364,1.6030749273409195,0.21108614172166507,0.2120123735965256,-2.6788298482445057,14.489191322009342,51.30518234906927
Batch_3,img_mgxahqnk,rule,1,0.02711083024886401,0.7778655472299961,0.03835846047365412,0.1566651620474858,0.0011862417622099846,0.03214717218926339,0.04548425933260684,3.3109913227992864,px,26,7.824019740603653,15.053921200128904,34.6596978760095,93.63938073659344,113.13654203316712,1.7882838806838333,163.12451412634528,0.15384615384615385,1.2373924146474373,1.0561693674479897,0.038590090840076086,1.2048931218486436,0.10094788696079635,,,0.8945251005772258,0.09084018424581657,0.012535712203370067,0.002099002973587546,0.0,2.161398728621372,1.0711971365674675,,-2.650324680210346,0.19504771563686574,-0.9492706443104185,2.1710588932037354,0.10485577583312988,59.21484341173185,1.6185854047914372,0.17343071032824864,0.17382127026165273,1.920796566091071,63.26865870443547,54.22981324409799
Batch_3,img_mgxahqnk,rule,2,0.09472691161866932,0.6833709488128554,0.04664168998826397,0.17526044958021125,0.0012894586380187176,0.1148567588039809,0.05655323546024143,11.799450238329431,px,22,6.620324395895398,28.402641691185313,87.7063885798612,229.18806995896801,233.4708935813136,1.575331814108986,154.03452842068225,0.0,1.1233303118559617,1.006260181354418,0.07794821118192692,1.3022692771244884,0.17928120942394082,,,0.9282545404131429,0.055108831276861225,0.01577013725218356,0.0008664910578122833,0.0,1.7442902808505167,1.20029724078831,,-0.05699773170549361,-0.5980402545490944,0.0780147618091218,2.167998194694519,0.12474387884140015,55.577643095429956,1.6913818574993251,0.12907245031424514,0.12976747568213742,-2.9663272581353035,4.7015918700581665,51.89989915936783
Batch_3,img_mgxahqnk,rule,3,0.08163943305949264,0.711663807890223,0.044534019439679814,0.16216273961060457,0.0014697120158887785,0.09744068080900303,0.05315354370726132,10.015647532079155,px,34,10.231410430020162,15.810793156335553,45.12000662287693,189.96874125471476,208.51824191940875,1.8725602519475868,116.80006514228322,0.058823529411764705,1.1333346089730632,1.0240040913834527,0.10513733597065825,1.2292760722161842,0.20286321456344286,,,0.8360426276443454,0.1377127405757913,0.02389056783839669,0.002354063941466518,0.0,1.5257179959994716,0.9638842347462422,,1.5881266660399087,0.026551748179633454,-0.08060574745455287,2.1615506410598755,0.12853753566741943,53.642533227854436,1.6601634088277613,0.163210205760061,0.1642515016890134,3.227526017638554,5.0129747581976885,53.676007323684
Batch_3,img_mgxahqnk,learned,0,0.04804730522704703,0.7747801751376726,0.07172278896211369,0.10544973067316663,0.0,0.053711129351292436,0.08017748294468291,5.528277891781268,px,26,7.824019740603653,8.84713908904166,34.614097635953016,160.3580453417826,187.8641182890282,1.8097830946457247,119.01652161156403,0.07692307692307693,1.2326122316197536,1.0090561266606175,0.08411480694205564,1.105132094538269,0.21891894430471398,,,0.24482041074821315,0.7500226182936759,0.00515697095811092,0.0,0.0,1.994517205943823,0.8471098653700655,,-1.0435285296896917,0.38550474124927603,0.2856568807275054,2.1816859245300293,0.11168837547302246,65.13302043539127,1.6519784586113753,0.20932868667512508,0.21087220372776336,-3.468318292462051,13.152455751381009,42.09468235177141
Batch_3,img_mgxahqnk,learned,1,0.026362733592127832,0.7647479762872017,0.07004905058529687,0.1388402395353736,0.0,0.0306130578812742,0.08134268901220246,3.1531352161837396,px,27,8.124943576780716,10.922001738880791,32.56698544176895,90.50530004166916,114.0109754023764,1.899847738970712,143.76436942625233,0.0,1.17814066361859,1.055307753050909,0.046298404263641416,1.19621540573739,0.11672757258716325,,,0.17391833505750623,0.8248646017160591,0.0012170632264346132,0.0,0.0,2.217459516680177,1.0892081838620173,,-2.6776610388263222,0.26100332542744414,-1.0025040243618337,2.171698808670044,0.10522091388702393,60.8276140185429,1.6080066511380546,0.1798532090015812,0.18078176315816694,2.904825243757517,60.954729128141906,45.094426785302524
Batch_3,img_mgxahqnk,learned,2,0.0989792663476874,0.673932773614998,0.0693650507056664,0.15772290933164815,0.0,0.11751390064420103,0.08235419373762715,12.071433435417456,px,25,7.523095904426589,22.721840325237245,78.48524012468025,218.25122656050794,235.95538894594984,1.6201056136842065,145.81973906138452,0.08,1.1136548859500561,1.0081917350199465,0.06320674904915131,1.3118996214098013,0.17582427339415405,,,0.46693874864233287,0.5245696606655037,0.00849159069216338,0.0,0.0,1.7164254611277971,1.2017014727621236,,0.042485302090695745,-0.6904183621098738,-0.14663513848001067,2.16652250289917,0.12981081008911133,54.02096848940227,1.6785846417110857,0.1300465009869625,0.1309321028246261,-3.3338719322151764,5.776515727324136,41.57092553580056
Batch_3,img_mgxahqnk,learned,3,0.08222864193072733,0.6950783906593241,0.08092714633926153,0.141765821070687,0.0,0.09581142763774729,0.09429494691090246,9.848676785298748,px,34,10.231410430020162,15.072835086145632,43.167699300149245,191.46644673959173,209.20101068393944,1.8618121321054182,124.05966255825699,0.11764705882352941,1.141686423416177,1.0486992369042396,0.07309870044529355,1.2576540804740675,0.21804361036559178,,,0.41339630171611014,0.5777903418917121,0.008813356392177731,0.0,0.0,1.5607317250506694,0.9798235170235085,,1.6246510909757041,0.029949231497940255,-0.1394137988656958,2.1592347621917725,0.13382411003112793,56.14747595246934,1.6336603282226194,0.1482972061878169,0.15141007507323376,5.8191230920582235,8.197501225965585,42.70471877617904
Batch_3,img_pl8uabbv,rule,0,0.04820668499913783,0.6828331230846955,0.09632009422365817,0.1726400976925086,0.002658863769974881,0.05826567720370576,0.11641861535109836,5.996215327519134,px,50,12.604834407769419,11.63884740508448,34.31157872519563,110.29223853563596,140.40501369657184,1.9613008710844628,117.02160957083831,0.16,1.2481017856589527,1.0047123079398212,0.07675470404078301,1.1862031724967161,0.1748667185497012,1.2547302356125858,0.6419405384659227,0.7794251306521245,0.21015110202226767,0.008321972279027494,0.0021017950465803226,0.00012256779531178184,1.7693286836708901,1.0591654219507955,0.3744980182086373,-0.31939656841243635,-0.629671183200366,-1.4471140981174744,2.1020305156707764,0.14217495918273926,53.87928383854337,1.6498209848641077,0.09367365405930148,0.09367739196785312,-0.25592105601823706,22.068475026539694,55.061330214397316
Batch_3,img_pl8uabbv,rule,1,0.04444540241185944,0.7659544431032901,0.06813845755145545,0.12146169693339505,0.0026356708746645852,0.0505901703508195,0.0775588922117715,5.207552267609692,px,49,12.35273771961403,13.032524536290206,42.65512055341712,118.96671253648645,117.98983507969773,2.01657874820927,107.30453420426126,0.16326530612244897,1.2267555474306497,1.2290707635748253,0.09239899086226416,1.0086469154133173,0.19096916924345828,0.05692952148919751,0.6454745367266731,0.787431328663198,0.1895183559573293,0.011568758538499549,0.011481556840973172,0.0008597904658790562,1.6869698558331243,0.8662592955280856,0.051588569765032344,0.09971297523979246,-0.20826566253677575,-0.09787558546120044,2.1421685218811035,0.1366262435913086,64.62372402400943,1.625233877637709,0.12552326151197937,0.13515381530173978,10.880085955418874,20.30595055103997,61.35595273202174
Batch_3,img_pl8uabbv,rule,2,0.053281643428393956,0.7659463760092691,0.0706228704132268,0.11014911014911015,0.00220685440811227,0.059877046858178934,0.07936483653464786,6.161737015414031,px,49,12.35273771961403,11.787390884554977,35.485685983831225,109.35008360844232,147.48999159875308,1.7629177175029203,94.0954054600505,0.08163265306122448,1.1089580296280004,1.1325987170524912,0.07167600159880015,1.0424042894231909,0.13310879590771796,0.3629375469598572,0.49500602050147974,0.8179816301103932,0.17150059397908035,0.0049546547677686665,0.005563121142757801,0.00025704462937377505,1.942936366000535,0.973546817172423,0.11537176564204389,-0.3026777990010509,0.6561769254805769,-0.3947828984759577,2.1342897415161133,0.10991024971008301,56.079418328065515,1.6236074930230493,0.12773415896385776,0.12920455373158513,4.326118684052174,16.27601086329097,60.87606770092789
Batch_3,img_pl8uabbv,rule,3,0.05927524218928831,0.7327437295990755,0.07025430505514363,0.13772672315649254,0.0026094528190964248,0.06874298877297351,0.08147568403409301,7.0721615387675305,px,32,8.067094020972428,20.531254020054323,53.25239785472032,172.87528937607263,173.89124747357292,1.8154208952237703,190.33981963389618,0.0,0.9999361056256258,1.0463021684880056,0.08533733096300894,1.1339814851654886,0.1891541275532386,1.958069005934759,0.6864712364829114,0.809180073155731,0.17466740038196354,0.008383776259994173,0.007768750202311203,0.0008242841271547863,2.0779492560509443,1.1618846453483898,0.42699584271047647,0.9195813224318692,0.19440116730040605,0.3049009975467586,2.14546275138855,0.18606293201446533,63.43056803594868,1.6324784839707975,0.15814949746573131,0.16532907052132917,-8.473574149626703,15.736042768012453,56.918775833465794
Batch_3,img_pl8uabbv,learned,0,0.047104770375210624,0.6631731107622093,0.12047826775290088,0.1692438511096792,0.0,0.05670107941798642,0.14502242073540983,5.835482315997312,px,56,14.117414536701748,8.136481697650776,22.77813330662494,102.31636576925717,145.74448643024792,2.0147763631900784,80.66652650222358,0.19642857142857142,1.3095975861964904,1.0110665453749945,0.08587500868317355,1.1423070279832084,0.1849382621428681,1.3723324413058817,0.6862530400560554,0.16557909386114117,0.8331529302613268,0.001267975877532086,0.0,0.0,1.7746702951884525,1.072929170086074,0.4123246702176836,-0.3334448909526681,-0.7257963925177084,-0.40390832631942847,2.1002429723739624,0.1485748291015625,51.164250253233405,1.667016724903797,0.1044131562765275,0.10477341742662799,-2.3763768695564282,16.055487765718322,44.70412030578227
Batch_3,img_pl8uabbv,learned,1,0.043878941153574276,0.7374334842888302,0.1057795182533128,0.11290805630428272,0.0,0.0494638030087051,0.11924301534362304,5.091785825069613,px,49,12.35273771961403,10.52193690046656,41.76527476609214,118.14071298746346,116.95474521835295,1.9678451522039462,103.19757022364415,0.04081632653061224,1.281631802246884,1.2129881150322788,0.09037128170417227,1.01959488231426,0.19752511041214657,0.09681535050272091,0.6447170917257872,0.1653182391484911,0.8327744793429107,0.001907281508598148,0.0,0.0,1.7042011807078163,0.8897785137928947,0.06605341162887732,0.06574763403314537,-0.32481493517450716,0.49376161773772453,2.140456438064575,0.14325255155563354,59.492724332970454,1.6324232960796887,0.13401384664267724,0.14392302981451194,10.692647874795263,27.34752033828193,45.200312730646544
Batch_3,img_pl8uabbv,learned,2,0.05245829564487845,0.741148381085488,0.10576136729176562,0.10063195597786792,0.0,0.05832795149166711,0.11759520253664137,6.002612518200663,px,50,12.604834407769419,7.822438399162838,35.00903163681033,109.15031461661877,146.51124695630062,1.787622330683364,94.58501784396992,0.12,1.0789016175530588,1.1104602019924001,0.0796619705696042,1.0219572140273534,0.16866894927244505,0.6162021872502221,0.6582557446792349,0.14073146139509304,0.854716001099942,0.004552537504965016,0.0,0.0,1.9390132388137147,0.9816397447846977,0.15094130349574997,-0.3688719619143257,0.7350451419684332,0.15325896102361308,2.136568784713745,0.10990476608276367,61.078567693760064,1.6590232775275127,0.13953993572321083,0.14622878944098996,8.69834390190858,13.648071969551342,46.79692115851462
Batch_3,img_pl8uabbv,learned,3,0.05795349925328961,0.7124542318462654,0.10176941623482504,0.12782285266561996,0.0,0.06644693618769064,0.11668434164534253,6.836432712900943,px,35,8.823384085438592,10.439877161389225,45.66800164531175,170.45648383607752,174.1107702601981,1.845265509342851,151.4805727779652,0.0,1.07986566328696,1.0325305403763283,0.0897873732114298,1.140019250874419,0.1753718618972965,1.6443257420371984,0.668878312163129,0.2098727422003284,0.7893404488232074,0.0007868089764641489,0.0,0.0,2.125912539790706,1.1840596656752829,0.42152853506560717,0.9545746502620392,0.12499065595328211,0.3785245145650507,2.1462039947509766,0.18815821409225464,59.279195692240876,1.8197575345077301,0.1808486708086017,0.18827982788231895,-8.075563343157725,13.919942928233993,44.10294697844921
Batch_3,img_ptg8lmto,rule,0,0.05051678428896114,0.7302641310315205,0.09083655479037062,0.12838252988914775,0.002531652771021963,0.05795751693978371,0.10421607861854586,5.964558882918121,px,15,5.333538141197955,28.026062609111243,72.86569083969236,162.49319362600946,179.02865429762426,1.7166555390737621,249.47514935723868,0.13333333333333333,0.8854333041781222,1.0631144871777545,0.08625731953672969,1.5025418577711556,0.1621684748726724,,,0.7542791936097375,0.2205075259468565,0.015051893712981579,0.010161386730424387,0.0008771929824561404,1.7628119703905143,1.2437430460579804,,-1.673606277886199,-0.2751941802164712,-0.47138941820405345,2.2405052185058594,0.14170807600021362,53.78475848823986,1.6827583142551212,0.19345296070316562,0.19345646899926366,0.17253006374201033,48.28503656570918,65.38159470130573
Batch_3,img_ptg8lmto,rule,1,0.07371980861842872,0.6932283977482513,0.10410426427041465,0.12894752936290532,0.003037272186807529,0.08463302855281436,0.11951549163768742,8.702627686364261,px,37,13.15606074828829,14.469543518555954,41.597266031496424,115.2744000841978,224.00529113842995,1.9842669882095718,103.94716433284648,0.2702702702702703,1.263673178380038,0.9740734978282317,0.09164321192190522,1.1713276720448187,0.17957007080484905,,,0.7919186672108641,0.184742681162109,0.014433601721642982,0.008905049905383844,0.000982237865269706,1.8710076736323293,1.2850140449445406,,1.0399863155337061,0.2535071275492012,0.16248559274760632,2.232548952102661,0.12882518768310547,45.69587348290507,1.67591015322562,0.08243462601630899,0.08842880863292285,-10.60864795742957,21.80109873679032,78.82521298913127
Batch_3,img_ptg8lmto,rule,2,0.029835812361861364,0.7090185151998726,0.12083628455777146,0.1403093878804946,0.0036378285815064186,0.03470529041640145,0.1405578737911983,3.5741812642067603,px,31,11.022645491809108,11.888212206450685,34.37391885593249,99.07271900156657,99.07271900156657,1.9765265004403687,139.6577038739358,0.1935483870967742,1.04741052215121,1.3800385502365917,0.09904986303551695,1.2486669180265804,0.21553392467878202,,,0.6908563928688615,0.2714098217215356,0.022530897954719457,0.015202887454883518,0.002120229483661761,2.176065842095444,0.9944987405063892,,0.2622419870655133,-0.3424640540597046,-0.015237166072972944,2.2534220218658447,0.11486434936523438,46.90584114268031,1.6808725183927957,0.12870193315185224,0.134914080869031,8.727313215168035,32.415683470384934,65.31470313003062
Batch_3,img_ptg8lmto,rule,3,0.04437397062713875,0.7501681842360525,0.0782426489621646,0.12721519617464422,0.003212567807048235,0.05084182313057089,0.08964712563650563,5.233415682216433,px,31,11.022645491809108,14.317526556719258,52.78113416629597,101.56039361827796,101.56039361827796,2.0887285752145455,105.51363605263263,0.06451612903225806,1.044906463840956,1.2019657439305487,0.10303362197345457,1.0846770671771198,0.1853430930207583,,,0.8390717669068185,0.14711618835330176,0.0077618118855232255,0.0060502328543565655,0.00043761760973261564,1.7845839985724123,0.7852163746369255,,0.6069482387131675,-0.1563806136567217,0.35483342382492244,2.2415021657943726,0.15116262435913086,49.90423945342542,1.687831402256442,0.24513495594804438,0.24785044632001427,-4.244575190333392,73.71972082662244,74.46319901676347
Batch_3,img_ptg8lmto,learned,0,0.050810484455936444,0.7014292459941572,0.13505443053457697,0.1127058390153293,0.0,0.05726453152757112,0.152209308336596,5.8933682203566375,px,14,4.977968931784758,32.31213019338464,84.1616055314091,167.80178059843826,177.8871057870778,1.7532388831738734,287.10378257335964,0.0,0.7904776115054056,1.074730212870511,0.06713942507459801,1.504507584983824,0.18180586362808895,,,0.24043027979630371,0.7590547576815243,0.0005149625221719975,0.0,0.0,1.7748447079792542,1.2604880033513015,,-1.6916757473506026,-0.2375887179330026,-0.7544015942524904,2.237733840942383,0.14960092306137085,55.41708925865028,1.6884945089316115,0.1988034787374079,0.1988092323257759,-0.21795146956414485,54.164129909936385,34.754503232635166
Batch_3,img_ptg8lmto,learned,1,0.07381794572022676,0.6555320168738924,0.1542818355335956,0.11636820187228523,0.0,0.0835392590857822,0.17459968717795807,8.590448048859331,px,35,12.444922329461896,8.073385175076574,39.846326208130506,127.7221924499901,225.01476337329174,1.8890750189272127,81.28620079054362,0.0,1.353000223797638,0.9512602774875997,0.10512309249808614,1.1836985062633776,0.15551917972175172,,,0.23398492699010834,0.7638561783639504,0.002158894645941278,0.0,0.0,1.8583185704965515,1.3034041007438344,,1.0075096811790574,0.35377421005895543,-0.39788125629110027,2.230605959892273,0.1336875557899475,42.40063958439837,1.7131370409395146,0.08849686197124586,0.0885042097932148,-0.3691543475308273,27.263312540642083,38.749997965950556
Batch_3,img_ptg8lmto,learned,2,0.028175659723111146,0.6896367931639686,0.15583318399426538,0.12635436311865486,0.0,0.03225067296586046,0.17837115807107268,3.3216407259434133,px,31,11.022645491809108,8.593479713983122,29.054394128245264,98.67351619654481,98.67351619654481,1.9026903465068985,91.03751499937427,0.1935483870967742,1.1462731210421782,1.387716732935494,0.09485167082424358,1.3114314569731504,0.1826925316847754,,,0.06863612241287811,0.9292411109145586,0.0021227666725632407,0.0,0.0,2.268316528431805,1.0155412426484596,,0.27781702180281137,-0.34318863891421403,-0.12534645845987963,2.255603075027466,0.11212778091430664,50.23504887290889,1.693656747699214,0.14121791842486311,0.1481001754490612,8.767819936855803,14.63888643505256,43.74257873947747
Batch_3,img_ptg8lmto,learned,3,0.042935337605852955,0.7150809702203675,0.1303349604180356,0.11164873175574387,0.0,0.048331486812317685,0.14671556745298575,4.975399838165275,px,31,11.022645491809108,7.653039857325812,50.38689960894512,103.65745760928174,103.65745760928174,2.187968871453918,87.03354097382041,0.06451612903225806,1.0659728485173774,1.1966331569747837,0.11315993958249042,1.0820733437887449,0.20427195909365656,,,0.13379469434832755,0.8656926823016788,0.0005126233499935922,0.0,0.0,1.8444820072312422,0.8110725995752724,,0.5697885822586591,-0.1905932726270502,0.5356714868661672,2.2412341833114624,0.15526950359344482,51.486262206115526,1.7035074574639397,0.216652839186926,0.22088366287332833,-5.616088680649782,75.8585850220702,38.516464719594566
Batch_3,img_tuy3zymq,rule,0,0.028670635582756572,0.7044097460917078,0.10952895818177369,0.15739066014376196,0.0025581599713454936,0.03402601208722445,0.12998782828642866,3.5042983210315453,px,28,7.78655062481507,12.278000493613561,54.92755063551189,99.99000678899652,93.09641014030697,1.8723168799276717,191.48966997725364,0.07142857142857142,1.008919470756431,1.052579365686588,0.08903854495194301,1.0797537470986482,0.19718122707355945,1.2029564083696052,0.7237480341074614,0.7580575018120319,0.2266247885962793,0.012515100265764677,0.0028026093259241364,0.0,1.649430203380907,0.9159427948965635,0.2915968072708427,0.07187397463791871,0.1965067227780047,-0.21993814624848854,2.2448105812072754,0.12219905853271484,49.08125119267976,1.697277915994511,0.1728597854716538,0.17335045556983578,2.1559685927242804,54.70523191526509,76.2094860755036
Batch_3,img_tuy3zymq,rule,1,0.05906070839812856,0.6640937678673527,0.12558538175232986,0.15126014198218882,0.0028598888080570775,0.06958634950414823,0.14796687178757945,7.158738451837283,px,39,10.84555265599242,13.911592676604096,35.37788111906457,155.33252934333757,173.26775587312952,1.925231275126518,118.37773713551564,0.15384615384615385,1.0958217408481281,1.0075007655490615,0.0897340601698947,0.9612844006775133,0.18959443657506406,1.0408519016973041,0.7794146087767457,0.7533586495197371,0.23926987267447428,0.005137696652519386,0.002233781153269298,0.00010113950509068843,1.8028895605231299,0.8629331423699852,0.16386770814848403,-1.2349802453121403,0.3133402919326772,0.4134204316191982,2.17705500125885,0.17576295137405396,51.90544168639358,1.6264679470500465,0.1551611383232297,0.1562297673698269,3.352641308800625,39.17524802358049,65.61018138694261
Batch_3,img_tuy3zymq,rule,2,0.028281029960422074,0.6939813300763304,0.10629893012794416,0.17143870983530332,0.00246694609259766,0.03413269518637606,0.12829338202224563,3.5152738824737715,px,27,7.508459531071675,10.067219418285804,33.32063749403756,121.49526833498797,124.54157592532604,1.7994852101563932,112.50196811203836,0.18518518518518517,1.395441529488516,0.964266989362411,0.08151898657062281,0.9261331777288065,0.16356303762446203,1.2970811948670138,0.6336364307150337,0.8086912239008657,0.18661234651728625,0.0036779267809653143,0.0010185028008827025,0.0,2.2737293745259923,1.0910459070203102,0.3821930882998294,0.10190488272597784,-0.48585333039362927,-0.5588275937194122,2.2274301052093506,0.11932671070098877,48.821147341538634,1.6801636384420806,0.15728651696041915,0.15984170142154336,5.129251121478404,65.88198275268691,72.29761516446685
Batch_3,img_tuy3zymq,rule,3,0.04688226512982405,0.6960747998300307,0.10007135817465455,0.15697157686549068,0.0027656159272780667,0.05561172535026586,0.11870460761284164,5.723562479507727,px,39,10.84555265599242,13.584480703134616,27.80029502818709,98.90818529585188,229.9762975803244,1.7185565607891873,89.02871605168252,0.10256410256410256,1.145200904708523,1.1133246869287696,0.05392130973199703,1.0054759575395875,0.1318174492559382,0.637881497740757,0.7557725384847073,0.7879247693966378,0.20576608233837798,0.0032743680868905483,0.003034780178093679,0.000499024633670553,2.684242588857211,1.2006092335740526,0.17041141348033137,-0.013778678223192372,0.009261405470879032,-0.2135390833065071,2.265472888946533,0.09680366516113281,51.61003019737336,1.6599137576702652,0.12369175936910005,0.13050419767602078,9.2972443245617,41.52183455328438,67.86131777042851
Batch_3,img_tuy3zymq,learned,0,0.031143699679416586,0.6645089578703116,0.15868100281873132,0.14566633963154044,0.0,0.036453789806180456,0.1857365689539786,3.754050252089929,px,32,8.898914999788651,9.480325846816854,50.03150986773716,95.0884050106901,90.96583864964816,1.8535190084992204,127.67783362768351,0.125,1.0989597834297113,1.0290014592822825,0.08351252725956891,1.0315030604471895,0.17315885358092345,1.0679720145851144,0.7123926214171444,0.17016148469510725,0.8266570257893469,0.0031814895155459146,0.0,0.0,1.5754716064633327,0.8619949031608325,0.24877073434618174,-0.026518899764766683,0.25222702709010864,-0.22326602213930946,2.232922077178955,0.14949917793273926,49.725552186399895,1.7628499819781598,0.18090763231239448,0.18092987210117717,-0.4491819274131578,68.39835343911564,50.25241291513795
Batch_3,img_tuy3zymq,learned,1,0.06184467833759369,0.6167537647972271,0.18523425281372569,0.13616730405145352,0.0,0.07159335207807117,0.2144330188964728,7.364753238133795,px,46,12.792190312196187,10.79321965518293,28.184287367229025,147.09403306749874,181.3639170251023,1.9441652782628434,94.48861576196438,0.043478260869565216,1.3053743147109382,1.021275062396388,0.07833487298325141,0.9386754731939635,0.19291141549055302,1.098955676019082,0.767312684126553,0.15118315869932164,0.8484346635243161,0.0003821777763623045,0.0,0.0,1.795003309991722,0.8657724971222684,0.17096848717436627,-1.231361659627644,0.3735210448830063,0.34233099057900657,2.165738582611084,0.186548113822937,47.14943989060508,1.7325757313537296,0.18050499919729257,0.18271802146779695,4.463228768621531,49.82238410000449,38.794992542199246
Batch_3,img_tuy3zymq,learned,2,0.03132529316363102,0.6477289412738352,0.16165157188209828,0.15929419368043551,0.0,0.037260707524748346,0.19228078439207563,3.8370517101589807,px,47,13.070281405939582,8.152130224766651,17.769732893161912,95.37829048262422,123.5046952383886,1.962502236637875,69.92651597173258,0.2553191489361702,1.3400544630608167,0.980774783047341,0.08436242903268709,0.9234595032131379,0.17483689174859163,1.2033990751164083,0.6165241594102838,0.18989705748382982,0.8101029425161702,0.0,0.0,0.0,2.1343841290567096,1.0183029710868516,0.31659657926200924,-0.1598615474704355,-0.5449918666071711,-0.3342583016502812,2.216691732406616,0.14531004428863525,47.55284882580274,1.7518743746031786,0.18489313826296316,0.1867010015568217,3.9899566278702454,68.71204857782038,43.59442331412929
Batch_3,img_tuy3zymq,learned,3,0.04926550580320494,0.6450979214359289,0.16229868985723916,0.14333788290362698,0.0,0.05750867794900129,0.1894547297216142,5.918449825826525,px,57,15.851192343373535,7.329627009736578,22.56758334191025,89.71900894565326,231.919665677131,1.7104000187316188,61.667561206011094,0.08771929824561403,1.2906891425121934,1.096554615900673,0.06646374474121079,0.9654402203026764,0.1528910561455526,0.7123302987054845,0.6939606618612129,0.2158837061981129,0.7837162004467709,0.0004000933551161938,0.0,0.0,2.5164509233888377,1.1366051480750998,0.1963582741722226,0.02755344880272453,-0.008077820749012006,0.08071438703851366,2.262881278991699,0.1014561653137207,52.34509655786081,1.6847323168292054,0.1332682263339937,0.14152193466842727,9.832273764693495,47.190047190047196,36.60761396986554
Batch_3,img_ufdvpb81,rule,0,0.025559711115427625,0.7539309547874354,0.09040510124238803,0.13010423285474892,0.0023350332353338182,0.02938249854842642,0.10392636067085564,3.0265032415425916,px,29,7.956287607176682,16.6716937662487,42.40063958439837,108.01083246752542,107.85321729415607,1.8605442703921629,137.15942289564225,0.0,0.9977124233159964,1.1046533145767587,0.0753521735806838,1.3353323991457218,0.18947830036596428,3.915258849036646,0.7224369233603515,0.7303220699549795,0.26478009201998715,0.0021273437886508684,0.002770494236382526,5.656748500961647e-05,2.112189813413023,1.319118484574312,0.9466279490521194,-2.626323320070735,0.6581485725201228,0.2588240994083265,1.8081148862838745,0.1077280044555664,65.15285652927025,1.5529269293496575,0.13557551345716787,0.1360053993641719,-2.2783509539026685,57.5335701941758,59.839556916537944
Batch_3,img_ufdvpb81,rule,1,0.032083592598567426,0.7480155921288721,0.08656962190623872,0.13333119336632174,0.0018178745408673341,0.037019438513296414,0.0998877786342549,3.8122346453868774,px,22,6.035804391651276,13.7171029760967,42.96324069844725,139.41953634738027,142.97948849491584,1.9825219618468295,224.31461375699266,0.0,1.0391223170867199,1.0652863041979364,0.07460091887897864,0.9392193497104518,0.16920699530647004,1.4845594102698416,0.6600195063991885,0.736081726409962,0.24832255334582604,0.004352294021640573,0.011243426222571481,0.0007449041782352543,2.141605019916283,1.1908231484011458,0.5126679796554025,-2.023980779856741,0.3320276439234257,0.8136991325738967,1.8500346541404724,0.08029824495315552,63.630981072570435,1.5779307454234444,0.10480610813000626,0.1048340553018074,0.6615078807580698,58.83258367395803,80.36812651157878
Batch_3,img_ufdvpb81,rule,2,0.05574943290874193,0.7017294774420042,0.09705107058708623,0.1454700190621677,0.0019333778885439335,0.06523987941014997,0.1135724582542725,6.712494398145842,px,33,9.053706587476913,12.336924591474906,50.86474962979618,145.32433218969086,150.44726447083372,1.910363720274224,131.95655894708085,0.09090909090909091,1.2707951735132923,0.9612882892781351,0.07108316959676492,0.8285603259069395,0.18239032114900577,1.1483424533978535,0.7424136488835059,0.7785381026438569,0.21389320891653707,0.0028684983583894936,0.0047001900812165195,0.0,1.7166048711737951,0.9364640773319035,0.39997649041347805,-1.503807763652062,0.4566824203084845,0.37097398285777455,1.857352077960968,0.11912831664085388,58.24010771946145,1.6552175647178968,0.0999412090495676,0.10249725440808138,-6.411246527847518,61.515142567494415,77.05224719430592
Batch_3,img_ufdvpb81,rule,3,0.06458283263592357,0.6953353657532848,0.09699180996215002,0.14308999164864156,0.001855461140942617,0.07536711207303662,0.11318785988829355,7.752052931006294,px,38,10.425480312852203,13.384480870660052,54.88455695164491,147.3632024025353,149.7771929857441,1.6457520945592967,125.01822137416991,0.10526315789473684,1.1456712462249385,1.0066217926888805,0.0811859343677259,0.9763284126161798,0.1442066332643734,2.7826398131628327,0.6648792381239473,0.7571469086783891,0.23119682359614294,0.005161656267725468,0.0064946114577424845,0.0005161838829173498,1.815206785742535,0.9049814147361759,0.6967860804559385,1.9707146057063594,0.6540839168758649,0.8923882542516335,1.9041094779968262,0.12337890267372131,47.60636921283317,1.7073084570294565,0.081508004347427,0.08188114358462337,2.7360007292955597,49.0231479318094,90.97082233977618
Batch_3,img_ufdvpb81,learned,0,0.027395693069469915,0.7497854545893513,0.10603070139339288,0.1167881509477859,0.0,0.031018258075759038,0.12005126687008986,3.1948306486469433,px,45,12.34596352837761,7.783362157606949,27.384997568906428,88.64115886152096,107.711460539846,1.960356017494528,108.38302280383681,0.2222222222222222,1.236331062773166,1.1083817078139127,0.08285834717036103,1.3332761017535455,0.17212328305309052,3.384921722756147,0.6773968710834998,0.2681796194775879,0.7318203805224122,0.0,0.0,0.0,2.008450337211316,1.220783690895502,0.7791814957624841,-1.9745893787362714,0.7566638637394862,-0.03901933479656215,1.800475835800171,0.11968022584915161,61.473367963484506,1.6441546797188973,0.13170184447150607,0.13321900240036413,-4.32765833788729,50.47318611987382,46.3243325325981
Batch_3,img_ufdvpb81,learned,1,0.03344741003633554,0.7467774291643484,0.09546914112698345,0.12430601967233264,0.0,0.03819531798519408,0.10902112298552148,3.9331827650008875,px,32,8.779351842401855,10.307441742233808,26.062731785854616,108.40654053782683,143.574887181785,2.1470327328881655,124.39485468112981,0.0,1.2453619278379258,1.0822092950405287,0.06778090425838584,0.965959676601553,0.14312630005425223,1.678150789765153,0.7071338486766025,0.28578932289179637,0.7141629261770605,4.775093114315729e-05,0.0,0.0,2.084908931336687,1.1722899440409122,0.5211260454404261,-1.8977680706016924,0.3211439780282014,0.6325268180642353,1.8485205173492432,0.08260089159011841,59.75084671732608,1.635445803849269,0.119478118700927,0.12015964081641894,3.0526272994700454,49.2154241139173,65.61494169050688
Batch_3,img_ufdvpb81,learned,2,0.07346342137925813,0.6734026243677494,0.12080141215874385,0.13233254209424852,0.0,0.08466771539014885,0.13922547291368584,8.70618512813508,px,51,13.992091998827958,7.569397566060481,23.28948359361322,132.51611147701007,224.87325709986442,2.007816210666361,89.50747678736747,0.11764705882352941,1.2683115815537054,1.009828123508134,0.08103951391745765,1.223909838190075,0.18472511026290922,1.8426674484049868,0.7256995253909246,0.27875403888668443,0.7209625304687943,0.0002834306445212856,0.0,0.0,1.6709604601315329,1.422454792604608,0.5570470920904866,-1.4510015132239218,0.6252586996049531,-0.17824148472236132,1.8148839473724365,0.21499747037887573,54.72348133312703,1.7376949954845664,0.1049054945060478,0.1117030454288714,-10.045665780596835,49.66986346389412,56.793736881217164
Batch_3,img_ufdvpb81,learned,3,0.07422064047566529,0.6876644070809862,0.11072353930790174,0.12739141313544675,0.0,0.0850560510094841,0.12688797815496206,8.7460118579908,px,55,15.089510979128189,8.841700393096911,35.84269382507095,128.43146180178542,155.0074303015738,1.7887073565774336,81.15221278807273,0.09090909090909091,1.2179748070605183,1.0206066613638103,0.0838308775206242,0.983156534045331,0.18249186727148825,2.198536539420712,0.6881256972856947,0.39092872570194387,0.605737627946286,0.003333646351770119,0.0,0.0,1.7948914251913606,0.9022610083187674,0.6059843376101862,2.0692581202078566,0.7593978404744802,0.49541906320721363,1.8908425569534302,0.15883609652519226,49.725499446093096,1.7128841390602405,0.0895474787552929,0.09482537551777939,9.603090933039505,51.1592145729832,66.24432121713367
Batch_3,img_utfgcjfa,rule,0,0.04761615711422135,0.7239538985862026,0.06934281482269881,0.15908712947687723,0.0028429500824862968,0.056624364762784346,0.08246135509801557,5.827600927295052,px,51,14.135756479165558,12.666024736934256,33.88896677904354,75.85360573274154,193.27260996695887,1.8779320440175673,113.67414921758551,0.11764705882352941,1.0791340751001761,1.017305327245399,0.07562453514794819,1.523092189243603,0.14141887025920796,0.760227275844442,0.647508539693593,0.8106589266967208,0.16877663187797196,0.011332057061693324,0.009232384363613908,0.0007193751712798027,1.7307635963957442,1.4723708270162357,0.1947002664740767,-0.9883826584755596,0.4627794936440248,0.18311643388972895,2.269824981689453,0.11649560928344727,56.86851891536576,1.534515826906041,0.06450098672585601,0.06778174662642733,8.94964803266593,17.928553549911815,61.61720074749237
Batch_3,img_utfgcjfa,rule,1,0.053192020116012984,0.7132073976016887,0.08707709142674684,0.1465234908555514,0.002702424032781651,0.062323941603658575,0.10202634811125104,6.413053239274976,px,33,9.146665957107126,16.978546285150884,38.231910720705116,180.61109249356588,207.99857328971297,1.9254470128304317,112.83456708720257,0.06060606060606061,1.1908477149520376,0.999362771364522,0.07961069952983034,0.8618270086001776,0.19009251764015753,3.2198014676865445,0.7846580838134246,0.8457193162643973,0.14356980412295503,0.0038881960237693493,0.006822683588878292,0.0008343066911396629,1.7700616927399349,1.0363133897363044,0.9045318463547369,-2.409110200547388,-0.11726616074665565,0.07228939653378758,2.2695157527923584,0.10228157043457031,62.112119593010405,1.5821600405684602,0.09427439204977613,0.09697559940989087,-6.777486114005581,9.483612109843156,64.2555984643013
Batch_3,img_utfgcjfa,rule,2,0.06620356819754138,0.7301212459865538,0.0652830809962216,0.13839210481968317,0.0018853218739467476,0.07683723485807466,0.0757688983137268,7.902906680162054,px,36,9.978181044116864,15.491775226781254,35.78809204993689,177.9361227254131,188.65878785131304,1.7789601792981509,127.47963313822258,0.0,1.0745842834558639,1.1052466263875858,0.0684333249736042,1.51951703625673,0.1780654027892934,2.960107002580483,0.6986496762077009,0.7907657127484279,0.2027776843662777,0.00211857282173723,0.004338030063557184,0.00011283710083875578,1.8836137970524045,1.5188668766934743,0.7475368996058123,1.0403770397395427,0.2953303599269316,0.6034374057019943,2.2826361656188965,0.10083895921707153,57.04735117727269,1.6121131680505465,0.20860695333737367,0.20996056084948683,3.254758351107532,5.442655345943547,67.39088841174345
Batch_3,img_utfgcjfa,rule,3,0.04309714978801909,0.7268977391659127,0.07446744230393983,0.15553766874212832,0.0021331133698756495,0.05103501742206024,0.08818326116810515,5.2532707989679945,px,27,7.4836357830876485,12.153015559492998,23.26213245840639,156.9237333498137,169.5387351680916,1.878244107957862,86.60665855836064,0.25925925925925924,1.64276368739541,1.0933370623397647,0.07019033052105028,0.8865735931012865,0.18259771641446912,0.0720381815464439,0.6113153467736674,0.788171006107361,0.2035633925701428,0.003398080543692887,0.004867520778803325,0.00015163002274450342,2.4255740299028323,0.9729663339827985,0.003540604312416711,0.43628544174562983,0.16773174841502694,-0.5942477817057684,2.2869434356689453,0.1028587818145752,56.73402479192263,1.6737781501489066,0.1139846545701195,0.11532582512302937,4.373288583148008,51.83646431580369,67.26267600209567
Batch_3,img_utfgcjfa,learned,0,0.04733953976194277,0.7035576650169407,0.10387674507299594,0.14522605014812057,0.0,0.05538252513444761,0.12152539872207892,5.70001357352925,px,48,13.30424139215582,8.2514523927274,36.17350563403153,76.41779994764285,194.60860787269255,1.7579103453430536,97.0595395189512,0.041666666666666664,1.230920118379431,1.011171108292452,0.09016322628848199,1.4467237834222995,0.1554255021037628,0.8209770519892455,0.6725727614027973,0.16184669557562517,0.8364252877310815,0.001728016693293339,0.0,0.0,1.7474053272696688,1.4854778196598901,0.20056982659018963,-0.9728824840019685,0.5714595024191766,-0.08925005836474757,2.2669837474823,0.12234008312225342,57.624723276292656,1.582835140846447,0.047290338075642445,0.05689590965196305,16.890293947210978,14.051933604613717,44.50141942824185
Batch_3,img_utfgcjfa,learned,1,0.053000217302609405,0.7029744957692512,0.11120599622159544,0.1328192907065439,0.0,0.061117846297332704,0.12823854939324195,6.289182079125297,px,33,9.146665957107126,16.736396009860126,36.371635747926355,181.36302036692192,210.1392250164279,2.0026184362852093,113.52395102579467,0.0,1.1392456497052295,1.0014482834616132,0.07734891926006858,0.8599912530813506,0.18473643249838642,3.3144900588232002,0.8131306865413119,0.29118258059552204,0.708778948988228,3.8470416249903824e-05,0.0,0.0,1.7909593812263869,1.0391415190805484,0.9104314725235076,-2.455882309441885,-0.09350615182979038,-0.0795835606018206,2.2685433626174927,0.10433417558670044,59.23721959452611,1.5871463864109652,0.09508067034315479,0.09618509511822398,-4.345484955936389,8.262820445773933,50.26334237821155
Batch_3,img_utfgcjfa,learned,2,0.067395406488922,0.7096820508044631,0.09804699279797066,0.1248755499086442,0.0,0.077012368334454,0.11203777107100066,7.92087674270836,px,38,10.53252443545669,11.66464335348532,33.40863126597647,174.89193213559653,189.40307329321035,1.8364513402274127,116.40072983737537,0.0,1.1069518155085372,1.0714470026951848,0.08939033197254052,1.4968967980671983,0.1731613992702709,2.9727796227997363,0.7126856674092363,0.24554508210372047,0.7541551477200813,0.00029977017619824803,0.0,0.0,1.85449218436261,1.4822142811583885,0.7502947855873272,1.124185585714055,0.3014892793148131,0.28291300194105645,2.2825405597686768,0.10196948051452637,52.05241350020599,1.7371527747184203,0.20344923811796778,0.20535580216815855,3.9067572358775635,6.415687177673408,47.1793541896282
Batch_3,img_utfgcjfa,learned,3,0.046622496585244706,0.7313216766005003,0.07854519229063558,0.14351063452361945,0.0,0.05443441385791546,0.09170597494453261,5.602597451906177,px,32,8.869494261437213,7.017156461077891,24.707472976728646,147.2590477864594,167.25152554709786,2.187154197250817,83.08363098912872,0.125,1.7598088969249872,1.024341073665553,0.0856174546609925,0.8413539523607724,0.19221365673795526,0.013521581504905993,0.7098046198533349,0.3222439921628214,0.6767563677076253,0.0009996401295533609,0.0,0.0,2.2009236068228333,0.8694720097078881,0.027558310119794517,0.3504986457765963,0.25853156905207675,-0.5240130132182104,2.283618211746216,0.11018812656402588,54.49023657977065,1.655589244831325,0.10436799100324573,0.10570375088661346,4.559162152132751,40.78284029297061,54.136512394282384
Batch_3,img_vc2whyaq,rule,0,0.06953807491323946,0.7147830321645592,0.07168825153686935,0.14399064138533205,0.0033075378621670857,0.08123518068281071,0.08374704179973781,8.354111396761805,px,34,9.41844952375887,13.264765745646223,58.929758874784554,156.59017242449417,164.24410563032055,1.9103227714636795,115.56724889497214,0.11764705882352941,1.4317797317146546,0.9690942545711485,0.0806082514938412,1.0375917920847646,0.18850875354316768,0.6674074813937801,0.8155802491712828,0.8225431230140717,0.15320018157058557,0.005588969586926918,0.018667725828415797,0.00145366444579043,1.7054335281377708,0.8443355946307274,0.08683853140649923,-0.41483067032068593,-0.364593695046889,-0.425726453693324,2.1405346393585205,0.10288810729980469,54.86290444147051,1.6779550110704413,0.18563883827900313,0.1856829008692226,-0.6241159458618738,3.7446021957709896,65.23994495258536
Batch_3,img_vc2whyaq,rule,1,0.05229344786167954,0.7621140651801029,0.06273850838352812,0.12285397857468941,0.002640213012086641,0.059617722231363225,0.07152572872824726,6.135100014032194,px,39,10.803515630194,10.644424136677342,33.224970809398556,134.02431325975118,133.49731797926904,1.7959825999291081,91.14511899198725,0.1794871794871795,1.4242091470655305,1.0564860758701609,0.0865802854344783,1.2915950816401045,0.21410436511424444,4.219916642302216,0.8244204654800028,0.8184956332631433,0.17487659221926888,0.0030032103282819564,0.0036245641893058096,0.00030829704420208873,1.774908713182107,1.1749995808310818,0.8797141597532167,1.5706199617081615,0.02640647392348507,0.44485222488422854,2.1367602348327637,0.11517190933227539,60.91148586151154,1.5932649176168474,0.17556097467705897,0.1785470427339388,-5.246724863096702,12.607534856125778,64.63401380424348
Batch_3,img_vc2whyaq,rule,2,0.04508057760580797,0.757868560550658,0.05962598782914711,0.13742487401438697,0.0021277385527056435,0.05226278413059626,0.06912555907639471,5.379446267123396,px,23,6.371304089601589,17.240840791380954,52.12574400874137,121.56761567886576,228.18661481766296,2.369383319668286,168.60407823982268,0.0,0.9380613607784356,1.301587054750407,0.04996003272760231,1.3624631779564014,0.1467971623472608,0.18360138507514395,0.6948693685371284,0.8037696991404012,0.18033667621776503,0.003984598853868195,0.011909025787965617,0.0006265060240963856,2.934938522232154,1.601963297380306,0.03982497978628081,1.3944931924422008,0.4407026962606589,0.4940264831917542,2.145413875579834,0.11172372102737427,48.977375412337544,1.7552624254095652,0.1582967061061759,0.16127359100481617,-5.512864767707436,28.266293060010568,64.68174323438689
Batch_3,img_vc2whyaq,rule,3,0.053971593956236345,0.7200767548233542,0.07133422864006453,0.15461742258034492,0.002772902345083126,0.06384280371730962,0.08438100162626562,6.569033751709534,px,34,9.41844952375887,13.915965263483217,48.48663670032029,138.72724347065596,144.21639283815443,2.1014486219177497,92.77778684892652,0.058823529411764705,1.397358390703149,0.9434272453364297,0.08481944299834614,1.2791384900408054,0.19773118068097184,3.04299660677187,0.7149026456124355,0.7491426097958912,0.2278160689907768,0.009622748310192122,0.013418572903139879,0.0008220451052575146,1.6470566813953909,1.1142683466346306,0.6760017189492206,-2.013782040500749,0.6612813326008362,-0.44257653696310656,2.109212636947632,0.11500668525695801,55.71440403363773,1.6724057969173916,0.2081497652993638,0.20870300694762478,-2.0863957962610384,16.732192533130767,64.7757143774926
Batch_3,img_vc2whyaq,learned,0,0.06995830396993187,0.6946156386151998,0.10796784208916724,0.12745821532570106,0.0,0.08017759745001302,0.12373945177819685,8.245620452759269,px,37,10.249489187619947,7.531527494274457,57.74611993598696,159.00747364426414,165.61823423835193,1.7821738263472489,105.61883721038352,0.13513513513513514,1.5682825415078179,0.9545906865108807,0.08583400498162362,1.0524838875636164,0.18110629587973318,0.7910397951006994,0.6816777329940699,0.2705598309944168,0.7287460389316432,0.0006941300739399427,0.0,0.0,1.7063010347822123,0.8490618086798987,0.1273312068879478,-0.542538398434956,-0.33835319211362264,-0.40486665181026865,2.138486623764038,0.106803297996521,57.04735117727269,1.6437507919580365,0.18415053668704445,0.18448878624942627,1.7350326278670618,7.285830248074601,49.475218124057335
Batch_3,img_vc2whyaq,learned,1,0.05102445029496368,0.7559912419499958,0.0830053496793295,0.10997895807571104,0.0,0.05732948760924256,0.093262232879198,5.90004131361801,px,30,8.310396638610769,13.388778715897265,59.790584682066566,139.97720734841323,130.7216429283637,1.9196261545866222,119.89844568232867,0.0,1.4267391414552608,1.0436470674070635,0.1104965690439457,1.2860175641098572,0.20187712773238511,4.110706015625274,0.7047192684947509,0.2973076334710112,0.7026158788435062,7.64876854826373e-05,0.0,0.0,1.7963574817686767,1.1901089727287928,0.886122026832936,1.5258880182518206,0.06757638353612373,0.4068021647443289,2.1372625827789307,0.11581665277481079,55.3251106238689,1.630162726690083,0.1701637933573769,0.17049879392177064,-1.7961428896593636,11.726702679225822,52.88961847948759
Batch_3,img_vc2whyaq,learned,2,0.04397584887931531,0.7504880972959077,0.078916634533133,0.12661941929164394,0.0,0.05035130142651977,0.09035767027144981,5.183002331191175,px,21,5.817277647027538,17.14987856615383,54.95565667073596,122.16235387319958,227.9465564142114,2.625852941076776,168.98311089660604,0.0,0.9758790923148758,1.294412958493662,0.07053732989975464,1.3283290870605209,0.1517649789486091,0.20664369259416948,0.775560539307484,0.22798564334529722,0.7719160234033138,9.833325138895717e-05,0.0,0.0,2.9898912833783498,1.6277133445634417,0.041949189500406096,1.424392250957516,0.5376765594454243,0.5746432266941711,2.146099328994751,0.11223548650741577,51.56087828389873,1.691612186009328,0.13783897359498493,0.13803026359267936,-1.5084008740864123,26.708661417322833,50.7010520394476
Batch_3,img_vc2whyaq,learned,3,0.05364277926256864,0.70175288426166,0.10546862880671569,0.13913570766905564,0.0,0.062312701015070804,0.12251481417720378,6.411898825265868,px,34,9.41844952375887,9.41242500283835,47.49261555094874,138.40704623669137,144.73194875349014,2.1519394208227167,105.63518136247339,0.058823529411764705,1.267558394379937,0.9668264666927014,0.07529806300437135,1.2640705297794306,0.18797399308495455,2.898130693975929,0.7266456357803631,0.19497212654901822,0.8047083052231652,0.00031956822781663887,0.0,0.0,1.7125361152655787,1.159077295540811,0.6828121749653931,-1.9628850854806654,0.7890439005699419,-0.6697871057365249,2.1063597202301025,0.12326335906982422,54.95565667073596,1.6307824170417682,0.20420860787296263,0.20492836829028452,-2.401749825451734,26.130020088098448,50.14836478987938
Batch_3,img_x77cy643,rule,0,0.06316271752434677,0.7316853258652192,0.06824327470597627,0.13690868190445782,0.0026519787841697267,0.0731819637158658,0.07906842911658381,7.527802914961034,px,32,8.869494261437213,15.824206661384853,62.62757752577493,147.16959488537304,147.66685627836193,1.7640499713275943,148.4337034977985,0.125,1.0271282452784503,1.0546350209006616,0.0828471618329895,0.8337771126059317,0.16270781318109998,1.3539401727245624,0.6192232028635947,0.8310593657146322,0.15102176945000303,0.004729852646898308,0.013189012188466437,0.0013489641882126224,1.7680765848340259,0.798876919149238,0.37126587501434055,0.7505960207535133,0.7545352254888098,-0.03395989844231889,2.2258797883987427,0.13801038265228271,54.60689903609038,1.6103226267885073,0.13548796370446375,0.13562518554485073,-1.288800529423516,19.220389410355313,72.93659773917003
Batch_3,img_x77cy643,rule,1,0.08908104278644031,0.6847476850619978,0.07934455546094761,0.1468267166906143,0.003122893495112909,0.10441143027932452,0.09299934375954311,10.729841146384576,px,49,13.581413087825732,13.411937655632006,75.87038936072274,135.76494329321164,131.44527614964397,1.827096709985819,102.27877240256889,0.0,1.2754991144219845,0.9899764317100371,0.10017777591420046,0.8713709637629814,0.19114741626662005,1.020673840905671,0.7139220084318982,0.835091243931023,0.14023522517997655,0.00709442491210447,0.01757910597689603,0.0013427245530140634,1.1636553222200512,0.5808701158013194,0.16917416429638737,0.006387240259926957,0.5089315985809271,-0.05239226334146057,2.2498680353164673,0.11431962251663208,58.152594360153806,1.6418494073222352,0.08853305894731757,0.103852257182023,-15.758205931893299,14.499382376094065,71.47593060787328
Batch_3,img_x77cy643,rule,2,0.021888525978748692,0.773259417185532,0.06332347710783531,0.1415285797278839,0.0027542551398719245,0.025497093393989194,0.0737630579335573,2.626608318304158,px,22,6.097777304738084,9.969851791744722,32.858074785461284,112.45073933489633,115.43158941838009,1.643343206522004,122.27897664007794,0.09090909090909091,1.2490513294345704,1.0444177530917584,0.07018263536517273,0.9992621050526861,0.13949419096358254,1.2949456721128827,0.6396117559617042,0.7938364959337993,0.2035240405193323,0.0012840633471251249,0.0013554001997431874,0.0,1.9806364172493325,1.4095458470437996,0.4460277358768723,-0.26637145311652527,0.14741208978394904,-0.09716761733956551,2.24047589302063,0.10585212707519531,62.70376435962572,1.5561787586740512,0.1442216476581657,0.1442343717220614,0.38053040597546717,1.519545149485254,68.06888327243934
Batch_3,img_x77cy643,rule,3,0.06789736442978021,0.7151656156315966,0.07168713302467493,0.14524988691394816,0.0030502745108473917,0.07943533834074458,0.08386911206814646,8.169472432266776,px,41,11.36403952246643,14.002817212590296,42.023603469332215,142.75222910163708,142.6362320216121,1.6123521863782093,158.8496336408566,0.0975609756097561,0.9612920199489889,1.0724985349077574,0.08616862256101353,1.093829741612492,0.17765303495045878,0.7660941754220055,0.6607124491406111,0.8737421209775517,0.11489549928121198,0.0023498838880902356,0.00901249585314608,0.0005252912276364985,1.789172973145426,0.7930503424279983,0.04437422677916897,0.8395229444768851,-0.02489217978373884,-0.07432300605222597,2.2526599168777466,0.10576891899108887,60.5966935751041,1.64549735540272,0.11566218828528069,0.11807735719345512,5.804183418253136,8.899230502316657,61.63026029502842
Batch_3,img_x77cy643,learned,0,0.06320817368243663,0.713651426658152,0.08801587195998084,0.1351245276994306,0.0,0.07308355446166467,0.10176710379571588,7.517702990112635,px,35,9.701009348446952,9.903668595053809,53.11778262628365,144.92050509392442,145.7968936546782,1.813057772293637,141.58072710579077,0.05714285714285714,1.0096262130742315,1.0808253653497577,0.08274260715490668,0.8101855595720153,0.15519915515173308,1.3285046771564784,0.6280712320976151,0.31779530470146033,0.6785076098342473,0.003697085464292316,0.0,0.0,1.7729655455548414,0.7927336726045372,0.37463978332088604,0.7361022183255121,0.8059776761953908,-0.3154638758816926,2.2255810499191284,0.14037513732910156,55.232978818686306,1.5774590200458696,0.1308610731144256,0.13153553308315868,-2.9023509596804624,18.066451214004132,57.92377783897003
Batch_3,img_x77cy643,learned,1,0.08698950517091515,0.648963987635925,0.11975341697266421,0.14429309022049563,0.0,0.1016580609280464,0.1399467686938766,10.447779259997576,px,47,13.027069696485906,7.472902649588851,73.92390767541525,139.95305208634977,131.19318643027896,1.8328495248782417,106.64827112323145,0.0425531914893617,1.2255864283812057,0.9689033719436656,0.10404638790814086,0.8150201441045181,0.2044010703424053,0.7950249178140132,0.7626615278913234,0.2713079886862208,0.7272889245228391,0.0014030867909400682,0.0,0.0,1.1727911545565644,0.5845960879044112,0.15423511107301702,-0.009171881889729035,0.5864289108685893,-0.425163698838812,2.2512083053588867,0.11382263898849487,48.821147341538634,1.6986169505777124,0.08033403446330062,0.09769283131066676,-17.34152178703337,11.725458583322448,49.90221574550724
Batch_3,img_x77cy643,learned,2,0.021524322370638425,0.7452944561226119,0.09345536648750288,0.1397258550192468,0.0,0.02502030602247146,0.10863440106013386,2.577529629481433,px,18,4.989090522058432,8.464852703712403,39.248251049600796,116.76442734380248,119.28307471060361,1.6854019313032258,221.0878379067766,0.0,1.1299818124519052,1.0557695808982723,0.05157257316337597,1.0371106971293544,0.12341970852898441,1.2387402110433399,0.5668177553004334,0.30252560794432715,0.6972398154664164,0.0002345765892563922,0.0,0.0,2.0221409909725945,1.4490735260374086,0.45532162107071117,-0.27179251220268363,0.16274475116285936,0.003011957729698612,2.2405165433883667,0.1069750189781189,57.624706331978544,1.657637974084131,0.13908235301257915,0.13912507271227692,0.7099538872716897,3.090513411540492,54.02154837226894
Batch_3,img_x77cy643,learned,3,0.06699129015663527,0.6667841874656307,0.12495870141734518,0.14126582096038884,0.0,0.07801167321831397,0.14551499691918185,8.023409507886432,px,42,11.641211218136341,9.501729154202039,47.90864505817501,141.89900804347022,141.14214791098496,1.711200107263156,142.7050656230674,0.0,1.0412787244859854,1.0864357982038009,0.08736703426347253,1.1022474363545638,0.17635260956600768,0.733657553703929,0.6566023237407496,0.296990113110399,0.7028455618546819,0.0001643250349190699,0.0,0.0,1.7928697097477515,0.7952507879000911,0.02158224774983522,0.898161068951101,-0.07085933953294854,0.41111000152726296,2.2537256479263306,0.10565441846847534,53.523083823936915,1.6876597748454283,0.10444402581294929,0.111186193312733,10.02770080843414,6.950880444856349,43.77155322920165
Batch_3,img_x7u69zsw,rule,0,0.07924233525327425,0.6678385425357013,0.14096493160071458,0.11195419061030984,0.0028343044274326853,0.08923226078588622,0.1587361035998726,9.174253101302615,px,38,10.567461562249024,19.01033522372522,51.794937683951495,134.39408766467332,235.85553991687212,1.7433587414429128,116.59765067267536,0.05263157894736842,1.0804904262635324,1.1082213624810866,0.0605025483664336,1.223165655605533,0.13202475582274392,0.21288848671947258,0.6270116161306204,0.7657622916953588,0.22481751824817517,0.007244181242253133,0.002176008814212918,3.004536850644473e-05,1.76471134165618,1.0174401599516494,0.09957847731726607,1.1343728651400886,0.5724414912694781,-0.7403062019219487,2.2433035373687744,0.09628844261169434,50.20970323130403,1.6419251927638352,0.12577418408008895,0.1264276249393204,-2.913915946221317,27.864439851062116,58.2799988340669
Batch_3,img_x7u69zsw,rule,1,0.058417483698300084,0.6996274135526026,0.10848583848914221,0.13346926425995512,0.0024171677868175924,0.06741536253576705,0.12519560358870807,6.935862218679556,px,41,11.40173484347921,13.773623058786647,39.76636159571394,125.88888995188802,132.07339536360732,2.1203590441332896,114.8572244530198,0.24390243902439024,1.2903248251914745,1.2438481370954924,0.06585385035995185,1.120571574744983,0.14526049359936025,1.6880663066329664,0.5891813402702194,0.7675364714108636,0.21876489845215014,0.008263674792613546,0.005434955344372755,0.0006564048705241393,2.2002496604914556,1.0030987597783125,0.41378121961490383,-0.2923288219129688,0.12863257268351705,-0.9324710292555414,2.2123422622680664,0.21557855606079102,49.28834599938094,1.6815332866314197,0.1524096730795208,0.15312422741350648,-2.7686772945743447,49.79387430617044,66.36402192365831
Batch_3,img_x7u69zsw,rule,2,0.05591744476554696,0.6748244689016292,0.11671066067769688,0.152547425655127,0.002336799460725751,0.06598297823187828,0.13771940072035366,6.788795478728799,px,46,12.792190312196187,8.959737650330217,33.51543051165558,113.93688542741705,120.98413865575698,2.0717404418463334,113.43650440117516,0.15217391304347827,1.1971489558948551,1.1185982759501862,0.0753559585402264,0.9555082571777325,0.15147892575491276,1.4551949152325039,0.6478107158827927,0.7612508582485488,0.2134074027838462,0.014480993695774297,0.010860745271830723,0.0015250242617496188,1.6616634092883005,0.89295804079491,0.3698748028620303,-1.8568178029370481,-0.22527753591995048,-0.42705907802616916,2.2310502529144287,0.11602389812469482,45.30410738678208,1.6776054372857396,0.1391798107995188,0.1436991980590174,7.203857055084955,97.67451113011995,63.17400544211296
Batch_3,img_x7u69zsw,rule,3,0.09105230782236876,0.6689286596231755,0.1034231901275437,0.1365958424269121,0.002995319170710111,0.10545734233931009,0.11978537423105799,10.836974366795904,px,37,10.289370468505629,10.845923030595207,46.72906824687182,135.6172817015216,214.644293952208,1.8932004137686527,123.69379373202256,0.0,1.0571298570704173,1.1039646078398813,0.0704105014074705,1.0931162953716058,0.1629546922714617,2.049470593864655,0.7477069600786178,0.8552579082359647,0.1291821031632944,0.011256768310059846,0.004303220290681106,9.30896453284513e-05,1.6816659619729872,1.3207927717802104,0.584390481893804,2.7202423301371255,0.15173018353797446,-0.6128811377009372,2.2014529705047607,0.13707470893859863,48.24372304006336,1.7089227963308202,0.12481317795821865,0.12494099118871337,1.2959256836743138,16.920215381514208,58.625692703591454
Batch_3,img_x7u69zsw,learned,0,0.08274989821865969,0.6255339348999873,0.18079313804664365,0.11092302883470932,0.0,0.093073941742301,0.2033492531132402,9.568093192729108,px,64,17.797829999577303,8.510984996298419,29.76806471542848,100.3943837424164,235.99046100788908,1.8389132453866919,65.04559921433142,0.1875,1.2439323128131357,1.0943082305958545,0.07032702204140168,1.082563031485009,0.1529417093431868,0.20460969654927294,0.6586197448031201,0.19523969641656258,0.8036795081179748,0.0010807954654625804,0.0,0.0,1.6864081465351863,0.9714858609018002,0.09660932438662305,1.035197617024077,0.7420404478914474,-0.5928475860585631,2.2426204681396484,0.10070836544036865,48.45465633447048,1.684430105071512,0.14699289899972134,0.14773444010824963,-2.8715488015189434,29.371832614160315,33.235751105302114
Batch_3,img_x7u69zsw,learned,1,0.0634039351002129,0.6635078299328354,0.1398186401123043,0.13326959485464734,0.0,0.0731530066602197,0.16131733614313024,7.524831004844328,px,43,11.957917030966,10.057593598928348,45.5144014492568,122.54804373658305,131.93353560059856,2.0506882798000823,112.15944890554766,0.046511627906976744,1.2031773679708582,1.2011485225473328,0.07229669906725153,1.083104683356974,0.14905505374952904,1.8465740418339878,0.6555267290865108,0.24369723091456574,0.7558599515852866,0.0004428175001476058,0.0,0.0,2.1343190274314536,0.9369608061185916,0.45177625803218496,-0.48441374258716824,0.14423428424544818,-0.6625825010991946,2.2073750495910645,0.24557733535766602,49.62249441941389,1.7656369679240147,0.20072294062983045,0.20080706668230972,0.8292749692763474,58.158659982368185,38.96163226438921
Batch_3,img_x7u69zsw,learned,2,0.05542522352962115,0.6442636481546987,0.1461454905860603,0.1541656377296198,0.0,0.0655272781550862,0.17278263582692244,6.742004798439189,px,50,13.904554687169767,9.222291757090987,26.17114580271471,110.59322616464057,122.42783964696238,1.9742739226283774,105.22677138468548,0.14,1.179008705872728,1.09496057665036,0.08292594411234508,0.9238567531474843,0.1648704485331261,1.7982770940522217,0.6904717258754595,0.15312157721796277,0.8386480988890628,0.008230323892974496,0.0,0.0,1.6545854864554446,0.8863394445311433,0.3845812422016517,-1.9989718461603712,-0.22545842982875153,-0.3886592161812977,2.232816696166992,0.1169133186340332,45.91793774329946,1.703548764844808,0.14698297540985156,0.15406638021727317,8.720730593986902,96.03323532658324,36.413298709909114
Batch_3,img_x7u69zsw,learned,3,0.09187017372906808,0.6274872467424409,0.14446637656203767,0.1361762029664533,0.0,0.10635290905918432,0.16724056116322447,10.928702151401303,px,38,10.567461562249024,8.688831926422637,42.049910597189275,135.51493557087576,214.69470882744727,1.8695369764597298,121.60141848986078,0.05263157894736842,1.1808892712487782,1.0873340039777901,0.07861004417332054,1.092836411951653,0.16523555638747847,1.7732242246055583,0.65576880923595,0.283515244987543,0.7078834974492823,0.008601257563174754,0.0,0.0,1.684155629883536,1.328955297997804,0.5788856820497607,2.723916248812801,0.24371721838987623,-0.4610784804279353,2.198789358139038,0.14294832944869995,46.605901906478024,1.795454386298582,0.12768835909670465,0.12879468018479195,3.75760074733654,23.550066594018645,32.86638193696267
Batch_3,img_xgj4xftb,rule,0,0.06667669371837212,0.6406756241661902,0.09643356971574375,0.1962141123996939,0.002750327834811079,0.08295330229973887,0.11997420109433013,8.530347787401787,px,23,8.178091816503532,13.751223732870224,28.723844188903154,171.56887050084367,244.25434560649177,1.6405634764227317,122.09005681693743,0.08695652173913043,1.1076754810464853,1.2569374040989687,0.08111598033487362,1.4990853219479099,0.18267900750364915,,,0.7640245169333056,0.22376895906918762,0.010128817785165178,0.002077706212341575,0.00016845415239485654,2.3219056872640795,1.3775960026585339,,-0.8295264555875596,-1.0116433782787404,-0.17669166957993998,2.248337984085083,0.10441136360168457,50.4626504404032,1.6580889810956128,0.1763457610241137,0.17634580440836636,0.020095144715642506,7.145866329637747,80.59579394515912
Batch_3,img_xgj4xftb,rule,1,0.047052473481648364,0.7260285906089905,0.08068469829241443,0.1462342376169467,0.002326489337190548,0.055111689358816954,0.0945044903969974,5.6721864407993845,px,15,5.333538141197955,12.69530487648768,28.501347854812654,186.3010572899305,198.80298968608142,1.785454134191537,74.58301229600212,0.26666666666666666,1.3747218380082162,1.0135901514714738,0.07498073401254397,0.9362212477760204,0.13718509955236666,,,0.7869247512437811,0.19162002487562188,0.017879353233830844,0.0035758706467661694,0.0,2.4225427951203016,1.0549393872868378,,-1.5884572822940517,0.6740329440900349,0.5765326064829848,2.2578020095825195,0.10268497467041016,48.58579972737219,1.7208381284352687,0.1197677468686067,0.11983770233153346,-0.9789101782666841,14.962593516209477,72.72720149156879
Batch_3,img_xgj4xftb,rule,2,0.04279737675260063,0.6990234647232676,0.0964751713132451,0.16170398721088666,0.002359201704456562,0.051052821556682025,0.11508485050794934,5.255100567654385,px,22,7.822522607090335,10.645107772184812,31.900193511672228,156.71264104096565,157.12857159650991,2.017280473592672,153.5859401720976,0.0,1.1803774697468077,1.3031742365536263,0.09886637459433774,1.824908968650667,0.20822953132860716,,,0.819590481460985,0.16745987825124517,0.007249584947426674,0.00570005534034311,0.00018762899493401713,2.7162709218556675,1.783243325641255,,-1.2507641347185148,-0.5295698593476195,-0.932159456133839,2.264193058013916,0.10638487339019775,47.65476665103273,1.7846877372325212,0.13930904580650721,0.14664730621989236,9.101123589025457,24.92460307569602,69.69736429818387
Batch_3,img_xgj4xftb,rule,3,0.02690378866104014,0.7010509203553417,0.09681865116953825,0.17522663981407996,0.001995809972436275,0.032619614017328956,0.11738818909926167,3.3596012580961334,px,16,5.6891073506111525,23.475449885647468,61.09468920905509,121.52642399638503,110.28715868520237,2.437400627187321,106.43096126532183,0.0,1.610193362368777,1.462394965290661,0.0704484542606372,1.443065589118878,0.1676072804344881,,,0.7820005458515283,0.201214519650655,0.013509825327510917,0.0032751091703056767,0.0,2.6313243702601143,1.3221916556641473,,-1.1541140763300592,-0.7581708131658662,-0.3590687000734518,2.2599587440490723,0.1076817512512207,47.33816218162558,1.682815403444415,0.16008325606592924,0.16471748131870873,-6.811611472560961,39.64897441319518,68.10608481307345
Batch_3,img_xgj4xftb,learned,0,0.06844849508887808,0.6002886510842016,0.1398912384902247,0.19137161533669558,0.0,0.08464765322006174,0.17299817956362293,8.704127576189695,px,25,8.889230235329926,7.525827867258551,20.897874625046462,162.87774215769218,248.5176665681306,1.6923022476308724,101.55495682854972,0.08,1.1203488667293096,1.258245302271349,0.09056227009279866,1.5187739694044848,0.184212488152125,,,0.25198668384879724,0.7463487972508591,0.0016645189003436426,0.0,0.0,2.3497623870142132,1.4071009728130421,,-0.9030985263289554,-1.1002212161942801,-0.6066280820671459,2.24456250667572,0.10862922668457031,45.58414696133035,1.683563225222228,0.17596957239986966,0.17662662587093766,2.471807404858635,6.129742758592029,52.19615376186068
Batch_3,img_xgj4xftb,learned,1,0.04819562848991179,0.6986252272087248,0.11599698761765785,0.13718215668370554,0.0,0.05585840494984303,0.13443971808906519,5.748906911236615,px,12,4.266830512958364,24.46465523112705,48.519413836971495,197.5516058696988,200.51205725367797,1.7104024529286361,267.96665791961055,0.0,1.06051034556477,0.9977485865448681,0.10797482171844884,0.9127581174906088,0.14105387679152867,,,0.22298963986186482,0.7624568327577701,0.014553527380365071,0.0,0.0,2.4110222040335696,1.0412792305038285,,-1.5793246299553394,0.7789416303233921,0.3289907708114003,2.254840850830078,0.10541403293609619,51.48659479312215,1.698516817158764,0.13237798795005226,0.1323843238206902,0.2802813732561429,18.444059168541813,47.455018505624984
Batch_3,img_xgj4xftb,learned,2,0.056309362279511534,0.6670567260893929,0.1251109375933369,0.1515229740377586,0.0,0.06636521739130435,0.14745353588266108,6.828042272782566,px,23,8.178091816503532,8.816120695168546,53.76108040719438,163.82669113385592,158.13822402614534,1.9103916335701268,122.79020008095699,0.08695652173913043,1.1131006316002667,1.1828433112631023,0.10393010421110219,1.545338176998752,0.21663045822964624,,,0.17359175745291783,0.8264082425470821,0.0,0.0,0.0,2.1033905102040187,1.4109806814018295,,-1.7868662028480424,-0.5749127651988296,-0.3950188977363609,2.2503445148468018,0.12296199798583984,52.296448656587856,1.7667356360797082,0.13753140503028902,0.14139552005949643,6.71287985083137,25.384557096309766,48.50681627377034
Batch_3,img_xgj4xftb,learned,3,0.027287092268787567,0.6921858688262518,0.11344293398644285,0.16708410491851777,0.0,0.03276092151671344,0.13619974676476188,3.374140228924072,px,22,7.822522607090335,8.827253919913069,36.878569644641985,110.5219302828225,111.14964373566514,2.374140970738879,68.577499001809,0.09090909090909091,1.715632832675144,1.4379664892748536,0.09992479367458836,1.4429360491644156,0.1936465719916869,,,0.1845393198369747,0.8053718179995991,0.010088862163426204,0.0,0.0,2.6619546863965047,1.3354161401183462,,-1.1840169156294678,-0.844698907446274,-0.19021164233991278,2.2575165033340454,0.11052101850509644,46.960098929637084,1.7213095683828887,0.1669101296253345,0.1749871085474771,-8.738037386666239,21.891532667900236,48.7492153379723
